split,file_name,class_id,class_name,bbox_width_norm,bbox_height_norm,bbox_area_norm,bbox_width_px,bbox_height_px,bbox_area_px,image_width,image_height
train,1.png,3,Wheel Support,0.097877,0.251308,0.024597273116,107.17531500000001,158.82665599999999,17022.29688719664,1095,632
train,1.png,3,Wheel Support,0.129717,0.286042,0.037104510114000004,142.040115,180.778544,25677.805179292558,1095,632
train,12.png,7,Nut,0.041632,0.066087,0.0027513339840000003,43.130752,51.217425000000006,2209.0460557536003,1036,775
train,12.png,3,Wheel Support,0.178236,0.313043,0.055795532148,184.652496,242.608325,44798.2327616292,1036,775
train,12.png,3,Wheel Support,0.148313,0.274783,0.040753891079,153.652268,212.956825,32721.2991473291,1036,775
train,12.png,7,Nut,0.032525,0.041739,0.0013575609749999999,33.6959,32.347725,1089.9857068275,1036,775
train,12.png,7,Nut,0.023418,0.045217,0.0010588917060000002,24.261048000000002,35.043175,850.1841507474,1036,775
train,12.png,7,Nut,0.040331,0.041739,0.001683375609,41.782916,32.347725,1351.5822764661,1036,775
train,12.png,3,Wheel Support,0.132701,0.248696,0.033002207896,137.478236,192.7394,26497.4727196984,1036,775
train,13.png,7,Nut,0.040094,0.086519,0.003468892786,51.600978,72.848998,3759.0795431200436,1287,842
train,13.png,7,Nut,0.034198,0.050281,0.001719509638,44.012826,42.336602,1863.3534972572518,1287,842
train,14.png,7,Nut,0.053066,0.070321,0.0037316541859999997,64.47519,57.311614999999996,3695.1772663318498,1215,815
train,15.png,7,Nut,0.055425,0.085869,0.004759289325,75.48885,70.670187,5334.8111459149495,1362,823
train,15.png,7,Nut,0.034198,0.048789,0.001668486222,46.577676,40.153347,1870.2495868815718,1362,823
train,16.png,7,Nut,0.024764,0.051033,0.001263781212,35.065824,41.744994,1463.822612485056,1416,818
train,16.png,7,Nut,0.028302,0.065323,0.0018487715460000001,40.075632,53.434214000000004,2141.409896473248,1416,818
train,16.png,10,Washer,0.018868,0.057157,0.001078438276,26.717088,46.754426,1249.1421138314881,1416,818
train,17.png,7,Nut,0.025067,0.04,0.00100268,28.626514,32.92,942.3848408800001,1142,823
train,17.png,10,Washer,0.0376,0.048696,0.0018309696000000002,42.9392,40.076808,1720.8660740736,1142,823
train,17.png,10,Washer,0.043867,0.064348,0.0028227537160000005,50.09611400000001,52.958404,2653.0102440420565,1142,823
train,17.png,10,Washer,0.027573,0.043478,0.001198818894,31.488366,35.782394000000004,1126.729118628204,1142,823
train,18.png,7,Nut,0.036779,0.055652,0.002046824908,36.852558,45.35638,1671.4986246200401,1002,815
train,2.png,3,Wheel Support,0.162736,0.225988,0.036776383168,231.8988,196.60956,45593.521032528,1425,870
train,2.png,3,Wheel Support,0.091981,0.26655,0.02451753555,131.072925,231.8985,30395.614698112502,1425,870
train,2.png,3,Wheel Support,0.159198,0.208604,0.033209339592,226.85715000000002,181.48548000000002,41171.27875918201,1425,870
train,2.png,7,Nut,0.016509,0.028973,0.00047831525699999994,23.525325,25.206509999999998,592.9913398657499,1425,870
train,2.png,4,Wrench,0.316038,0.525374,0.166038148212,450.35415,457.07538,205845.794245827,1425,870
train,21.png,10,Washer,0.034488,0.05913,0.00203927544,38.316168,48.250080000000004,1848.75817129344,1111,816
train,21.png,7,Nut,0.042152,0.053913,0.0022725407760000003,46.830872,43.993008,2060.2309265429762,1111,816
train,21.png,7,Nut,0.035766,0.048696,0.0017416611360000001,39.736026,39.735936,1578.9481860303363,1111,816
train,21.png,7,Nut,0.034488,0.048696,0.001679427648,38.316168,39.735936,1522.528799413248,1111,816
train,21.png,7,Nut,0.025547,0.057391,0.001466167877,28.382717,46.831056,1329.1926092591518,1111,816
train,22.png,7,Nut,0.03137,0.057391,0.00180035567,36.60879,48.323222,1769.05468632138,1167,842
train,22.png,7,Nut,0.035134,0.052174,0.001833081316,41.001377999999995,43.930507999999996,1801.2113642400236,1167,842
train,22.png,10,Washer,0.03388,0.048696,0.0016498204800000002,39.53796,41.002032,1621.13670113472,1167,842
train,23.png,7,Nut,0.035377,0.049801,0.0017618099769999998,41.992498999999995,39.193387,1645.8282644041128,1187,787
train,23.png,7,Nut,0.042453,0.058694,0.002491736382,50.391710999999994,46.192178000000006,2327.702884236558,1187,787
train,23.png,7,Nut,0.022406,0.056915,0.00127523749,26.595921999999998,44.792105,1191.2873307958098,1187,787
train,23.png,7,Nut,0.028302,0.040908,0.001157778216,33.594474,32.194596,1081.5605182625038,1187,787
train,23.png,7,Nut,0.023585,0.042687,0.001006772895,27.995395,33.594669,940.496028549255,1187,787
train,24.png,7,Nut,0.041904,0.053913,0.002259170352,45.96868799999999,44.532138,2047.0839576949438,1097,826
train,24.png,7,Nut,0.037976,0.046957,0.0017832390320000001,41.659672,38.786482,1615.832118153904,1097,826
train,24.png,7,Nut,0.031428,0.038261,0.0012024667080000001,34.476516,31.603586000000004,1089.581538386376,1097,826
train,24.png,7,Nut,0.0275,0.041739,0.0011478225,30.1675,34.476414,1040.067219345,1097,826
train,24.png,7,Nut,0.0275,0.045217,0.0012434675,30.1675,37.349242,1126.7332580349998,1097,826
train,25.png,7,Nut,0.03066,0.051034,0.00156470244,41.57496,38.377568000000004,1595.54585449728,1356,752
train,25.png,10,Washer,0.023585,0.051034,0.00120363689,31.98126,38.377568000000004,1227.36298037568,1356,752
train,25.png,7,Nut,0.027123,0.044655,0.001211177565,36.778788,33.58056,1235.05229716128,1356,752
train,25.png,7,Nut,0.018868,0.040402,0.0007623049359999999,25.585008,30.382304,777.331490898432,1356,752
train,25.png,3,Wheel Support,0.102594,0.259421,0.026615038074,139.117464,195.08459200000001,27139.67370451469,1356,752
train,26.png,2,Wheel,0.133255,0.256897,0.034232809735,193.21975,213.738304,41298.461664304,1450,832
train,26.png,7,Nut,0.034198,0.049324,0.001686782152,49.5871,41.037568,2034.9339881728,1450,832
train,26.png,7,Nut,0.029481,0.05549,0.0016359006899999999,42.74745,46.16768,1973.550592416,1450,832
train,27.png,7,Nut,0.018868,0.030634,0.000578002312,24.660476,24.66037,608.13646253612,1307,805
train,27.png,7,Nut,0.022406,0.034463,0.000772177978,29.284641999999998,27.742715,812.43547688303,1307,805
train,27.png,7,Nut,0.020047,0.030634,0.000614119798,26.201428999999997,24.66037,646.13693366873,1307,805
train,27.png,7,Nut,0.018868,0.032549,0.0006141345320000001,24.660476,26.201945000000002,646.15243582582,1307,805
train,27.png,7,Nut,0.020047,0.034463,0.0006908797609999999,26.201428999999997,27.742715,726.8987773397349,1307,805
train,27.png,0,Bolt,0.089623,0.061268,0.005491021964,117.137261,49.32074,5777.2963940931395,1307,805
train,27.png,0,Bolt,0.040094,0.10339,0.004145318659999999,52.402857999999995,83.22895,4361.4348483390995,1307,805
train,27.png,0,Bolt,0.022406,0.109134,0.002445256404,29.284641999999998,87.85287,2572.7398466225395,1307,805
train,27.png,0,Bolt,0.027123,0.109134,0.002960041482,35.449761,87.85287,3114.36324466407,1307,805
train,27.png,7,Nut,0.018868,0.045951,0.000867003468,24.660476,36.990555,912.20469380418,1307,805
train,28.png,6,Flange,0.096698,0.127246,0.012304433708,128.12485,106.25041,13613.317843688501,1325,835
train,28.png,2,Wheel,0.188679,0.231474,0.04367428284600001,249.99967500000002,193.28079000000002,48320.13468374326,1325,835
train,28.png,4,Wrench,0.193396,0.377994,0.073102527624,256.2497,315.62499,80878.809000003,1325,835
train,29.png,2,Wheel,0.088443,0.182356,0.016128111708,122.93576999999999,145.88479999999998,17934.460219295997,1390,800
train,29.png,0,Bolt,0.09434,0.106545,0.0100514553,131.1326,85.236,11177.2182936,1390,800
train,31.png,7,Nut,0.029481,0.042565,0.001254858765,41.450286,34.81817,1443.22310449662,1406,818
train,31.png,7,Nut,0.024764,0.042565,0.00105407966,34.818184,34.81817,1212.30544960328,1406,818
train,31.png,7,Nut,0.024764,0.046619,0.0011544729160000002,34.818184,38.134342000000004,1327.7685364749282,1406,818
train,31.png,2,Wheel,0.084906,0.202692,0.017209766952,119.37783599999999,165.80205600000002,19793.090649630816,1406,818
train,32.png,7,Nut,0.033019,0.060432,0.001995404208,45.632258,50.521152,2305.3942425212163,1382,836
train,33.png,6,Flange,0.021226,0.036791,0.0007809257659999999,29.652721999999997,29.653546,879.3083558522119,1397,806
train,34.png,6,Flange,0.034669,0.055652,0.001929399188,41.25611,45.523336,1878.11575758296,1190,818
train,4.png,3,Wheel Support,0.180425,0.287896,0.0519436358,249.888625,254.78796,63668.612990955,1385,885
train,4.png,4,Wrench,0.22382,0.469549,0.10509445717999999,309.9907,415.550865,128816.9035269555,1385,885
train,5.png,3,Wheel Support,0.136238,0.250435,0.03411876353,189.643296,241.66977500000002,45831.0526745784,1392,965
train,5.png,4,Wrench,0.261625,0.58087,0.15197011375,364.182,560.53955,204138.4143981,1392,965
train,5.png,3,Wheel Support,0.126593,0.243478,0.030822610454,176.21745600000003,234.95627,41403.396170649125,1392,965
train,5.png,7,Nut,0.013262,0.029565,0.00039209103,18.460704,28.530225,526.6880387784,1392,965
train,6.png,3,Wheel Support,0.150943,0.290544,0.043855582992,201.056076,251.32056000000003,50529.525611722565,1332,865
train,7.png,3,Wheel Support,0.134434,0.26332,0.03539916088,162.261838,210.656,34181.429745728004,1207,800
train,7.png,3,Wheel Support,0.136792,0.21884,0.029935561280000002,165.107944,175.072,28905.777971968,1207,800
train,7.png,3,Wheel Support,0.154481,0.268657,0.041502402017,186.45856700000002,214.92559999999997,40074.7193876152,1207,800
train,7.png,3,Wheel Support,0.195755,0.291787,0.057118764185000004,236.276285,233.42960000000002,55153.87869703601,1207,800
train,8.png,3,Wheel Support,0.157014,0.238261,0.037410312653999994,148.064202,182.746187,27058.16834669777,943,767
train,8.png,3,Wheel Support,0.162672,0.26087,0.04243624464,153.399696,200.08729,30693.32945946384,943,767
train,8.png,3,Wheel Support,0.23057,0.253913,0.05854472041,217.42750999999998,194.751271,42344.28392286521,943,767
train,8.png,3,Wheel Support,0.273007,0.335652,0.091635345564,257.445601,257.445084,66278.10437487549,943,767
train,9.png,3,Wheel Support,0.191127,0.28,0.053515560000000004,187.686714,198.8,37312.1187432,982,710
train,9.png,3,Wheel Support,0.176038,0.276522,0.048678379836,172.869316,196.33061999999998,33939.539989255914,982,710
train,9.png,2,Wheel,0.25777,0.316522,0.08158987594,253.13014,224.73062000000002,56886.09330288681,982,710
train,9.png,3,Wheel Support,0.198472,0.295652,0.05867864374400001,194.899504,209.91292,40911.92399119168,982,710
train,frame_0001_3.128.jpg,1,Frame,0.504174,0.69913,0.35248316862,806.6784,838.956,676767.6837504,1600,1200
train,frame_0002_3.480.jpg,1,Frame,0.552434,0.793043,0.438103916662,883.8944,951.6516,841159.51999104,1600,1200
train,frame_0004_4.405.jpg,1,Frame,0.523739,0.673043,0.35249886777699996,837.9823999999999,807.6515999999999,676797.8261318398,1600,1200
train,frame_0005_4.479.jpg,1,Frame,0.558956,0.626087,0.34995508517199997,894.3296,751.3044,671913.76353024,1600,1200
train,frame_0006_5.290.jpg,1,Frame,0.643043,0.655652,0.42161242903600005,1028.8688,786.7824,809495.86374912,1600,1200
train,frame_0007_5.646.jpg,1,Frame,0.601304,0.645217,0.387971562968,962.0863999999999,774.2604,744905.40089856,1600,1200
train,frame_0007_5.646.jpg,3,Wheel Support,0.09913,0.137391,0.01361956983,158.608,164.8692,26149.5740736,1600,1200
train,frame_0007_5.646.jpg,3,Wheel Support,0.136957,0.173913,0.023818602741000002,219.13119999999998,208.6956,45731.71726272,1600,1200
train,frame_0009_5.748.jpg,3,Wheel Support,0.133043,0.189565,0.025220296295,212.8688,227.478,48422.9688864,1600,1200
train,frame_0009_5.748.jpg,1,Frame,0.636522,0.62087,0.39519741414000004,1018.4352,745.0440000000001,758779.0351488001,1600,1200
train,frame_0010_6.167.jpg,1,Frame,0.607826,0.586087,0.356238916862,972.5215999999999,703.3044,683978.72037504,1600,1200
train,frame_0011_6.180.jpg,1,Frame,0.575217,0.546087,0.31411852587899997,920.3471999999999,655.3044,603107.56968768,1600,1200
train,frame_0012_6.205.jpg,1,Frame,0.6,0.626087,0.37565219999999994,960.0,751.3044,721252.2239999999,1600,1200
train,frame_0013_7.009.jpg,1,Frame,0.598696,0.65913,0.39461849448,957.9136,790.956,757667.5094016,1600,1200
train,frame_0013_7.009.jpg,3,Wheel Support,0.12,0.172174,0.02066088,192.0,206.6088,39668.8896,1600,1200
train,frame_0013_7.009.jpg,3,Wheel Support,0.116087,0.210435,0.024428767845,185.73919999999998,252.52200000000002,46903.2342624,1600,1200
train,frame_0014_7.520.jpg,3,Wheel Support,0.139565,0.154782,0.02160214983,223.304,185.7384,41476.1276736,1600,1200
train,frame_0014_7.520.jpg,3,Wheel Support,0.166957,0.22087,0.03687579259,267.1312,265.04400000000004,70801.5217728,1600,1200
train,frame_0016_7.966.jpg,3,Wheel Support,0.166957,0.24,0.040069679999999996,267.1312,288.0,76933.78559999999,1600,1200
train,frame_0017_8.264.jpg,3,Wheel Support,0.168261,0.238261,0.040090034121,269.2176,285.9132,76972.86551232,1600,1200
train,frame_0018_8.437.jpg,3,Wheel Support,0.190435,0.217391,0.041398855085,304.69599999999997,260.8692,79485.80176319998,1600,1200
train,frame_0021_8.915.jpg,3,Wheel Support,0.142174,0.210435,0.02991838569,227.4784,252.52200000000002,57443.300524800004,1600,1200
train,frame_0024_10.129.jpg,2,Wheel,0.172174,0.132174,0.022756926276,275.47839999999997,158.60880000000003,43693.29844992,1600,1200
train,frame_0026_10.329.jpg,2,Wheel,0.136957,0.126957,0.017387649848999997,219.13119999999998,152.34839999999997,33384.28771007999,1600,1200
train,frame_0029_11.227.jpg,2,Wheel,0.15913,0.194783,0.03099581879,254.608,233.73960000000002,59511.972076800004,1600,1200
train,frame_0030_11.266.jpg,2,Wheel,0.143478,0.229565,0.03293752707,229.5648,275.478,63240.0519744,1600,1200
train,frame_0031_11.300.jpg,2,Wheel,0.151304,0.26087,0.039470674479999995,242.0864,313.044,75783.69500159999,1600,1200
train,frame_0034_11.826.jpg,3,Wheel Support,0.228261,0.286957,0.065501091777,365.2176,344.3484,125762.09621184,1600,1200
train,frame_0036_12.101.jpg,3,Wheel Support,0.221739,0.255652,0.056688018827999995,354.7824,306.7824,108840.99614976,1600,1200
train,frame_0037_12.339.jpg,3,Wheel Support,0.108956,0.135652,0.014780099311999998,174.3296,162.7824,28377.790679039997,1600,1200
train,frame_0037_12.339.jpg,1,Frame,0.537391,0.448696,0.24112519213599998,859.8255999999999,538.4352,462960.36890112,1600,1200
train,frame_0039_12.911.jpg,3,Wheel Support,0.136957,0.191304,0.026200421927999998,219.13119999999998,229.5648,50304.81010175999,1600,1200
train,frame_0040_13.317.jpg,3,Wheel Support,0.127826,0.182609,0.023342178034,204.52159999999998,219.1308,44816.981825279996,1600,1200
train,frame_0041_13.868.jpg,3,Wheel Support,0.147391,0.182609,0.026914923118999998,235.82559999999998,219.1308,51676.65238848,1600,1200
train,frame_0041_13.868.jpg,2,Wheel,0.087391,0.135652,0.011854763931999999,139.8256,162.7824,22761.146749440002,1600,1200
train,frame_0041_13.868.jpg,2,Wheel,0.078261,0.09913,0.00775801293,125.21759999999999,118.95599999999999,14895.384825599998,1600,1200
train,frame_0041_13.868.jpg,6,Flange,0.043043,0.057391,0.002470280813,68.8688,68.86919999999999,4742.939160959999,1600,1200
train,frame_0041_13.868.jpg,6,Flange,0.037826,0.053913,0.002039313138,60.5216,64.6956,3915.48122496,1600,1200
train,frame_0041_13.868.jpg,6,Flange,0.035217,0.067826,0.0023886282419999997,56.3472,81.3912,4586.16622464,1600,1200
train,frame_0041_13.868.jpg,5,Box,0.220435,0.375652,0.08280684862,352.69599999999997,450.7824,158989.1493504,1600,1200
train,frame_0041_13.868.jpg,5,Box,0.155217,0.208696,0.032393167032,248.3472,250.43519999999998,62194.88070143999,1600,1200
train,frame_0041_13.868.jpg,5,Box,0.114783,0.241739,0.027747527637,183.65279999999998,290.08680000000004,53275.25306304,1600,1200
train,frame_0041_13.868.jpg,5,Box,0.181304,0.215652,0.039098570208,290.08639999999997,258.7824,75069.25479935999,1600,1200
train,frame_0041_13.868.jpg,5,Box,0.224348,0.441739,0.099103261172,358.9568,530.0868,190278.26145024,1600,1200
train,frame_0041_13.868.jpg,3,Wheel Support,0.147391,0.205217,0.030247138847,235.82559999999998,246.2604,58074.50658623999,1600,1200
train,frame_0043_14.980.jpg,3,Wheel Support,0.114783,0.172174,0.019762648241999997,183.65279999999998,206.6088,37944.28462464,1600,1200
train,frame_0043_14.980.jpg,3,Wheel Support,0.157826,0.212174,0.033486573724,252.52159999999998,254.6088,64294.221550079994,1600,1200
train,frame_0043_14.980.jpg,2,Wheel,0.076957,0.128696,0.009904058072,123.13119999999999,154.4352,19015.79149824,1600,1200
train,frame_0044_15.059.jpg,2,Wheel,0.087391,0.114783,0.010031001153,139.8256,137.7396,19259.52221376,1600,1200
train,frame_0045_15.953.jpg,5,Box,0.194348,0.361739,0.070303251172,310.9568,434.0868,134982.24225024,1600,1200
train,frame_0045_15.953.jpg,3,Wheel Support,0.142174,0.16,0.02274784,227.4784,192.0,43675.8528,1600,1200
train,frame_0048_16.622.jpg,5,Box,0.242609,0.337391,0.081854093119,388.1744,404.8692,157159.85878848,1600,1200
train,frame_0050_17.404.jpg,4,Wrench,0.461739,0.194783,0.089938907637,738.7824,233.73960000000002,172682.70266304002,1600,1200
train,frame_0051_17.719.jpg,4,Wrench,0.427826,0.196522,0.08407722117199999,684.5215999999999,235.8264,161428.26465024,1600,1200
train,frame_0051_17.719.jpg,2,Wheel,0.084783,0.12,0.01017396,135.65279999999998,144.0,19534.0032,1600,1200
train,frame_0051_17.719.jpg,2,Wheel,0.079565,0.095652,0.0076105513799999995,127.304,114.7824,14612.2586496,1600,1200
train,frame_0051_17.719.jpg,2,Wheel,0.074348,0.104348,0.007758065103999999,118.9568,125.21759999999999,14895.484999679999,1600,1200
train,frame_0051_17.719.jpg,3,Wheel Support,0.078261,0.175652,0.013746701172,125.21759999999999,210.7824,26393.666250239996,1600,1200
train,frame_0051_17.719.jpg,3,Wheel Support,0.09,0.107826,0.00970434,144.0,129.3912,18632.3328,1600,1200
train,frame_0052_18.046.jpg,2,Wheel,0.104348,0.132174,0.013792092552,166.9568,158.60880000000003,26480.81769984,1600,1200
train,frame_0052_18.046.jpg,2,Wheel,0.084783,0.121739,0.010321397637,135.65279999999998,146.0868,19817.08346304,1600,1200
train,frame_0053_18.200.jpg,4,Wrench,0.341739,0.233043,0.079639881777,546.7824,279.6516,152908.57301184,1600,1200
train,frame_0055_18.542.jpg,4,Wrench,0.386087,0.257391,0.099375319017,617.7392,308.8692,190800.61251264,1600,1200
train,frame_0056_18.916.jpg,4,Wrench,0.366522,0.224,0.082100928,586.4352,268.8,157633.78176,1600,1200
train,frame_0056_18.916.jpg,5,Box,0.20087,0.316522,0.06357977414,321.392,379.82640000000004,122073.1663488,1600,1200
train,frame_0056_18.916.jpg,3,Wheel Support,0.086087,0.165217,0.014223035879,137.73919999999998,198.2604,27308.228887679998,1600,1200
train,frame_0059_19.774.jpg,3,Wheel Support,0.136957,0.210435,0.028820546295,219.13119999999998,252.52200000000002,55335.4488864,1600,1200
train,frame_0059_19.774.jpg,3,Wheel Support,0.109565,0.18087,0.01981702155,175.304,217.044,38048.681376,1600,1200
train,frame_0061_20.013.jpg,2,Wheel,0.031304,0.04,0.00125216,50.0864,48.0,2404.1472,1600,1200
train,frame_0062_20.071.jpg,5,Box,0.259565,0.422609,0.109694505085,415.304,507.1308,210613.44976319998,1600,1200
train,frame_0062_20.071.jpg,6,Flange,0.044348,0.071304,0.003162189792,70.9568,85.5648,6071.404400640001,1600,1200
train,frame_0062_20.071.jpg,6,Flange,0.054783,0.071304,0.003906247032,87.6528,85.5648,7499.9943014400005,1600,1200
train,frame_0062_20.071.jpg,6,Flange,0.036522,0.062609,0.002286605898,58.435199999999995,75.1308,4390.283324159999,1600,1200
train,frame_0062_20.071.jpg,3,Wheel Support,0.104348,0.198261,0.020688138828,166.9568,237.9132,39721.226549759995,1600,1200
train,frame_0062_20.071.jpg,3,Wheel Support,0.118696,0.212174,0.025184205104,189.9136,254.6088,48353.67379968,1600,1200
train,frame_0063_20.192.jpg,3,Wheel Support,0.076957,0.191304,0.014722181927999999,123.13119999999999,229.5648,28266.589301759996,1600,1200
train,frame_0063_20.192.jpg,3,Wheel Support,0.104348,0.177391,0.018510396068,166.9568,212.86919999999998,35539.96045055999,1600,1200
train,frame_0065_20.820.jpg,3,Wheel Support,0.14087,0.187826,0.026459048619999998,225.392,225.3912,50801.3733504,1600,1200
train,frame_0065_20.820.jpg,3,Wheel Support,0.114783,0.166957,0.019163825330999997,183.65279999999998,200.3484,36794.54463552,1600,1200
train,frame_0066_21.024.jpg,3,Wheel Support,0.103043,0.156522,0.016128496446,164.8688,187.8264,30966.71317632,1600,1200
train,frame_0067_21.157.jpg,5,Box,0.237391,0.377391,0.08958922688099999,379.8256,452.8692,172011.31561152,1600,1200
train,frame_0068_21.690.jpg,3,Wheel Support,0.134348,0.206957,0.027804259036,214.9568,248.3484,53384.17734911999,1600,1200
train,frame_0068_21.690.jpg,3,Wheel Support,0.12913,0.205217,0.02649967121,206.608,246.2604,50879.3687232,1600,1200
train,frame_0068_21.690.jpg,2,Wheel,0.108261,0.149565,0.016192056465,173.2176,179.478,31088.748412800003,1600,1200
train,frame_0069_21.714.jpg,3,Wheel Support,0.121304,0.231304,0.028058100416,194.0864,277.5648,53871.55279872,1600,1200
train,frame_0069_21.714.jpg,3,Wheel Support,0.106957,0.161739,0.017299118223,171.1312,194.08679999999998,33214.306988159995,1600,1200
train,frame_0071_21.969.jpg,3,Wheel Support,0.121304,0.166957,0.020252551927999997,194.0864,200.3484,38884.89970176,1600,1200
train,frame_0072_22.018.jpg,3,Wheel Support,0.126522,0.194783,0.024644334726,202.43519999999998,233.73960000000002,47317.12267392,1600,1200
train,frame_0073_22.050.jpg,3,Wheel Support,0.101739,0.201739,0.020524724121,162.7824,242.0868,39407.47031232,1600,1200
train,frame_0077_23.045.jpg,3,Wheel Support,0.106957,0.173913,0.018601212741,171.1312,208.6956,35714.328462720005,1600,1200
train,frame_0078_23.184.jpg,3,Wheel Support,0.108261,0.187826,0.020334230585999997,173.2176,225.3912,39041.72272512,1600,1200
train,frame_0080_23.253.jpg,10,Washer,0.036522,0.050435,0.00184198707,58.435199999999995,60.522,3536.6151743999994,1600,1200
train,frame_0081_23.703.jpg,3,Wheel Support,0.118696,0.2,0.023739200000000002,189.9136,240.0,45579.264,1600,1200
train,frame_0082_24.173.jpg,3,Wheel Support,0.104348,0.186087,0.019417806276,166.9568,223.30440000000002,37282.18804992,1600,1200
train,frame_0083_24.265.jpg,1,Frame,0.725217,0.459478,0.333221256726,1160.3472,551.3736,639784.8129139199,1600,1200
train,frame_0083_24.265.jpg,3,Wheel Support,0.113478,0.182609,0.020722104101999997,181.5648,219.1308,39786.43987584,1600,1200
train,frame_0084_25.109.jpg,3,Wheel Support,0.172174,0.196522,0.033835978828,275.47839999999997,235.8264,64965.079349759995,1600,1200
train,frame_0084_25.109.jpg,3,Wheel Support,0.143478,0.226087,0.032438510586,229.5648,271.3044,62281.94032511999,1600,1200
train,frame_0084_25.109.jpg,2,Wheel,0.118696,0.146087,0.017339942552,189.9136,175.3044,33292.68969984,1600,1200
train,frame_0084_25.109.jpg,2,Wheel,0.109565,0.137391,0.015053244915000001,175.304,164.8692,28902.230236800002,1600,1200
train,frame_0086_25.757.jpg,3,Wheel Support,0.125217,0.193043,0.024172265330999997,200.3472,231.6516,46410.749435519996,1600,1200
train,frame_0087_25.995.jpg,3,Wheel Support,0.165652,0.172174,0.028520967448,265.0432,206.6088,54760.257500160005,1600,1200
train,frame_0087_25.995.jpg,3,Wheel Support,0.146087,0.168696,0.024644292552,233.73919999999998,202.4352,47317.041699839996,1600,1200
train,frame_0087_25.995.jpg,3,Wheel Support,0.133043,0.184348,0.024526210964,212.8688,221.2176,47090.32505088,1600,1200
train,frame_0087_25.995.jpg,3,Wheel Support,0.125217,0.186087,0.023301255878999998,200.3472,223.30440000000002,44738.41128768,1600,1200
train,frame_0089_26.003.jpg,3,Wheel Support,0.142174,0.2,0.0284348,227.4784,240.0,54594.816,1600,1200
train,frame_0089_26.003.jpg,1,Frame,0.679565,0.728696,0.49519629723999997,1087.3039999999999,874.4352,950776.8907007999,1600,1200
train,frame_0090_26.021.jpg,1,Frame,0.692609,0.702609,0.48663331688100003,1108.1744,843.1308,934335.9684115201,1600,1200
train,frame_0091_26.503.jpg,1,Frame,0.667826,0.730435,0.48780348431,1068.5216,876.5219999999999,936582.6898751999,1600,1200
train,frame_0092_26.521.jpg,1,Frame,0.66913,0.746087,0.49922919430999996,1070.608,895.3044,958520.0530752,1600,1200
train,frame_0093_26.535.jpg,1,Frame,0.658696,0.751304,0.4948809395839999,1053.9135999999999,901.5648,950171.4040012799,1600,1200
train,frame_0094_26.618.jpg,1,Frame,0.670435,0.761739,0.510696486465,1072.696,914.0868,980537.2540127999,1600,1200
train,frame_0095_26.740.jpg,1,Frame,0.674348,0.723478,0.48787594234399995,1078.9568,868.1736,936721.80930048,1600,1200
train,frame_0095_26.740.jpg,3,Wheel Support,0.09913,0.203478,0.020170774139999997,158.608,244.1736,38727.8863488,1600,1200
train,frame_0095_26.740.jpg,3,Wheel Support,0.133043,0.187826,0.024988934517999998,212.8688,225.3912,47978.75427456,1600,1200
train,frame_0095_26.740.jpg,3,Wheel Support,0.126522,0.210435,0.026624657070000002,202.43519999999998,252.52200000000002,51119.3415744,1600,1200
train,frame_0095_26.740.jpg,3,Wheel Support,0.165652,0.165217,0.027368526484,265.0432,198.2604,52547.570849280004,1600,1200
train,frame_0096_26.790.jpg,1,Frame,0.656087,0.737391,0.483792649017,1049.7392,884.8692,928881.8861126399,1600,1200
train,frame_0097_26.902.jpg,1,Frame,0.607826,0.661217,0.401904884242,972.5215999999999,793.4604,771657.37774464,1600,1200
train,frame_0101_27.213.jpg,3,Wheel Support,0.12,0.184348,0.02212176,192.0,221.2176,42473.779200000004,1600,1200
train,frame_0101_27.213.jpg,3,Wheel Support,0.091304,0.165217,0.015084972968,146.0864,198.2604,28963.14809856,1600,1200
train,frame_0101_27.213.jpg,3,Wheel Support,0.088086,0.135652,0.011949042072,140.9376,162.7824,22942.16077824,1600,1200
train,frame_0102_27.304.jpg,3,Wheel Support,0.106957,0.194783,0.020833405331,171.1312,233.73960000000002,40000.138235520004,1600,1200
train,frame_0103_27.601.jpg,6,Flange,0.044348,0.053913,0.002390933724,70.9568,64.6956,4590.59275008,1600,1200
train,frame_0104_27.687.jpg,0,Bolt,0.06,0.104348,0.00626088,96.0,125.21759999999999,12020.889599999999,1600,1200
train,frame_0107_28.121.jpg,2,Wheel,0.108261,0.13913,0.01506235293,173.2176,166.95600000000002,28919.717625600002,1600,1200
train,frame_0110_28.419.jpg,2,Wheel,0.12,0.128696,0.01544352,192.0,154.4352,29651.5584,1600,1200
train,frame_0112_29.393.jpg,3,Wheel Support,0.095217,0.158261,0.015069137637000001,152.3472,189.91320000000002,28932.74426304,1600,1200
train,frame_0112_29.393.jpg,3,Wheel Support,0.113478,0.18087,0.02052476586,181.5648,217.044,39407.5504512,1600,1200
train,frame_0112_29.393.jpg,3,Wheel Support,0.155217,0.198261,0.030773477637,248.3472,237.9132,59085.07706303999,1600,1200
train,frame_0112_29.393.jpg,3,Wheel Support,0.125217,0.149565,0.018728080605,200.3472,179.478,35957.9147616,1600,1200
train,frame_0113_29.553.jpg,1,Frame,0.602609,0.561739,0.33850897705099997,964.1743999999999,674.0868,649937.2359379199,1600,1200
train,frame_0114_29.556.jpg,3,Wheel Support,0.092609,0.168696,0.015622767864000001,148.1744,202.4352,29995.71429888,1600,1200
train,frame_0115_29.585.jpg,1,Frame,0.589565,0.568696,0.33528325723999997,943.304,682.4352,643743.8539008,1600,1200
train,frame_0116_29.705.jpg,1,Frame,0.571304,0.551304,0.31496218041600005,914.0864,661.5648,604727.38639872,1600,1200
train,frame_0117_29.721.jpg,1,Frame,0.6,0.544348,0.32660880000000003,960.0,653.2176000000001,627088.8960000001,1600,1200
train,frame_0118_29.974.jpg,1,Frame,0.587652,0.511304,0.300468818208,940.2431999999999,613.5648,576900.1309593599,1600,1200
train,frame_0121_30.457.jpg,3,Wheel Support,0.121304,0.153043,0.018564728072000002,194.0864,183.6516,35644.27789824,1600,1200
train,frame_0121_30.457.jpg,5,Box,0.131739,0.196522,0.025889611758,210.7824,235.8264,49708.05457536,1600,1200
train,frame_0122_30.839.jpg,5,Box,0.146087,0.226087,0.033028371569,233.73919999999998,271.3044,63414.473412479994,1600,1200
train,frame_0125_32.084.jpg,5,Box,0.12913,0.250435,0.03233867155,206.608,300.52200000000005,62090.249376000014,1600,1200
train,frame_0125_32.084.jpg,4,Wrench,0.434348,0.144348,0.062697265104,694.9568,173.2176,120378.74899968001,1600,1200
train,frame_0127_32.609.jpg,4,Wrench,0.416782,0.187826,0.078282495932,666.8512,225.3912,150302.39218944,1600,1200
train,frame_0128_32.639.jpg,4,Wrench,0.414174,0.226087,0.093639357138,662.6784,271.3044,179787.56570496,1600,1200
train,frame_0134_33.504.jpg,3,Wheel Support,0.108261,0.182609,0.019769432949,173.2176,219.1308,37957.31126208,1600,1200
train,frame_0135_33.520.jpg,3,Wheel Support,0.134348,0.168696,0.022663970208,214.9568,202.4352,43514.82279936,1600,1200
train,frame_0136_33.661.jpg,3,Wheel Support,0.127826,0.194783,0.024898331758000002,204.52159999999998,233.73960000000002,47804.79697536,1600,1200
train,frame_0137_33.941.jpg,3,Wheel Support,0.103043,0.18087,0.01863738741,164.8688,217.044,35783.7838272,1600,1200
train,frame_0139_34.143.jpg,3,Wheel Support,0.114783,0.194783,0.022357777089,183.65279999999998,233.73960000000002,42926.93201088,1600,1200
train,frame_0140_34.208.jpg,3,Wheel Support,0.112174,0.191304,0.021459334896,179.4784,229.5648,41201.92300032,1600,1200
train,frame_0142_35.014.jpg,5,Box,0.155217,0.22087,0.03428277879,248.3472,265.04400000000004,65822.93527680001,1600,1200
train,frame_0142_35.014.jpg,10,Washer,0.022174,0.036522,0.000809838828,35.4784,43.8264,1554.89054976,1600,1200
train,frame_0149_36.733.jpg,3,Wheel Support,0.135652,0.189565,0.02571487138,217.04319999999998,227.478,49372.5530496,1600,1200
train,frame_0153_37.967.jpg,2,Wheel,0.08087,0.097391,0.00787601017,129.392,116.8692,15121.9395264,1600,1200
train,frame_0155_38.034.jpg,5,Box,0.15,0.212174,0.031826099999999996,240.0,254.6088,61106.112,1600,1200
train,frame_0156_38.172.jpg,5,Box,0.133043,0.205217,0.027302685331000002,212.8688,246.2604,52421.155835519996,1600,1200
train,frame_0157_38.255.jpg,5,Box,0.143478,0.205217,0.029444124726000002,229.5648,246.2604,56532.71947392,1600,1200
train,frame_0158_38.325.jpg,5,Box,0.142174,0.222609,0.031649211966,227.4784,267.1308,60766.48697472001,1600,1200
train,frame_0159_38.446.jpg,2,Wheel,0.116087,0.116522,0.013526689413999999,185.73919999999998,139.8264,25971.24367488,1600,1200
train,frame_0160_38.594.jpg,2,Wheel,0.121304,0.125217,0.015189322968,194.0864,150.2604,29163.50009856,1600,1200
train,frame_0169_40.042.jpg,3,Wheel Support,0.117391,0.196522,0.023069914102,187.82559999999998,235.8264,44294.23507584,1600,1200
train,frame_0169_40.042.jpg,7,Nut,0.028696,0.038261,0.001097937656,45.9136,45.9132,2108.04029952,1600,1200
train,frame_0170_40.596.jpg,7,Nut,0.024783,0.04,0.00099132,39.6528,48.0,1903.3344,1600,1200
train,frame_0172_40.857.jpg,7,Nut,0.033913,0.04,0.00135652,54.260799999999996,48.0,2604.5184,1600,1200
train,frame_0172_40.857.jpg,7,Nut,0.03,0.038261,0.00114783,48.0,45.9132,2203.8336,1600,1200
train,frame_0172_40.857.jpg,3,Wheel Support,0.113478,0.193043,0.021906133554,181.5648,231.6516,42059.77642368,1600,1200
train,frame_0172_40.857.jpg,3,Wheel Support,0.134348,0.163478,0.021962942344,214.9568,196.17360000000002,42168.849300480004,1600,1200
train,frame_0172_40.857.jpg,3,Wheel Support,0.118696,0.146087,0.017339942552,189.9136,175.3044,33292.68969984,1600,1200
train,frame_0173_40.948.jpg,3,Wheel Support,0.139565,0.154783,0.021602289394999998,223.304,185.7396,41476.3956384,1600,1200
train,frame_0174_41.245.jpg,7,Nut,0.019565,0.029565,0.000578439225,31.304,35.478,1110.603312,1600,1200
train,frame_0179_42.086.jpg,2,Wheel,0.079565,0.104348,0.00830244862,127.304,125.21759999999999,15940.701350399999,1600,1200
train,frame_0181_43.043.jpg,10,Washer,0.024783,0.034783,0.000862027089,39.6528,41.7396,1655.09201088,1600,1200
train,frame_0186_43.953.jpg,10,Washer,0.019565,0.041739,0.000816623535,31.304,50.0868,1567.9171871999997,1600,1200
train,frame_0187_43.970.jpg,10,Washer,0.026087,0.038261,0.000998114707,41.7392,45.9132,1916.38023744,1600,1200
train,frame_0190_44.902.jpg,4,Wrench,0.417391,0.198261,0.082752357051,667.8256,237.9132,158884.52553791998,1600,1200
train,frame_0191_45.266.jpg,4,Wrench,0.476087,0.187826,0.08942151686199999,761.7392,225.3912,171689.31237504,1600,1200
train,frame_0191_45.266.jpg,5,Box,0.135652,0.193043,0.026186669035999997,217.04319999999998,231.6516,50278.404549119994,1600,1200
train,frame_0192_45.464.jpg,5,Box,0.134348,0.210435,0.02827152138,214.9568,252.52200000000002,54281.3210496,1600,1200
train,frame_0193_45.676.jpg,5,Box,0.136957,0.250435,0.034298826295,219.13119999999998,300.52200000000005,65853.7464864,1600,1200
train,frame_0193_45.676.jpg,7,Nut,0.016957,0.027826,0.000471845482,27.1312,33.3912,905.94332544,1600,1200
train,frame_0195_45.990.jpg,7,Nut,0.018261,0.02087,0.00038110707,29.217599999999997,25.044,731.7255743999999,1600,1200
train,frame_0199_47.022.jpg,7,Nut,0.024783,0.031304,0.000775807032,39.6528,37.5648,1489.5495014399999,1600,1200
train,frame_0199_47.022.jpg,7,Nut,0.031304,0.031304,0.000979940416,50.0864,37.5648,1881.4855987199999,1600,1200
train,frame_0200_47.051.jpg,7,Nut,0.026087,0.038261,0.000998114707,41.7392,45.9132,1916.38023744,1600,1200
train,frame_0201_47.123.jpg,3,Wheel Support,0.122609,0.226087,0.027720300983,196.1744,271.3044,53222.97788735999,1600,1200
train,frame_0202_47.333.jpg,7,Nut,0.026087,0.038261,0.000998114707,41.7392,45.9132,1916.38023744,1600,1200
train,frame_0203_47.524.jpg,7,Nut,0.02087,0.029565,0.00061702155,33.391999999999996,35.478,1184.681376,1600,1200
train,frame_0204_47.863.jpg,7,Nut,0.028696,0.041739,0.0011977423439999998,45.9136,50.0868,2299.66530048,1600,1200
train,frame_0207_48.644.jpg,7,Nut,0.03,0.04,0.0012,48.0,48.0,2304.0,1600,1200
train,frame_0207_48.644.jpg,7,Nut,0.031304,0.029565,0.00092550276,50.0864,35.478,1776.9652992,1600,1200
train,frame_0208_48.661.jpg,3,Wheel Support,0.123913,0.217391,0.026937570983,198.2608,260.8692,51720.136287359994,1600,1200
train,frame_0208_48.661.jpg,7,Nut,0.036522,0.036522,0.0013338564839999998,58.435199999999995,43.8264,2561.00444928,1600,1200
train,frame_0209_48.996.jpg,3,Wheel Support,0.105652,0.187826,0.019844192551999998,169.04319999999998,225.3912,38100.84969983999,1600,1200
train,frame_0212_49.682.jpg,3,Wheel Support,0.114783,0.177391,0.020361471152999997,183.65279999999998,212.86919999999998,39094.02461375999,1600,1200
train,frame_0214_50.042.jpg,5,Box,0.178696,0.274783,0.049102622968,285.9136,329.7396,94277.03609855998,1600,1200
train,frame_0215_50.307.jpg,7,Nut,0.031304,0.033043,0.001034378072,50.0864,39.6516,1986.00589824,1600,1200
train,frame_0216_50.308.jpg,7,Nut,0.031304,0.031304,0.000979940416,50.0864,37.5648,1881.4855987199999,1600,1200
train,frame_0217_50.562.jpg,7,Nut,0.032609,0.046957,0.001531220813,52.1744,56.3484,2939.94396096,1600,1200
train,frame_0218_50.653.jpg,3,Wheel Support,0.12913,0.18087,0.0233557431,206.608,217.044,44843.026752000005,1600,1200
train,frame_0219_50.976.jpg,3,Wheel Support,0.130435,0.182609,0.023818604915,208.696,219.1308,45731.7214368,1600,1200
train,frame_0220_51.041.jpg,3,Wheel Support,0.106957,0.18087,0.01934531259,171.1312,217.044,37143.000172800006,1600,1200
train,frame_0221_51.094.jpg,3,Wheel Support,0.096522,0.168696,0.016282875312,154.4352,202.4352,31263.120599040005,1600,1200
train,frame_0223_51.136.jpg,7,Nut,0.032609,0.045217,0.001474481153,52.1744,54.2604,2831.00381376,1600,1200
train,frame_0224_51.800.jpg,7,Nut,0.033913,0.050435,0.001710402155,54.260799999999996,60.522,3283.9721375999998,1600,1200
train,frame_0225_51.858.jpg,7,Nut,0.027391,0.043478,0.001190905898,43.825599999999994,52.1736,2286.5393241599995,1600,1200
train,frame_0226_51.889.jpg,1,Frame,0.639826,0.546434,0.34962268048399997,1023.7216,655.7207999999999,671275.5465292799,1600,1200
train,frame_0227_51.989.jpg,1,Frame,0.618956,0.532522,0.329607687032,990.3295999999999,639.0264000000001,632846.7591014401,1600,1200
train,frame_0229_52.525.jpg,1,Frame,0.611739,0.536,0.327892104,978.7824,643.2,629552.8396800001,1600,1200
train,frame_0230_52.574.jpg,7,Nut,0.026087,0.031304,0.0008166274479999999,41.7392,37.5648,1567.9247001599997,1600,1200
train,frame_0231_52.851.jpg,7,Nut,0.035217,0.05913,0.00208238121,56.3472,70.956,3998.1719232,1600,1200
train,frame_0231_52.851.jpg,7,Nut,0.022174,0.052174,0.0011569062759999998,35.4784,62.608799999999995,2221.26004992,1600,1200
train,frame_0232_52.938.jpg,7,Nut,0.03,0.041739,0.00125217,48.0,50.0868,2404.1664,1600,1200
train,frame_0233_52.973.jpg,7,Nut,0.032609,0.048696,0.001587927864,52.1744,58.4352,3048.82149888,1600,1200
train,frame_0234_53.392.jpg,7,Nut,0.03,0.034783,0.00104349,48.0,41.7396,2003.5008000000003,1600,1200
train,frame_0235_53.632.jpg,3,Wheel Support,0.14087,0.201739,0.028418972929999998,225.392,242.0868,54564.4280256,1600,1200
train,frame_0235_53.632.jpg,7,Nut,0.026087,0.055652,0.001451793724,41.7392,66.7824,2787.4439500799995,1600,1200
train,frame_0236_53.914.jpg,3,Wheel Support,0.109565,0.187826,0.02057915569,175.304,225.3912,39511.9789248,1600,1200
train,frame_0237_54.133.jpg,3,Wheel Support,0.11087,0.196522,0.02178839414,177.392,235.8264,41833.7167488,1600,1200
train,frame_0238_54.135.jpg,3,Wheel Support,0.12,0.205217,0.024626040000000002,192.0,246.2604,47281.9968,1600,1200
train,frame_0239_54.822.jpg,2,Wheel,0.09913,0.13913,0.0137919569,158.608,166.95600000000002,26480.557248000005,1600,1200
train,frame_0243_55.959.jpg,5,Box,0.144783,0.286957,0.041546495331,231.65279999999998,344.3484,79769.27103552,1600,1200
train,frame_0244_56.293.jpg,3,Wheel Support,0.126522,0.177391,0.022443864102,202.43519999999998,212.86919999999998,43092.21907583999,1600,1200
train,frame_0244_56.293.jpg,5,Box,0.133043,0.196522,0.026145876446,212.8688,235.8264,50200.08277632,1600,1200
train,frame_0245_56.453.jpg,3,Wheel Support,0.122609,0.193043,0.023668809186999998,196.1744,231.6516,45444.11363904,1600,1200
train,frame_0246_56.556.jpg,3,Wheel Support,0.079565,0.168696,0.01342229724,127.304,202.4352,25770.8107008,1600,1200
train,frame_0247_56.564.jpg,3,Wheel Support,0.109565,0.175652,0.019245311379999998,175.304,210.7824,36950.9978496,1600,1200
train,frame_0248_56.681.jpg,3,Wheel Support,0.112174,0.177391,0.019898658033999997,179.4784,212.86919999999998,38205.423425279994,1600,1200
train,frame_0249_57.244.jpg,3,Wheel Support,0.125217,0.184348,0.023083503516,200.3472,221.2176,44320.32675072,1600,1200
train,frame_0251_57.452.jpg,3,Wheel Support,0.11087,0.17913,0.0198601431,177.392,214.95600000000002,38131.474752,1600,1200
train,frame_0253_58.066.jpg,3,Wheel Support,0.125217,0.193043,0.024172265330999997,200.3472,231.6516,46410.749435519996,1600,1200
train,frame_0254_58.592.jpg,3,Wheel Support,0.135652,0.196522,0.026658602344,217.04319999999998,235.8264,51184.51650048,1600,1200
train,frame_0255_58.914.jpg,3,Wheel Support,0.130435,0.196522,0.02563334707,208.696,235.8264,49216.026374400004,1600,1200
train,frame_0256_59.363.jpg,7,Nut,0.033913,0.046957,0.001592452741,54.260799999999996,56.3484,3057.5092627199997,1600,1200
train,frame_0258_60.447.jpg,7,Nut,0.024783,0.034783,0.000862027089,39.6528,41.7396,1655.09201088,1600,1200
train,frame_0259_60.485.jpg,7,Nut,0.035217,0.041739,0.0014699223629999999,56.3472,50.0868,2822.2509369599998,1600,1200
train,frame_0260_60.698.jpg,7,Nut,0.035217,0.043478,0.001531164726,56.3472,52.1736,2939.83627392,1600,1200
train,frame_0260_60.698.jpg,7,Nut,0.023478,0.038261,0.0008982917580000001,37.5648,45.9132,1724.72017536,1600,1200
train,frame_0261_61.127.jpg,7,Nut,0.026087,0.041739,0.0010888452929999999,41.7392,50.0868,2090.5829625599995,1600,1200
train,frame_0261_61.127.jpg,7,Nut,0.03,0.034783,0.00104349,48.0,41.7396,2003.5008000000003,1600,1200
train,frame_0262_61.211.jpg,7,Nut,0.03,0.038261,0.00114783,48.0,45.9132,2203.8336,1600,1200
train,frame_0264_61.664.jpg,3,Wheel Support,0.091304,0.17913,0.016355285520000002,146.0864,214.95600000000002,31402.148198400002,1600,1200
train,frame_0265_61.772.jpg,3,Wheel Support,0.109565,0.194783,0.021341399395000002,175.304,233.73960000000002,40975.48683840001,1600,1200
train,frame_0266_61.975.jpg,3,Wheel Support,0.114783,0.182609,0.020960408846999998,183.65279999999998,219.1308,40243.98498623999,1600,1200
train,frame_0267_62.144.jpg,3,Wheel Support,0.156522,0.196522,0.030760016484,250.43519999999998,235.8264,59059.231649279995,1600,1200
train,frame_0270_62.451.jpg,3,Wheel Support,0.127826,0.187826,0.024009046276,204.52159999999998,225.3912,46097.36884991999,1600,1200
train,frame_0270_62.451.jpg,7,Nut,0.024783,0.041739,0.001034417637,39.6528,50.0868,1986.08186304,1600,1200
train,frame_0271_64.077.jpg,5,Box,0.275217,0.455652,0.12540317648399998,440.3472,546.7824,240774.09884928,1600,1200
train,frame_0272_64.315.jpg,3,Wheel Support,0.096522,0.153043,0.014772016446000001,154.4352,183.6516,28362.271576320003,1600,1200
train,frame_0272_64.315.jpg,3,Wheel Support,0.116087,0.17913,0.020794664310000002,185.73919999999998,214.95600000000002,39925.7554752,1600,1200
train,frame_0272_64.315.jpg,7,Nut,0.032609,0.048696,0.001587927864,52.1744,58.4352,3048.82149888,1600,1200
train,frame_0273_64.327.jpg,3,Wheel Support,0.097826,0.168696,0.016502854896,156.5216,202.4352,31685.481400320004,1600,1200
train,frame_0277_64.836.jpg,7,Nut,0.032609,0.038261,0.001247652949,52.1744,45.9132,2395.49366208,1600,1200
train,frame_0277_64.836.jpg,7,Nut,0.03,0.052174,0.00156522,48.0,62.608799999999995,3005.2223999999997,1600,1200
train,frame_0277_64.836.jpg,7,Nut,0.027391,0.031304,0.0008574478639999999,43.825599999999994,37.5648,1646.2998988799998,1600,1200
train,frame_0278_65.069.jpg,7,Nut,0.03913,0.036522,0.00142910586,62.608,43.8264,2743.8832512,1600,1200
train,frame_0278_65.069.jpg,7,Nut,0.031304,0.04,0.00125216,50.0864,48.0,2404.1472,1600,1200
train,frame_0278_65.069.jpg,7,Nut,0.031304,0.034783,0.001088847032,50.0864,41.7396,2090.58630144,1600,1200
train,frame_0279_65.070.jpg,3,Wheel Support,0.101739,0.173913,0.017693734707,162.7824,208.6956,33971.970637440005,1600,1200
train,frame_0279_65.070.jpg,3,Wheel Support,0.126522,0.203478,0.025744443516,202.43519999999998,244.1736,49429.331550719995,1600,1200
train,frame_0279_65.070.jpg,7,Nut,0.035217,0.036522,0.001286195274,56.3472,43.8264,2469.49492608,1600,1200
train,frame_0279_65.070.jpg,7,Nut,0.03,0.034783,0.00104349,48.0,41.7396,2003.5008000000003,1600,1200
train,frame_0279_65.070.jpg,7,Nut,0.035217,0.036522,0.001286195274,56.3472,43.8264,2469.49492608,1600,1200
train,frame_0283_65.491.jpg,3,Wheel Support,0.114783,0.187826,0.021559231757999998,183.65279999999998,225.3912,41393.72497536,1600,1200
train,frame_0284_65.860.jpg,3,Wheel Support,0.122609,0.194783,0.023882148847,196.1744,233.73960000000002,45853.72578624,1600,1200
train,frame_0285_66.331.jpg,3,Wheel Support,0.123913,0.168696,0.020903627448,198.2608,202.4352,40134.96470016,1600,1200
train,frame_0285_66.331.jpg,3,Wheel Support,0.114783,0.18087,0.02076080121,183.65279999999998,217.044,39860.7383232,1600,1200
train,frame_0287_66.553.jpg,3,Wheel Support,0.088696,0.156522,0.013882875312,141.9136,187.8264,26655.12059904,1600,1200
train,frame_0288_66.650.jpg,6,Flange,0.043043,0.05913,0.00254513259,68.8688,70.956,4886.6545728,1600,1200
train,frame_0290_67.753.jpg,7,Nut,0.036522,0.038261,0.001397368242,58.435199999999995,45.9132,2682.94702464,1600,1200
train,frame_0290_67.753.jpg,7,Nut,0.023478,0.04,0.00093912,37.5648,48.0,1803.1104,1600,1200
train,frame_0291_67.769.jpg,7,Nut,0.024783,0.036522,0.0009051247259999999,39.6528,43.8264,1737.83947392,1600,1200
train,frame_0292_67.779.jpg,7,Nut,0.022174,0.041739,0.0009255205859999999,35.4784,50.0868,1776.9995251199998,1600,1200
train,frame_0292_67.779.jpg,7,Nut,0.035217,0.041739,0.0014699223629999999,56.3472,50.0868,2822.2509369599998,1600,1200
train,frame_0293_67.869.jpg,3,Wheel Support,0.11087,0.17913,0.0198601431,177.392,214.95600000000002,38131.474752,1600,1200
train,frame_0294_67.967.jpg,3,Wheel Support,0.108261,0.175652,0.019016261172,173.2176,210.7824,36511.22145024,1600,1200
train,frame_0295_69.122.jpg,1,Frame,0.626087,0.596522,0.373474669414,1001.7391999999999,715.8264,717071.36527488,1600,1200
train,frame_0296_69.157.jpg,3,Wheel Support,0.114783,0.184348,0.021160016484,183.65279999999998,221.2176,40627.231649279995,1600,1200
train,frame_0297_69.193.jpg,1,Frame,0.580435,0.568696,0.33009106276,928.696,682.4352,633774.8404992,1600,1200
train,frame_0298_69.539.jpg,1,Frame,0.594783,0.613913,0.365145015879,951.6528,736.6956,701078.43048768,1600,1200
train,frame_0301_70.053.jpg,7,Nut,0.027391,0.031304,0.0008574478639999999,43.825599999999994,37.5648,1646.2998988799998,1600,1200
train,frame_0301_70.053.jpg,7,Nut,0.032609,0.027826,0.000907378034,52.1744,33.3912,1742.1658252799998,1600,1200
train,frame_0302_70.240.jpg,7,Nut,0.026087,0.031304,0.0008166274479999999,41.7392,37.5648,1567.9247001599997,1600,1200
train,frame_0303_70.668.jpg,3,Wheel Support,0.079565,0.13913,0.011069878449999999,127.304,166.95600000000002,21254.166624,1600,1200
train,frame_0304_70.800.jpg,3,Wheel Support,0.071739,0.149565,0.010729643535,114.7824,179.478,20600.9155872,1600,1200
train,frame_0305_70.881.jpg,3,Wheel Support,0.087391,0.161739,0.014134532948999998,139.8256,194.08679999999998,27138.30326208,1600,1200
train,frame_0306_71.040.jpg,3,Wheel Support,0.105652,0.158261,0.016720591172,169.04319999999998,189.91320000000002,32103.53505024,1600,1200
train,frame_0307_71.159.jpg,1,Frame,0.575217,0.526957,0.303114624669,920.3471999999999,632.3484,581980.07936448,1600,1200
train,frame_0312_71.768.jpg,1,Frame,0.562174,0.518261,0.29135285941399997,899.4784,621.9132,559397.49007488,1600,1200
train,frame_0313_71.817.jpg,3,Wheel Support,0.122609,0.170435,0.020896864915,196.1744,204.522,40121.9806368,1600,1200
train,frame_0315_71.891.jpg,7,Nut,0.028696,0.029565,0.00084839724,45.9136,35.478,1628.9227008000003,1600,1200
train,frame_0319_73.334.jpg,7,Nut,0.028696,0.050435,0.00144728276,45.9136,60.522,2778.7828992,1600,1200
train,frame_0319_73.334.jpg,7,Nut,0.033913,0.053913,0.001828351569,54.260799999999996,64.6956,3510.43501248,1600,1200
train,frame_0323_74.376.jpg,2,Wheel,0.092609,0.113043,0.010468799187,148.1744,135.6516,20100.09443904,1600,1200
train,frame_0326_75.188.jpg,3,Wheel Support,0.106957,0.16,0.01711312,171.1312,192.0,32857.1904,1600,1200
train,frame_0330_75.785.jpg,3,Wheel Support,0.09,0.130435,0.011739149999999999,144.0,156.522,22539.167999999998,1600,1200
train,frame_0331_76.024.jpg,4,Wrench,0.508696,0.333913,0.169860207448,813.9136000000001,400.6956,326131.59830016,1600,1200
train,frame_0334_76.824.jpg,5,Box,0.196957,0.30087,0.05925845259,315.1312,361.04400000000004,113776.2289728,1600,1200
train,frame_0335_77.812.jpg,5,Box,0.264783,0.471304,0.124793287032,423.65279999999996,565.5648,239603.11110143998,1600,1200
train,frame_0338_78.384.jpg,3,Wheel Support,0.113478,0.205217,0.023287614726,181.5648,246.2604,44712.22027392,1600,1200
train,frame_0339_78.658.jpg,0,Bolt,0.027391,0.130435,0.0035727450849999997,43.825599999999994,156.522,6859.6705631999985,1600,1200
train,frame_0339_78.658.jpg,0,Bolt,0.026087,0.069565,0.001814742155,41.7392,83.47800000000001,3484.3049376,1600,1200
train,frame_0342_79.540.jpg,5,Box,0.177391,0.304348,0.053988596068,283.8256,365.2176,103658.10445056,1600,1200
train,frame_0342_79.540.jpg,0,Bolt,0.023478,0.109565,0.0025723670699999996,37.5648,131.478,4938.9447744,1600,1200
train,frame_0342_79.540.jpg,0,Bolt,0.037826,0.071304,0.002697145104,60.5216,85.5648,5178.51859968,1600,1200
train,frame_0342_79.540.jpg,0,Bolt,0.036522,0.093913,0.003429890586,58.435199999999995,112.6956,6585.389925119999,1600,1200
train,frame_0342_79.540.jpg,3,Wheel Support,0.09913,0.21913,0.0217223569,158.608,262.956,41706.92524800001,1600,1200
train,frame_0343_79.940.jpg,5,Box,0.191739,0.288696,0.055354282344,306.7824,346.4352,106280.22210048,1600,1200
train,frame_0344_80.615.jpg,7,Nut,0.026087,0.034783,0.000907384121,41.7392,41.7396,1742.17751232,1600,1200
train,frame_0345_80.842.jpg,7,Nut,0.026087,0.033043,0.0008619927410000001,41.7392,39.6516,1655.02606272,1600,1200
train,frame_0345_80.842.jpg,7,Nut,0.027391,0.029565,0.000809814915,43.825599999999994,35.478,1554.8446367999998,1600,1200
train,frame_0346_80.863.jpg,7,Nut,0.026087,0.046957,0.001224967259,41.7392,56.3484,2351.9371372799997,1600,1200
train,frame_0349_81.413.jpg,3,Wheel Support,0.112174,0.203478,0.022824941172,179.4784,244.1736,43823.887050239995,1600,1200
train,frame_0349_81.413.jpg,7,Nut,0.03,0.029565,0.00088695,48.0,35.478,1702.944,1600,1200
train,frame_0350_81.573.jpg,3,Wheel Support,0.117391,0.206957,0.024294889187,187.82559999999998,248.3484,46646.187239039995,1600,1200
train,frame_0351_81.735.jpg,3,Wheel Support,0.105652,0.158261,0.016720591172,169.04319999999998,189.91320000000002,32103.53505024,1600,1200
train,frame_0354_82.511.jpg,3,Wheel Support,0.12,0.2,0.024,192.0,240.0,46080.0,1600,1200
train,frame_0355_82.641.jpg,7,Nut,0.027391,0.031304,0.0008574478639999999,43.825599999999994,37.5648,1646.2998988799998,1600,1200
train,frame_0356_82.757.jpg,7,Nut,0.022174,0.027826,0.000617013724,35.4784,33.3912,1184.66635008,1600,1200
train,frame_0357_82.955.jpg,7,Nut,0.024783,0.033043,0.000818904669,39.6528,39.6516,1572.29696448,1600,1200
train,frame_0358_83.056.jpg,3,Wheel Support,0.103043,0.2,0.0206086,164.8688,240.0,39568.511999999995,1600,1200
train,frame_0359_83.088.jpg,3,Wheel Support,0.112174,0.182609,0.020483981965999997,179.4784,219.1308,39329.24537472,1600,1200
train,frame_0359_83.088.jpg,7,Nut,0.024783,0.029565,0.0007327093950000001,39.6528,35.478,1406.8020384000001,1600,1200
train,frame_0359_83.088.jpg,7,Nut,0.026087,0.033043,0.0008619927410000001,41.7392,39.6516,1655.02606272,1600,1200
train,frame_0360_83.410.jpg,7,Nut,0.022174,0.033043,0.000732695482,35.4784,39.6516,1406.7753254400002,1600,1200
train,frame_0362_83.538.jpg,7,Nut,0.02087,0.038261,0.0007985070700000001,33.391999999999996,45.9132,1533.1335743999998,1600,1200
train,frame_0363_83.597.jpg,7,Nut,0.026087,0.046957,0.001224967259,41.7392,56.3484,2351.9371372799997,1600,1200
train,frame_0364_83.795.jpg,7,Nut,0.024783,0.033043,0.000818904669,39.6528,39.6516,1572.29696448,1600,1200
train,frame_0367_84.437.jpg,5,Box,0.165652,0.21913,0.036299322759999995,265.0432,262.956,69694.6996992,1600,1200
train,frame_0367_84.437.jpg,5,Box,0.258261,0.396522,0.10240616824200001,413.2176,475.8264,196619.84302464,1600,1200
train,frame_0368_84.811.jpg,5,Box,0.18,0.226087,0.04069566,288.0,271.3044,78135.6672,1600,1200
train,frame_0370_85.043.jpg,7,Nut,0.027391,0.031304,0.0008574478639999999,43.825599999999994,37.5648,1646.2998988799998,1600,1200
train,frame_0370_85.043.jpg,7,Nut,0.023478,0.027826,0.000653298828,37.5648,33.3912,1254.3337497599998,1600,1200
train,frame_0370_85.043.jpg,7,Nut,0.023478,0.038261,0.0008982917580000001,37.5648,45.9132,1724.72017536,1600,1200
train,frame_0371_85.335.jpg,7,Nut,0.023478,0.029565,0.0006941270699999999,37.5648,35.478,1332.7239744,1600,1200
train,frame_0371_85.335.jpg,7,Nut,0.027391,0.041739,0.001143272949,43.825599999999994,50.0868,2195.0840620799995,1600,1200
train,frame_0371_85.335.jpg,7,Nut,0.03,0.041739,0.00125217,48.0,50.0868,2404.1664,1600,1200
train,frame_0371_85.335.jpg,6,Flange,0.03913,0.06087,0.0023818431,62.608,73.044,4573.138752,1600,1200
train,frame_0371_85.335.jpg,6,Flange,0.044348,0.064348,0.002853705104,70.9568,77.2176,5479.113799680001,1600,1200
train,frame_0371_85.335.jpg,6,Flange,0.041739,0.043478,0.001814728242,66.7824,52.1736,3484.2782246399997,1600,1200
train,frame_0371_85.335.jpg,7,Nut,0.02087,0.01913,0.0003992431,33.391999999999996,22.956000000000003,766.546752,1600,1200
train,frame_0371_85.335.jpg,7,Nut,0.018261,0.02087,0.00038110707,29.217599999999997,25.044,731.7255743999999,1600,1200
train,frame_0371_85.335.jpg,7,Nut,0.02087,0.029565,0.00061702155,33.391999999999996,35.478,1184.681376,1600,1200
train,frame_0371_85.335.jpg,7,Nut,0.026087,0.029565,0.000771262155,41.7392,35.478,1480.8233376,1600,1200
train,frame_0372_85.507.jpg,7,Nut,0.02087,0.024348,0.0005081427600000001,33.391999999999996,29.2176,975.6340991999999,1600,1200
train,frame_0373_85.612.jpg,7,Nut,0.024783,0.033043,0.000818904669,39.6528,39.6516,1572.29696448,1600,1200
train,frame_0374_85.689.jpg,2,Wheel,0.091304,0.113043,0.010321278072,146.0864,135.6516,19816.85389824,1600,1200
train,frame_0377_86.548.jpg,3,Wheel Support,0.103043,0.184348,0.018995770964,164.8688,221.2176,36471.88025088,1600,1200
train,frame_0382_88.593.jpg,7,Nut,0.031304,0.038261,0.001197722344,50.0864,45.9132,2299.62690048,1600,1200
train,frame_0383_88.615.jpg,7,Nut,0.032609,0.043478,0.0014177741020000001,52.1744,52.1736,2722.12627584,1600,1200
train,frame_0384_88.629.jpg,7,Nut,0.022174,0.029565,0.00065557431,35.4784,35.478,1258.7026752000002,1600,1200
train,frame_0384_88.629.jpg,7,Nut,0.02087,0.031304,0.0006533144799999999,33.391999999999996,37.5648,1254.3638015999998,1600,1200
train,frame_0385_88.858.jpg,7,Nut,0.026087,0.027826,0.000725896862,41.7392,33.3912,1393.7219750399997,1600,1200
train,frame_0385_88.858.jpg,7,Nut,0.03,0.027826,0.0008347799999999999,48.0,33.3912,1602.7776,1600,1200
train,frame_0386_88.890.jpg,7,Nut,0.02087,0.04,0.0008348,33.391999999999996,48.0,1602.8159999999998,1600,1200
train,frame_0386_88.890.jpg,7,Nut,0.026087,0.029565,0.000771262155,41.7392,35.478,1480.8233376,1600,1200
train,frame_0388_90.540.jpg,2,Wheel,0.09,0.128696,0.01158264,144.0,154.4352,22238.6688,1600,1200
train,frame_0389_90.719.jpg,2,Wheel,0.091304,0.125217,0.011432812967999998,146.0864,150.2604,21951.00089856,1600,1200
train,frame_0391_90.906.jpg,4,Wrench,0.483913,0.227826,0.11024796313799999,774.2608,273.3912,211676.08922496001,1600,1200
train,frame_0391_90.906.jpg,7,Nut,0.02087,0.043478,0.0009073858600000001,33.391999999999996,52.1736,1742.1808511999998,1600,1200
train,frame_0393_91.064.jpg,4,Wrench,0.48913,0.205217,0.10037779121000001,782.6080000000001,246.2604,192725.35912320003,1600,1200
train,frame_0397_92.028.jpg,5,Box,0.105652,0.227826,0.024070272551999998,169.04319999999998,273.3912,46214.92329984,1600,1200
train,frame_0398_92.337.jpg,4,Wrench,0.463043,0.326957,0.151395150151,740.8688,392.34839999999997,290678.68828992,1600,1200
train,frame_0399_92.441.jpg,4,Wrench,0.431739,0.335652,0.144914058828,690.7823999999999,402.7824,278234.99294976,1600,1200
train,frame_0400_93.010.jpg,3,Wheel Support,0.114783,0.170435,0.019563040605,183.65279999999998,204.522,37561.03796159999,1600,1200
train,frame_0480_111.514.jpg,3,Wheel Support,0.086087,0.168696,0.014522532552,137.73919999999998,202.4352,27883.26249984,1600,1200
train,frame_0481_111.777.jpg,3,Wheel Support,0.093913,0.151304,0.014209412551999999,150.2608,181.5648,27282.072099839996,1600,1200
train,frame_0482_112.331.jpg,2,Wheel,0.083478,0.172174,0.014372741171999999,133.5648,206.6088,27595.663050239997,1600,1200
train,frame_0483_112.357.jpg,4,Wrench,0.203478,0.405565,0.08252355507,325.5648,486.678,158445.22573439998,1600,1200
train,frame_0485_113.443.jpg,4,Wrench,0.092609,0.388174,0.035948405966,148.1744,465.8088,69020.93945471999,1600,1200
train,frame_0487_113.743.jpg,5,Box,0.223043,0.450435,0.10046637370499999,356.86879999999996,540.5219999999999,192895.43751359996,1600,1200
train,frame_0488_113.744.jpg,3,Wheel Support,0.11087,0.182609,0.020245859829999997,177.392,219.1308,38872.0508736,1600,1200
train,frame_0489_113.750.jpg,5,Box,0.232174,0.427826,0.09933007372399999,371.47839999999997,513.3912,190713.74155007998,1600,1200
train,frame_0490_114.050.jpg,5,Box,0.148696,0.252174,0.037497265104,237.9136,302.60880000000003,71994.74899968001,1600,1200
train,frame_0492_115.231.jpg,2,Wheel,0.070435,0.12,0.0084522,112.696,144.0,16228.224,1600,1200
train,frame_0493_115.324.jpg,3,Wheel Support,0.093913,0.163478,0.015352709414,150.2608,196.17360000000002,29477.202074880002,1600,1200
train,frame_0494_115.364.jpg,5,Box,0.18913,0.314783,0.059534908789999993,302.608,377.7396,114307.0248768,1600,1200
train,frame_0495_115.567.jpg,5,Box,0.238696,0.492174,0.117479965104,381.9136,590.6088,225561.53299967997,1600,1200
train,frame_0495_115.567.jpg,5,Box,0.163043,0.32,0.05217376,260.86879999999996,384.0,100173.61919999999,1600,1200
train,frame_0496_115.600.jpg,5,Box,0.24,0.486957,0.11686967999999999,384.0,584.3484,224389.7856,1600,1200
train,frame_0497_116.323.jpg,6,Flange,0.053478,0.062609,0.0033482041019999996,85.56479999999999,75.1308,6428.5518758399985,1600,1200
train,frame_0497_116.323.jpg,6,Flange,0.052174,0.062609,0.003266561966,83.4784,75.1308,6271.798974719999,1600,1200
train,frame_0497_116.323.jpg,3,Wheel Support,0.104348,0.189565,0.01978072862,166.9568,227.478,37978.9989504,1600,1200
train,frame_0498_116.332.jpg,6,Flange,0.046957,0.057391,0.002694909187,75.13119999999999,68.86919999999999,5174.225639039999,1600,1200
train,frame_0498_116.332.jpg,6,Flange,0.058696,0.05913,0.00347069448,93.9136,70.956,6663.7334016,1600,1200
train,frame_0498_116.332.jpg,6,Flange,0.040435,0.038261,0.0015470835350000001,64.696,45.9132,2970.4003872000003,1600,1200
train,frame_0498_116.332.jpg,6,Flange,0.049565,0.038261,0.001896406465,79.304,45.9132,3641.1004128000004,1600,1200
train,frame_0498_116.332.jpg,6,Flange,0.05087,0.066087,0.0033618456900000003,81.392,79.30440000000002,6454.743724800001,1600,1200
train,frame_0498_116.332.jpg,6,Flange,0.052174,0.048696,0.002540665104,83.4784,58.4352,4878.07699968,1600,1200
train,frame_0499_116.503.jpg,6,Flange,0.045652,0.078261,0.003572771172,73.0432,93.9132,6859.72065024,1600,1200
train,frame_0500_116.778.jpg,4,Wrench,0.092609,0.41426,0.03836420434,148.1744,497.112,73659.2723328,1600,1200
train,frame_0502_117.040.jpg,4,Wrench,0.126522,0.440348,0.055713709656,202.43519999999998,528.4176,106970.32253951998,1600,1200
train,frame_0503_117.106.jpg,4,Wrench,0.100435,0.433043,0.043492673705,160.696,519.6516,83505.9335136,1600,1200
train,frame_0504_117.320.jpg,4,Wrench,0.084783,0.419478,0.035564603274,135.65279999999998,503.3736,68284.03828607999,1600,1200
train,frame_0505_117.522.jpg,7,Nut,0.028696,0.038261,0.001097937656,45.9136,45.9132,2108.04029952,1600,1200
train,frame_0505_117.522.jpg,4,Wrench,0.101739,0.421217,0.042854196363,162.7824,505.4604,82280.05701696,1600,1200
train,frame_0506_117.548.jpg,7,Nut,0.03,0.041739,0.00125217,48.0,50.0868,2404.1664,1600,1200
train,frame_0507_117.996.jpg,3,Wheel Support,0.092609,0.18087,0.01675018983,148.1744,217.044,32160.3644736,1600,1200
train,frame_0509_118.820.jpg,3,Wheel Support,0.101739,0.182609,0.018578457051,162.7824,219.1308,35670.637537919996,1600,1200
train,frame_0509_118.820.jpg,3,Wheel Support,0.096522,0.153043,0.014772016446000001,154.4352,183.6516,28362.271576320003,1600,1200
train,frame_0510_118.903.jpg,7,Nut,0.024783,0.046957,0.001163735331,39.6528,56.3484,2234.37183552,1600,1200
train,frame_0511_118.951.jpg,7,Nut,0.032609,0.041739,0.0013610670509999999,52.1744,50.0868,2613.2487379199997,1600,1200
train,frame_0513_119.269.jpg,4,Wrench,0.113478,0.39687,0.04503601386,181.5648,476.244,86469.1466112,1600,1200
train,frame_0514_120.057.jpg,4,Wrench,0.29087,0.566957,0.16491078259000003,465.39200000000005,680.3484000000001,316628.7025728001,1600,1200
train,frame_0515_120.498.jpg,2,Wheel,0.083478,0.104348,0.008710762343999999,133.5648,125.21759999999999,16724.663700479996,1600,1200
train,frame_0516_120.822.jpg,2,Wheel,0.086087,0.086957,0.0074858672590000005,137.73919999999998,104.34840000000001,14372.86513728,1600,1200
train,frame_0517_120.953.jpg,3,Wheel Support,0.097826,0.175652,0.017183332552,156.5216,210.7824,32991.99849984,1600,1200
train,frame_0519_121.280.jpg,7,Nut,0.031304,0.04,0.00125216,50.0864,48.0,2404.1472,1600,1200
train,frame_0520_121.615.jpg,7,Nut,0.03,0.050435,0.00151305,48.0,60.522,2905.056,1600,1200
train,frame_0521_121.779.jpg,3,Wheel Support,0.12,0.173913,0.020869560000000002,192.0,208.6956,40069.5552,1600,1200
train,frame_0522_121.848.jpg,3,Wheel Support,0.126522,0.175652,0.022223842344,202.43519999999998,210.7824,42669.77730048,1600,1200
train,frame_0523_122.054.jpg,3,Wheel Support,0.101739,0.194783,0.019817027637,162.7824,233.73960000000002,38048.69306304,1600,1200
train,frame_0523_122.054.jpg,3,Wheel Support,0.118696,0.158261,0.018784947656,189.9136,189.91320000000002,36067.09949952,1600,1200
train,frame_0526_122.440.jpg,3,Wheel Support,0.14087,0.168696,0.02376420552,225.392,202.4352,45627.2745984,1600,1200
train,frame_0527_122.690.jpg,7,Nut,0.023478,0.031304,0.000734955312,37.5648,37.5648,1411.11419904,1600,1200
train,frame_0528_123.076.jpg,3,Wheel Support,0.118696,0.177391,0.021055602136,189.9136,212.86919999999998,40426.756101119994,1600,1200
train,frame_0529_123.240.jpg,4,Wrench,0.245217,0.302956,0.074289961452,392.3472,363.5472,142636.72598783998,1600,1200
train,frame_0530_124.135.jpg,1,Frame,0.566087,0.605217,0.34260547587900003,905.7392,726.2604,657802.51368768,1600,1200
train,frame_0531_124.922.jpg,1,Frame,0.614348,0.526957,0.323734979036,982.9568,632.3484,621571.15974912,1600,1200
train,frame_0532_124.937.jpg,5,Box,0.183913,0.30087,0.05533390431,294.2608,361.04400000000004,106241.09627520002,1600,1200
train,frame_0533_125.087.jpg,5,Box,0.172174,0.325217,0.055993911757999996,275.47839999999997,390.26039999999995,107508.31057535997,1600,1200
train,frame_0534_125.243.jpg,3,Wheel Support,0.123913,0.163478,0.020257049414,198.2608,196.17360000000002,38893.53487488,1600,1200
train,frame_0536_125.992.jpg,7,Nut,0.026087,0.04,0.00104348,41.7392,48.0,2003.4815999999998,1600,1200
train,frame_0543_127.667.jpg,4,Wrench,0.118696,0.163478,0.019404184688000002,189.9136,196.17360000000002,37256.03460096,1600,1200
train,frame_0544_127.668.jpg,3,Wheel Support,0.103043,0.189565,0.019533346295,164.8688,227.478,37504.0248864,1600,1200
train,frame_0545_127.913.jpg,4,Wrench,0.114783,0.175652,0.020161863516,183.65279999999998,210.7824,38710.777950719996,1600,1200
train,frame_0546_128.087.jpg,7,Nut,0.023478,0.038261,0.0008982917580000001,37.5648,45.9132,1724.72017536,1600,1200
train,frame_0547_128.137.jpg,3,Wheel Support,0.126522,0.161739,0.020463541757999998,202.43519999999998,194.08679999999998,39290.00017535999,1600,1200
train,frame_0548_128.158.jpg,3,Wheel Support,0.100435,0.16,0.0160696,160.696,192.0,30853.631999999998,1600,1200
train,frame_0549_128.193.jpg,3,Wheel Support,0.105652,0.193043,0.020395379036,169.04319999999998,231.6516,39159.127749119994,1600,1200
train,frame_0590_138.658.jpg,5,Box,0.176087,0.213913,0.037667298430999994,281.7392,256.6956,72321.21298752,1600,1200
train,frame_0591_138.717.jpg,5,Box,0.241304,0.276522,0.066725864688,386.08639999999997,331.8264,128113.66020095999,1600,1200
train,frame_0591_138.717.jpg,4,Wrench,0.153913,0.542609,0.083514579017,246.2608,651.1308,160347.99171264,1600,1200
train,frame_0592_139.488.jpg,1,Frame,0.636522,0.605217,0.385233935274,1018.4352,726.2604,739649.1557260801,1600,1200
train,frame_0593_139.535.jpg,1,Frame,0.603913,0.556522,0.336090870586,966.2608,667.8263999999999,645294.47152512,1600,1200
train,frame_0594_139.759.jpg,1,Frame,0.57,0.54087,0.30829589999999996,911.9999999999999,649.044,591928.1279999999,1600,1200
train,frame_0595_140.365.jpg,1,Frame,0.573913,0.622609,0.357323399017,918.2608,747.1307999999999,686060.92611264,1600,1200
train,frame_0596_140.369.jpg,4,Wrench,0.199565,0.417391,0.083296634915,319.304,500.86920000000003,159929.5390368,1600,1200
train,frame_0600_141.290.jpg,3,Wheel Support,0.114783,0.173913,0.019962255879,183.65279999999998,208.6956,38327.53128768,1600,1200
train,frame_0602_141.464.jpg,3,Wheel Support,0.109565,0.184348,0.020198088620000002,175.304,221.2176,38780.330150400005,1600,1200
train,frame_0603_141.985.jpg,3,Wheel Support,0.114783,0.163478,0.018764495274000002,183.65279999999998,196.17360000000002,36027.83092608,1600,1200
train,frame_0686_163.748.jpg,2,Wheel,0.073043,0.16,0.01168688,116.8688,192.0,22438.8096,1600,1200
train,frame_0687_163.765.jpg,4,Wrench,0.430435,0.191304,0.08234393724,688.696,229.5648,158100.3595008,1600,1200
train,frame_0688_163.920.jpg,2,Wheel,0.076957,0.16,0.01231312,123.13119999999999,192.0,23641.1904,1600,1200
train,frame_0688_163.920.jpg,4,Wrench,0.469565,0.168696,0.07921373724000001,751.304,202.4352,152090.3755008,1600,1200
train,frame_0690_164.115.jpg,6,Flange,0.036522,0.057391,0.0020960341019999997,58.435199999999995,68.86919999999999,4024.3854758399993,1600,1200
train,frame_0691_164.749.jpg,2,Wheel,0.165652,0.17426,0.02886651752,265.0432,209.112,55423.713638400004,1600,1200
train,frame_0693_165.493.jpg,6,Flange,0.073043,0.104348,0.007621890964,116.8688,125.21759999999999,14634.030650879999,1600,1200
train,frame_0693_165.493.jpg,2,Wheel,0.176087,0.217391,0.038279729017,281.7392,260.8692,73497.07971263998,1600,1200
train,frame_0694_165.520.jpg,2,Wheel,0.156522,0.269565,0.04219285293,250.43519999999998,323.478,81010.27762559999,1600,1200
train,frame_0695_165.839.jpg,6,Flange,0.066522,0.10087,0.00671007414,106.4352,121.044,12883.342348799999,1600,1200
train,frame_0696_166.322.jpg,2,Wheel,0.18913,0.243478,0.04604899414,302.608,292.1736,88414.06874880001,1600,1200
train,frame_0696_166.322.jpg,6,Flange,0.09913,0.107826,0.01068879138,158.608,129.3912,20522.4794496,1600,1200
train,frame_0698_166.564.jpg,2,Wheel,0.166957,0.231652,0.038675922964,267.1312,277.9824,74257.77209088,1600,1200
train,frame_0699_166.657.jpg,6,Flange,0.054783,0.106087,0.005811764121,87.6528,127.3044,11158.58711232,1600,1200
train,frame_0699_166.657.jpg,2,Wheel,0.191739,0.227826,0.043683129413999995,306.7824,273.3912,83871.60847488,1600,1200
train,frame_0700_166.752.jpg,2,Wheel,0.176087,0.165565,0.029153844154999997,281.7392,198.678,55975.380777599996,1600,1200
train,frame_0703_167.951.jpg,4,Wrench,0.285826,0.347826,0.09941771427600002,457.32160000000005,417.3912,190882.01140992003,1600,1200
train,frame_0704_168.530.jpg,2,Wheel,0.17087,0.153391,0.026209920169999998,273.392,184.0692,50323.046726399996,1600,1200
train,frame_0704_168.530.jpg,6,Flange,0.062609,0.083826,0.005248262034,100.17439999999999,100.5912,10076.663105279998,1600,1200
train,frame_0705_168.926.jpg,2,Wheel,0.172174,0.19687,0.03389589538,275.47839999999997,236.244,65080.11912959999,1600,1200
train,frame_0706_169.398.jpg,2,Wheel,0.146087,0.201739,0.029471445292999998,233.73919999999998,242.0868,56585.17496256,1600,1200
train,frame_0706_169.398.jpg,0,Bolt,0.097826,0.055652,0.005444212552,156.5216,66.7824,10452.88809984,1600,1200
train,frame_0707_169.504.jpg,0,Bolt,0.09913,0.069565,0.00689597845,158.608,83.47800000000001,13240.278624000002,1600,1200
train,frame_0709_170.963.jpg,3,Wheel Support,0.104348,0.154783,0.016151296484,166.9568,185.7396,31010.489249279995,1600,1200
train,frame_0709_170.963.jpg,3,Wheel Support,0.091304,0.128696,0.011750459584,146.0864,154.4352,22560.88240128,1600,1200
train,frame_0709_170.963.jpg,0,Bolt,0.057391,0.067826,0.0038926019659999995,91.8256,81.3912,7473.795774719999,1600,1200
train,frame_0711_171.185.jpg,0,Bolt,0.044348,0.064348,0.002853705104,70.9568,77.2176,5479.113799680001,1600,1200
train,frame_0719_173.874.jpg,1,Frame,0.594783,0.593391,0.352938879153,951.6528,712.0692,677642.64797376,1600,1200
train,frame_0720_174.226.jpg,1,Frame,0.641739,0.699478,0.448882312242,1026.7823999999998,839.3736,861854.0395046399,1600,1200
train,frame_0721_174.260.jpg,1,Frame,0.657391,0.67687,0.44496824616999997,1051.8256,812.2439999999999,854339.0326463998,1600,1200
train,frame_0726_175.448.jpg,3,Wheel Support,0.169565,0.201739,0.034207873535,271.304,242.0868,65679.1171872,1600,1200
train,frame_0726_175.448.jpg,3,Wheel Support,0.100435,0.208696,0.02096038276,160.696,250.43519999999998,40243.934899199994,1600,1200
train,frame_0726_175.448.jpg,1,Frame,0.686782,0.626087,0.429985282034,1098.8512,751.3044,825571.74150528,1600,1200
train,frame_0727_175.463.jpg,1,Frame,0.657391,0.66087,0.4344499901699999,1051.8256,793.044,834143.9811264,1600,1200
train,frame_0729_176.061.jpg,1,Frame,0.627391,0.655652,0.411350163932,1003.8256,786.7824,789792.3147494401,1600,1200
train,frame_0731_176.306.jpg,2,Wheel,0.097826,0.161739,0.015822279414,156.5216,194.08679999999998,30378.77647488,1600,1200
train,frame_0731_176.306.jpg,2,Wheel,0.135652,0.24,0.03255648,217.04319999999998,288.0,62508.4416,1600,1200
train,frame_0731_176.306.jpg,3,Wheel Support,0.104348,0.201739,0.021051061172,166.9568,242.0868,40418.03745024,1600,1200
train,frame_0731_176.306.jpg,3,Wheel Support,0.122609,0.210435,0.025801224915,196.1744,252.52200000000002,49538.3518368,1600,1200
train,frame_0732_176.348.jpg,3,Wheel Support,0.097826,0.17913,0.017523571380000002,156.5216,214.95600000000002,33645.257049600004,1600,1200
train,frame_0732_176.348.jpg,3,Wheel Support,0.143478,0.194783,0.027947075274,229.5648,233.73960000000002,53658.38452608,1600,1200
train,frame_0732_176.348.jpg,2,Wheel,0.088696,0.158261,0.014037117656,141.9136,189.91320000000002,26951.265899520004,1600,1200
train,frame_0732_176.348.jpg,3,Wheel Support,0.14087,0.186087,0.026214075689999998,225.392,223.30440000000002,50331.0253248,1600,1200
train,frame_0732_176.348.jpg,2,Wheel,0.09,0.135652,0.01220868,144.0,162.7824,23440.6656,1600,1200
train,frame_0732_176.348.jpg,2,Wheel,0.125217,0.231304,0.028963192968,200.3472,277.5648,55609.33049856,1600,1200
train,frame_0738_177.793.jpg,4,Wrench,0.485217,0.212174,0.102950431758,776.3472,254.6088,197664.82897536003,1600,1200
train,frame_0739_177.814.jpg,2,Wheel,0.082174,0.146087,0.012004553138,131.4784,175.3044,23048.742024959996,1600,1200
train,frame_0740_177.844.jpg,4,Wrench,0.47087,0.17913,0.0843469431,753.392,214.95600000000002,161946.13075200003,1600,1200
train,frame_0740_177.844.jpg,2,Wheel,0.067826,0.149565,0.01014439569,108.52159999999999,179.478,19477.239724799998,1600,1200
train,frame_0747_179.817.jpg,2,Wheel,0.206087,0.238261,0.049102494707,329.7392,285.9132,94276.78983744,1600,1200
train,frame_0747_179.817.jpg,2,Wheel,0.073043,0.142609,0.010416589187000001,116.8688,171.13080000000002,19999.851239040003,1600,1200
train,frame_0747_179.817.jpg,3,Wheel Support,0.101739,0.158261,0.016101315879,162.7824,189.91320000000002,30914.526487680003,1600,1200
train,frame_0747_179.817.jpg,3,Wheel Support,0.08087,0.128696,0.01040764552,129.392,154.4352,19982.6793984,1600,1200
train,frame_0747_179.817.jpg,1,Frame,0.542609,0.474783,0.257621528847,868.1744,569.7396,494633.33538624,1600,1200
train,frame_0748_180.080.jpg,1,Frame,0.567391,0.511304,0.290109287864,907.8256,613.5648,557009.83269888,1600,1200
train,frame_0749_180.779.jpg,1,Frame,0.623478,0.537739,0.335268436242,997.5648,645.2868,643715.39758464,1600,1200
train,frame_0749_180.779.jpg,6,Flange,0.057391,0.102609,0.005888833119,91.8256,123.13080000000001,11306.55958848,1600,1200
train,frame_0749_180.779.jpg,3,Wheel Support,0.091304,0.17913,0.016355285520000002,146.0864,214.95600000000002,31402.148198400002,1600,1200
train,frame_0749_180.779.jpg,3,Wheel Support,0.095217,0.144348,0.013744383516,152.3472,173.2176,26389.21635072,1600,1200
train,frame_0749_180.779.jpg,2,Wheel,0.096522,0.118261,0.011414788242,154.4352,141.91320000000002,21916.393424640002,1600,1200
train,frame_0749_180.779.jpg,2,Wheel,0.084783,0.139478,0.011825363273999998,135.65279999999998,167.37359999999998,22704.697486079996,1600,1200
train,frame_0750_180.962.jpg,3,Wheel Support,0.100435,0.177391,0.017816265084999998,160.696,212.86919999999998,34207.228963199996,1600,1200
train,frame_0750_180.962.jpg,2,Wheel,0.105652,0.114783,0.012127053515999998,169.04319999999998,137.7396,23283.942750719998,1600,1200
train,frame_0750_180.962.jpg,2,Wheel,0.187826,0.25913,0.048671351380000005,300.5216,310.956,93448.9946496,1600,1200
train,frame_0750_180.962.jpg,6,Flange,0.054783,0.090435,0.004954300605,87.6528,108.522,9512.2571616,1600,1200
train,frame_0762_183.352.jpg,2,Wheel,0.093913,0.151304,0.014209412551999999,150.2608,181.5648,27282.072099839996,1600,1200
train,frame_0762_183.352.jpg,6,Flange,0.049565,0.076522,0.00379281293,79.304,91.8264,7282.200825600001,1600,1200
train,frame_0762_183.352.jpg,0,Bolt,0.096522,0.073043,0.0070502564459999995,154.4352,87.6516,13536.49237632,1600,1200
train,frame_0763_183.377.jpg,0,Bolt,0.100435,0.055652,0.00558940862,160.696,66.7824,10731.664550399999,1600,1200
train,frame_0764_183.496.jpg,0,Bolt,0.092609,0.053913,0.004992829017,148.1744,64.6956,9586.23171264,1600,1200
train,frame_0766_184.516.jpg,5,Box,0.226957,0.377391,0.08565152918699999,363.1312,452.8692,164450.93603903998,1600,1200
train,frame_0766_184.516.jpg,2,Wheel,0.086087,0.154783,0.013324804120999999,137.73919999999998,185.7396,25583.623912319996,1600,1200
train,frame_0770_185.143.jpg,6,Flange,0.049565,0.05913,0.00293077845,79.304,70.956,5627.094624,1600,1200
train,frame_0770_185.143.jpg,6,Flange,0.049565,0.066087,0.003275602155,79.304,79.30440000000002,6289.156137600002,1600,1200
train,frame_0770_185.143.jpg,6,Flange,0.05087,0.06087,0.0030964569,81.392,73.044,5945.1972479999995,1600,1200
train,frame_0770_185.143.jpg,6,Flange,0.044348,0.064348,0.002853705104,70.9568,77.2176,5479.113799680001,1600,1200
train,frame_0772_185.373.jpg,2,Wheel,0.092609,0.161739,0.014978487051,148.1744,194.08679999999998,28758.695137919996,1600,1200
train,frame_0772_185.373.jpg,0,Bolt,0.027391,0.090435,0.002477105085,43.825599999999994,108.522,4756.0417632,1600,1200
train,frame_0772_185.373.jpg,6,Flange,0.040435,0.074783,0.003023850605,64.696,89.7396,5805.7931616,1600,1200
train,frame_0772_185.373.jpg,6,Flange,0.046957,0.067826,0.003184905482,75.13119999999999,81.3912,6115.018525439999,1600,1200
train,frame_0772_185.373.jpg,6,Flange,0.053478,0.069565,0.00372019707,85.56479999999999,83.47800000000001,7142.7783744,1600,1200
train,frame_0772_185.373.jpg,6,Flange,0.048261,0.067826,0.003273350586,77.2176,81.3912,6284.83312512,1600,1200
train,frame_0772_185.373.jpg,2,Wheel,0.088696,0.151304,0.013420059584,141.9136,181.5648,25766.514401279997,1600,1200
train,frame_0772_185.373.jpg,3,Wheel Support,0.091304,0.16,0.014608639999999999,146.0864,192.0,28048.588799999998,1600,1200
train,frame_0773_185.411.jpg,5,Box,0.18913,0.273043,0.05164062259,302.608,327.6516,99149.9953728,1600,1200
train,frame_0774_185.631.jpg,5,Box,0.169565,0.28,0.047478200000000005,271.304,336.00000000000006,91158.144,1600,1200
train,frame_0775_185.710.jpg,5,Box,0.191739,0.32,0.06135648,306.7824,384.0,117804.44159999999,1600,1200
train,frame_0775_185.710.jpg,5,Box,0.112174,0.278261,0.031213649413999997,179.4784,333.91319999999996,59930.206874879994,1600,1200
train,frame_0780_186.336.jpg,5,Box,0.181304,0.297391,0.053918177864,290.08639999999997,356.86920000000003,103522.90149888,1600,1200
train,frame_0781_186.692.jpg,2,Wheel,0.105652,0.158261,0.016720591172,169.04319999999998,189.91320000000002,32103.53505024,1600,1200
train,frame_0784_187.313.jpg,0,Bolt,0.078261,0.046957,0.003674901777,125.21759999999999,56.3484,7055.811411839999,1600,1200
train,frame_0784_187.313.jpg,0,Bolt,0.023478,0.09913,0.00232737414,37.5648,118.95599999999999,4468.558348799999,1600,1200
train,frame_0785_187.687.jpg,0,Bolt,0.033913,0.097391,0.003302820983,54.260799999999996,116.8692,6341.41628736,1600,1200
train,frame_0786_187.916.jpg,0,Bolt,0.06913,0.031304,0.00216404552,110.60799999999999,37.5648,4154.967398399999,1600,1200
train,frame_0786_187.916.jpg,0,Bolt,0.024783,0.107826,0.002672251758,39.6528,129.3912,5130.723375359999,1600,1200
train,frame_0788_188.134.jpg,2,Wheel,0.122609,0.182609,0.022389506881,196.1744,219.1308,42987.85321152,1600,1200
train,frame_0788_188.134.jpg,2,Wheel,0.09,0.137391,0.01236519,144.0,164.8692,23741.164800000002,1600,1200
train,frame_0788_188.134.jpg,3,Wheel Support,0.106957,0.123478,0.013206836446,171.1312,148.1736,25357.12597632,1600,1200
train,frame_0788_188.134.jpg,3,Wheel Support,0.18913,0.13913,0.0263136569,302.608,166.95600000000002,50522.22124800001,1600,1200
train,frame_0789_188.511.jpg,3,Wheel Support,0.185217,0.142608,0.026413425936,296.3472,171.1296,50713.77779712,1600,1200
train,frame_0794_190.213.jpg,4,Wrench,0.589565,0.252174,0.14867296431000002,943.304,302.60880000000003,285452.0914752,1600,1200
train,frame_0794_190.213.jpg,0,Bolt,0.070435,0.050435,0.003552389225,112.696,60.522,6820.587312,1600,1200
train,frame_0794_190.213.jpg,0,Bolt,0.023478,0.090435,0.00212323293,37.5648,108.522,4076.6072256,1600,1200
train,frame_0794_190.213.jpg,2,Wheel,0.095217,0.161739,0.015400302363,152.3472,194.08679999999998,29568.580536959995,1600,1200
train,frame_0795_190.275.jpg,2,Wheel,0.078261,0.10087,0.00789418707,125.21759999999999,121.044,15156.839174399998,1600,1200
train,frame_0795_190.275.jpg,2,Wheel,0.103043,0.146087,0.015053242740999999,164.8688,175.3044,28902.226062719998,1600,1200
train,frame_0795_190.275.jpg,2,Wheel,0.091304,0.14087,0.01286199448,146.0864,169.04399999999998,24695.029401599997,1600,1200
train,frame_0795_190.275.jpg,6,Flange,0.041739,0.052174,0.0021776905859999997,66.7824,62.608799999999995,4181.165925119999,1600,1200
train,frame_0804_224.398.jpg,2,Wheel,0.106957,0.154783,0.016555125331,171.1312,185.7396,31785.840635520002,1600,1200
train,frame_0804_224.398.jpg,0,Bolt,0.082174,0.064348,0.005287732552,131.4784,77.2176,10152.44649984,1600,1200
train,frame_0804_224.398.jpg,2,Wheel,0.082174,0.182609,0.015005711965999998,131.4784,219.1308,28810.96697472,1600,1200
train,frame_0804_224.398.jpg,10,Washer,0.02087,0.029565,0.00061702155,33.391999999999996,35.478,1184.681376,1600,1200
train,frame_0804_224.398.jpg,10,Washer,0.019565,0.029565,0.000578439225,31.304,35.478,1110.603312,1600,1200
train,frame_0804_224.398.jpg,10,Washer,0.02087,0.024348,0.0005081427600000001,33.391999999999996,29.2176,975.6340991999999,1600,1200
train,frame_0804_224.398.jpg,10,Washer,0.026087,0.027826,0.000725896862,41.7392,33.3912,1393.7219750399997,1600,1200
train,frame_0804_224.398.jpg,10,Washer,0.016957,0.022609,0.000383380813,27.1312,27.1308,736.09116096,1600,1200
train,frame_0804_224.398.jpg,5,Box,0.168261,0.250435,0.042138443535,269.2176,300.52200000000005,80905.81158720002,1600,1200
train,frame_0804_224.398.jpg,5,Box,0.161739,0.276522,0.044724391758,258.7824,331.8264,85870.83217535999,1600,1200
train,frame_0804_224.398.jpg,5,Box,0.211478,0.377391,0.079809893898,338.3648,452.8692,153234.99628416,1600,1200
train,frame_0806_224.434.jpg,6,Flange,0.027391,0.045217,0.001238538847,43.825599999999994,54.2604,2377.9945862399995,1600,1200
train,frame_0806_224.434.jpg,0,Bolt,0.086087,0.069565,0.0059886421549999996,137.73919999999998,83.47800000000001,11498.192937599999,1600,1200
train,frame_0806_224.434.jpg,2,Wheel,0.066522,0.182609,0.012147515897999998,106.4352,219.1308,23323.230524159997,1600,1200
train,frame_0806_224.434.jpg,3,Wheel Support,0.113478,0.187826,0.021314118828,181.5648,225.3912,40923.108149759995,1600,1200
train,frame_0806_224.434.jpg,5,Box,0.18,0.26087,0.046956599999999994,288.0,313.044,90156.67199999999,1600,1200
train,frame_0806_224.434.jpg,5,Box,0.190608,0.365217,0.069613281936,304.9728,438.2604,133657.50131712,1600,1200
train,frame_0806_224.434.jpg,5,Box,0.176087,0.250435,0.044098347845000004,281.7392,300.52200000000005,84668.82786240001,1600,1200
train,frame_0812_225.567.jpg,2,Wheel,0.079565,0.224348,0.01785024862,127.304,269.2176,34272.477350400004,1600,1200
train,frame_0812_225.567.jpg,2,Wheel,0.113478,0.170435,0.01934062293,181.5648,204.522,37133.9960256,1600,1200
train,frame_0812_225.567.jpg,6,Flange,0.032609,0.078261,0.002552012949,52.1744,93.9132,4899.86486208,1600,1200
train,frame_0812_225.567.jpg,0,Bolt,0.088696,0.050435,0.00447338276,141.9136,60.522,8588.8948992,1600,1200
train,frame_0812_225.567.jpg,6,Flange,0.044522,0.085217,0.003794031274,71.23519999999999,102.2604,7284.540046079999,1600,1200
train,frame_0812_225.567.jpg,6,Flange,0.054783,0.071304,0.003906247032,87.6528,85.5648,7499.9943014400005,1600,1200
train,frame_0812_225.567.jpg,6,Flange,0.037826,0.064348,0.002434027448,60.5216,77.2176,4673.33270016,1600,1200
train,frame_0812_225.567.jpg,6,Flange,0.044348,0.057391,0.002545176068,70.9568,68.86919999999999,4886.7380505599995,1600,1200
train,frame_0812_225.567.jpg,10,Washer,0.023478,0.033043,0.000775783554,37.5648,39.6516,1489.50442368,1600,1200
train,frame_0812_225.567.jpg,10,Washer,0.02087,0.026087,0.00054443569,33.391999999999996,31.304399999999998,1045.3165247999998,1600,1200
train,frame_0812_225.567.jpg,10,Washer,0.023478,0.027826,0.000653298828,37.5648,33.3912,1254.3337497599998,1600,1200
train,frame_0812_225.567.jpg,10,Washer,0.023478,0.029565,0.0006941270699999999,37.5648,35.478,1332.7239744,1600,1200
train,frame_0813_225.698.jpg,10,Washer,0.027391,0.033043,0.0009050808130000001,43.825599999999994,39.6516,1737.7551609599998,1600,1200
train,frame_0816_226.656.jpg,6,Flange,0.041913,0.076522,0.003207266586,67.0608,91.8264,6157.95184512,1600,1200
train,frame_0816_226.656.jpg,6,Flange,0.053478,0.05913,0.00316215414,85.56479999999999,70.956,6071.3359488,1600,1200
train,frame_0816_226.656.jpg,6,Flange,0.044348,0.053913,0.002390933724,70.9568,64.6956,4590.59275008,1600,1200
train,frame_0816_226.656.jpg,6,Flange,0.046957,0.06087,0.00285827259,75.13119999999999,73.044,5487.883372799999,1600,1200
train,frame_0816_226.656.jpg,2,Wheel,0.078261,0.187826,0.014699450586,125.21759999999999,225.3912,28222.945125119997,1600,1200
train,frame_0826_228.615.jpg,7,Nut,0.019565,0.041739,0.000816623535,31.304,50.0868,1567.9171871999997,1600,1200
train,frame_0826_228.615.jpg,7,Nut,0.018261,0.033043,0.0006033982230000001,29.217599999999997,39.6516,1158.52458816,1600,1200
train,frame_0826_228.615.jpg,7,Nut,0.018261,0.031304,0.000571642344,29.217599999999997,37.5648,1097.5533004799997,1600,1200
train,frame_0826_228.615.jpg,7,Nut,0.016957,0.038261,0.0006487917770000001,27.1312,45.9132,1245.68021184,1600,1200
train,frame_0826_228.615.jpg,7,Nut,0.026087,0.029565,0.000771262155,41.7392,35.478,1480.8233376,1600,1200
train,frame_0826_228.615.jpg,7,Nut,0.022174,0.026087,0.0005784531379999999,35.4784,31.304399999999998,1110.63002496,1600,1200
train,frame_0826_228.615.jpg,2,Wheel,0.146087,0.212174,0.030995863138,233.73919999999998,254.6088,59512.05722495999,1600,1200
train,frame_0828_229.658.jpg,2,Wheel,0.105652,0.2,0.0211304,169.04319999999998,240.0,40570.367999999995,1600,1200
train,frame_0828_229.658.jpg,10,Washer,0.027391,0.041739,0.001143272949,43.825599999999994,50.0868,2195.0840620799995,1600,1200
train,frame_0836_231.822.jpg,7,Nut,0.02087,0.029565,0.00061702155,33.391999999999996,35.478,1184.681376,1600,1200
train,frame_0836_231.822.jpg,7,Nut,0.027391,0.027826,0.000762181966,43.825599999999994,33.3912,1463.3893747199998,1600,1200
train,frame_0836_231.822.jpg,7,Nut,0.013043,0.027826,0.000362934518,20.8688,33.3912,696.8342745599999,1600,1200
train,frame_0836_231.822.jpg,7,Nut,0.023478,0.034783,0.000816635274,37.5648,41.7396,1567.9397260800001,1600,1200
train,frame_0836_231.822.jpg,7,Nut,0.014348,0.022609,0.000324393932,22.9568,27.1308,622.83634944,1600,1200
train,frame_0836_231.822.jpg,3,Wheel Support,0.083478,0.132174,0.011033621172000001,133.5648,158.60880000000003,21184.552650240003,1600,1200
train,frame_0836_231.822.jpg,2,Wheel,0.088696,0.102609,0.009101007864,141.9136,123.13080000000001,17473.93509888,1600,1200
train,frame_0836_231.822.jpg,2,Wheel,0.104348,0.193043,0.020143650963999997,166.9568,231.6516,38675.809850879996,1600,1200
train,frame_0850_235.542.jpg,7,Nut,0.019565,0.027826,0.00054441569,31.304,33.3912,1045.2781248,1600,1200
train,frame_0850_235.542.jpg,7,Nut,0.023478,0.031304,0.000734955312,37.5648,37.5648,1411.11419904,1600,1200
train,frame_0850_235.542.jpg,10,Washer,0.018261,0.041739,0.000762195879,29.217599999999997,50.0868,1463.4160876799997,1600,1200
train,frame_0850_235.542.jpg,2,Wheel,0.092609,0.201739,0.018682847051,148.1744,242.0868,35871.06633792,1600,1200
train,frame_0850_235.542.jpg,2,Wheel,0.088696,0.126957,0.011260578071999998,141.9136,152.34839999999997,21620.309898239997,1600,1200
train,frame_0854_237.251.jpg,5,Box,0.187826,0.257391,0.048344721965999995,300.5216,308.8692,92821.86617471998,1600,1200
train,frame_0855_237.252.jpg,5,Box,0.193043,0.286957,0.055395040151000004,308.86879999999996,344.3484,106358.47708992,1600,1200
train,frame_0857_238.577.jpg,2,Wheel,0.08087,0.13913,0.0112514431,129.392,166.95600000000002,21602.770752,1600,1200
train,frame_0857_238.577.jpg,2,Wheel,0.073043,0.114783,0.008384094669,116.8688,137.7396,16097.461764479998,1600,1200
train,frame_0858_239.076.jpg,6,Flange,0.037826,0.052174,0.0019735337239999997,60.5216,62.608799999999995,3789.1847500799995,1600,1200
train,frame_0858_239.076.jpg,2,Wheel,0.076957,0.137391,0.010573199187,123.13119999999999,164.8692,20300.54243904,1600,1200
train,frame_0858_239.076.jpg,3,Wheel Support,0.095217,0.175652,0.016725056484,152.3472,210.7824,32112.108449279996,1600,1200
train,frame_0859_239.187.jpg,2,Wheel,0.082174,0.147826,0.012147453724000001,131.4784,177.39120000000003,23323.111150080003,1600,1200
train,frame_0859_239.187.jpg,10,Washer,0.016957,0.033043,0.000560310151,27.1312,39.6516,1075.7954899200001,1600,1200
train,frame_0860_239.952.jpg,2,Wheel,0.086087,0.151304,0.013025307448,137.73919999999998,181.5648,25008.590300159995,1600,1200
train,frame_0861_240.180.jpg,10,Washer,0.016957,0.038261,0.0006487917770000001,27.1312,45.9132,1245.68021184,1600,1200
train,frame_0861_240.180.jpg,6,Flange,0.037826,0.045217,0.001710378242,60.5216,54.2604,3283.92622464,1600,1200
train,frame_0861_240.180.jpg,6,Flange,0.037826,0.048696,0.001841974896,60.5216,58.4352,3536.59180032,1600,1200
train,frame_0861_240.180.jpg,6,Flange,0.032609,0.053913,0.001758049017,52.1744,64.6956,3375.45411264,1600,1200
train,frame_0861_240.180.jpg,6,Flange,0.03913,0.050435,0.0019735215499999998,62.608,60.522,3789.1613759999996,1600,1200
train,frame_0862_241.175.jpg,2,Wheel,0.097826,0.142609,0.013950868034,156.5216,171.13080000000002,26785.666625280006,1600,1200
train,frame_0863_241.492.jpg,4,Wrench,0.112174,0.46087,0.05169763138,179.4784,553.044,99259.4522496,1600,1200
train,frame_0863_241.492.jpg,2,Wheel,0.082174,0.132174,0.010861266276,131.4784,158.60880000000003,20853.631249920003,1600,1200
train,frame_0863_241.492.jpg,3,Wheel Support,0.100435,0.201739,0.020261656465,160.696,242.0868,38902.380412800005,1600,1200
train,frame_0863_241.492.jpg,2,Wheel,0.067826,0.142609,0.009672598034,108.52159999999999,171.13080000000002,18571.38822528,1600,1200
train,frame_0863_241.492.jpg,6,Flange,0.036522,0.055652,0.002032522344,58.435199999999995,66.7824,3902.4429004799995,1600,1200
train,frame_0863_241.492.jpg,6,Flange,0.035217,0.046957,0.0016536846689999998,56.3472,56.3484,3175.07456448,1600,1200
train,frame_0863_241.492.jpg,6,Flange,0.040435,0.045217,0.0018283493949999999,64.696,54.2604,3510.4308383999996,1600,1200
train,frame_0863_241.492.jpg,5,Box,0.194348,0.278261,0.054079468827999994,310.9568,333.91319999999996,103832.58014975999,1600,1200
train,frame_0863_241.492.jpg,5,Box,0.187826,0.278261,0.052264650585999994,300.5216,333.91319999999996,100348.12912511999,1600,1200
train,frame_0863_241.492.jpg,5,Box,0.164348,0.24,0.039443519999999996,262.9568,288.0,75731.5584,1600,1200
train,frame_0864_241.739.jpg,4,Wrench,0.114783,0.467826,0.053698471758,183.65279999999998,561.3912,103101.06577536,1600,1200
train,frame_0865_241.897.jpg,4,Wrench,0.106957,0.445217,0.047619074669,171.1312,534.2604,91428.62336448001,1600,1200
train,frame_0866_242.087.jpg,4,Wrench,0.17087,0.441739,0.07547994293,273.392,530.0868,144921.4904256,1600,1200
train,frame_0867_242.198.jpg,5,Box,0.182609,0.293913,0.053671159016999995,292.1744,352.69559999999996,103048.62531263998,1600,1200
train,frame_0867_242.198.jpg,5,Box,0.126522,0.245217,0.031025345274,202.43519999999998,294.2604,59568.66292608,1600,1200
train,frame_0868_242.448.jpg,2,Wheel,0.084783,0.128696,0.010911232968,135.65279999999998,154.4352,20949.56729856,1600,1200
train,frame_0869_242.510.jpg,5,Box,0.135652,0.236522,0.032084682344,217.04319999999998,283.82640000000004,61602.59010048,1600,1200
train,frame_0870_243.567.jpg,2,Wheel,0.105652,0.177391,0.018741713931999998,169.04319999999998,212.86919999999998,35984.090749439994,1600,1200
train,frame_0871_243.786.jpg,5,Box,0.116087,0.186087,0.021602281569,185.73919999999998,223.30440000000002,41476.380612479996,1600,1200
train,frame_0872_243.801.jpg,1,Frame,0.573913,0.589565,0.338359017845,918.2608,707.478,649649.3142623999,1600,1200
train,frame_0873_243.912.jpg,1,Frame,0.542609,0.525217,0.28498747115300005,868.1744,630.2604,547175.94461376,1600,1200
train,frame_0874_244.112.jpg,2,Wheel,0.084783,0.125217,0.010616272910999999,135.65279999999998,150.2604,20383.243989119997,1600,1200
train,frame_0874_244.112.jpg,2,Wheel,0.06913,0.126957,0.008776537409999998,110.60799999999999,152.34839999999997,16850.951827199995,1600,1200
train,frame_0874_244.112.jpg,1,Frame,0.516522,0.504348,0.260506837656,826.4352,605.2176000000001,500173.12829952006,1600,1200
train,frame_0874_244.112.jpg,2,Wheel,0.121304,0.165217,0.020041482968,194.0864,198.2604,38479.64729856,1600,1200
train,frame_0874_244.112.jpg,3,Wheel Support,0.103043,0.121739,0.012544351777,164.8688,146.0868,24085.15541184,1600,1200
train,frame_0874_244.112.jpg,3,Wheel Support,0.067826,0.156522,0.010616261172,108.52159999999999,187.8264,20383.22145024,1600,1200
train,frame_0874_244.112.jpg,3,Wheel Support,0.105652,0.154783,0.016353133516,169.04319999999998,185.7396,31398.016350719998,1600,1200
train,frame_0874_244.112.jpg,5,Box,0.098522,0.222609,0.021931883898,157.6352,267.1308,42109.21708416,1600,1200
train,frame_0896_215.187.jpg,5,Box,0.155217,0.224348,0.034822623516,248.3472,269.2176,66859.43715072,1600,1200
train,frame_0896_215.187.jpg,5,Box,0.15913,0.246957,0.03929826741,254.608,296.3484,75452.6734272,1600,1200
train,frame_0896_215.187.jpg,5,Box,0.285826,0.521739,0.149126571414,457.32160000000005,626.0867999999999,286323.01711488,1600,1200
train,frame_0896_215.187.jpg,5,Box,0.23087,0.323478,0.07468136586,369.392,388.17359999999996,143388.22245119998,1600,1200
train,frame_0896_215.187.jpg,10,Washer,0.019565,0.031304,0.0006124627599999999,31.304,37.5648,1175.9284991999998,1600,1200
train,frame_0896_215.187.jpg,10,Washer,0.022174,0.029565,0.00065557431,35.4784,35.478,1258.7026752000002,1600,1200
train,frame_0896_215.187.jpg,7,Nut,0.014348,0.02087,0.00029944275999999997,22.9568,25.044,574.9300992000001,1600,1200
train,frame_0896_215.187.jpg,7,Nut,0.016957,0.027826,0.000471845482,27.1312,33.3912,905.94332544,1600,1200
train,frame_0896_215.187.jpg,7,Nut,0.019565,0.026087,0.000510392155,31.304,31.304399999999998,979.9529375999999,1600,1200
train,frame_0896_215.187.jpg,4,Wrench,0.216522,0.41913,0.09075086586,346.4352,502.956,174241.6624512,1600,1200
train,frame_0896_215.187.jpg,2,Wheel,0.105652,0.165217,0.017455506484,169.04319999999998,198.2604,33514.57244928,1600,1200
train,frame_0896_215.187.jpg,2,Wheel,0.084783,0.147826,0.012533131758,135.65279999999998,177.39120000000003,24063.61297536,1600,1200
train,frame_0896_215.187.jpg,2,Wheel,0.095217,0.13913,0.01324754121,152.3472,166.95600000000002,25435.2791232,1600,1200
train,frame_0896_215.187.jpg,6,Flange,0.046957,0.053913,0.002531592741,75.13119999999999,64.6956,4860.658062719999,1600,1200
train,frame_0902_216.901.jpg,6,Flange,0.053478,0.062609,0.0033482041019999996,85.56479999999999,75.1308,6428.5518758399985,1600,1200
train,frame_0902_216.901.jpg,3,Wheel Support,0.082174,0.16,0.01314784,131.4784,192.0,25243.8528,1600,1200
train,frame_0902_216.901.jpg,2,Wheel,0.086087,0.144348,0.012426486276,137.73919999999998,173.2176,23858.853649919998,1600,1200
train,frame_0902_216.901.jpg,2,Wheel,0.073043,0.146087,0.010670632740999999,116.8688,175.3044,20487.61486272,1600,1200
train,frame_0902_216.901.jpg,2,Wheel,0.091304,0.147826,0.013497105104,146.0864,177.39120000000003,25914.441799680004,1600,1200
train,frame_0902_216.901.jpg,2,Wheel,0.096522,0.149565,0.01443631293,154.4352,179.478,27717.7208256,1600,1200
train,frame_0902_216.901.jpg,4,Wrench,0.18913,0.453913,0.08584856569,302.608,544.6956,164829.2461248,1600,1200
train,frame_0902_216.901.jpg,7,Nut,0.015652,0.029565,0.00046275138,25.0432,35.478,888.4826496,1600,1200
train,frame_0903_217.213.jpg,2,Wheel,0.098,0.165217,0.016191266,156.8,198.2604,31087.230720000003,1600,1200
train,frame_0903_217.213.jpg,4,Wrench,0.142174,0.474782,0.067501656068,227.4784,569.7384,129603.17965055999,1600,1200
train,frame_0904_217.276.jpg,6,Flange,0.05087,0.05913,0.0030079431,81.392,70.956,5775.250752,1600,1200
train,frame_0904_217.276.jpg,0,Bolt,0.056087,0.066087,0.003706621569,89.7392,79.30440000000002,7116.713412480001,1600,1200
train,frame_0904_217.276.jpg,3,Wheel Support,0.093913,0.142609,0.013392839017,150.2608,171.13080000000002,25714.25091264,1600,1200
train,frame_0904_217.276.jpg,2,Wheel,0.087391,0.121739,0.010638892948999999,139.8256,146.0868,20426.674462080002,1600,1200
train,frame_0904_217.276.jpg,5,Box,0.244086,0.584348,0.142631165928,390.5376,701.2176,273851.83858176,1600,1200
train,frame_0905_217.875.jpg,10,Washer,0.022174,0.027826,0.000617013724,35.4784,33.3912,1184.66635008,1600,1200
train,frame_0905_217.875.jpg,10,Washer,0.019565,0.036522,0.00071455293,31.304,43.8264,1371.9416256,1600,1200
train,frame_0905_217.875.jpg,7,Nut,0.011739,0.01913,0.00022456707,18.7824,22.956000000000003,431.1687744,1600,1200
train,frame_0905_217.875.jpg,7,Nut,0.019565,0.02087,0.00040832155,31.304,25.044,783.9773759999999,1600,1200
train,frame_0905_217.875.jpg,7,Nut,0.018261,0.031304,0.000571642344,29.217599999999997,37.5648,1097.5533004799997,1600,1200
train,frame_0905_217.875.jpg,7,Nut,0.016957,0.027826,0.000471845482,27.1312,33.3912,905.94332544,1600,1200
train,frame_0905_217.875.jpg,7,Nut,0.013043,0.024348,0.00031757096400000003,20.8688,29.2176,609.7362508800001,1600,1200
train,frame_0905_217.875.jpg,7,Nut,0.02087,0.024348,0.0005081427600000001,33.391999999999996,29.2176,975.6340991999999,1600,1200
train,frame_0905_217.875.jpg,6,Flange,0.041739,0.048696,0.002032522344,66.7824,58.4352,3902.44290048,1600,1200
train,frame_0905_217.875.jpg,6,Flange,0.046957,0.06087,0.00285827259,75.13119999999999,73.044,5487.883372799999,1600,1200
train,frame_0905_217.875.jpg,6,Flange,0.03913,0.05913,0.0023137569,62.608,70.956,4442.413248,1600,1200
train,frame_0905_217.875.jpg,6,Flange,0.03913,0.053913,0.00210961569,62.608,64.6956,4050.4621248,1600,1200
train,frame_0905_217.875.jpg,6,Flange,0.041739,0.048696,0.002032522344,66.7824,58.4352,3902.44290048,1600,1200
train,frame_0905_217.875.jpg,0,Bolt,0.062609,0.064348,0.004028763932,100.17439999999999,77.2176,7735.226749439999,1600,1200
train,frame_0905_217.875.jpg,3,Wheel Support,0.070435,0.16,0.0112696,112.696,192.0,21637.631999999998,1600,1200
train,frame_0905_217.875.jpg,7,Nut,0.026087,0.034783,0.000907384121,41.7392,41.7396,1742.17751232,1600,1200
train,frame_0905_217.875.jpg,7,Nut,0.023478,0.029565,0.0006941270699999999,37.5648,35.478,1332.7239744,1600,1200
train,frame_0905_217.875.jpg,7,Nut,0.036522,0.04,0.00146088,58.435199999999995,48.0,2804.8895999999995,1600,1200
train,frame_0909_219.822.jpg,7,Nut,0.023478,0.04,0.00093912,37.5648,48.0,1803.1104,1600,1200
train,frame_0909_219.822.jpg,2,Wheel,0.101739,0.210435,0.021409446465,162.7824,252.52200000000002,41106.1372128,1600,1200
train,frame_0909_219.822.jpg,3,Wheel Support,0.131739,0.135652,0.017870658828,210.7824,162.7824,34311.66494976,1600,1200
train,frame_0909_219.822.jpg,3,Wheel Support,0.11087,0.18087,0.0200530569,177.392,217.044,38501.869248,1600,1200
train,frame_0909_219.822.jpg,2,Wheel,0.091304,0.109565,0.01000372276,146.0864,131.478,19207.147699200003,1600,1200
train,frame_0909_219.822.jpg,2,Wheel,0.086087,0.13913,0.011977284309999999,137.73919999999998,166.95600000000002,22996.385875199998,1600,1200
train,frame_0909_219.822.jpg,2,Wheel,0.106957,0.156522,0.016741123554,171.1312,187.8264,32142.95722368,1600,1200
train,frame_0909_219.822.jpg,2,Wheel,0.092609,0.125217,0.011596221152999998,148.1744,150.2604,22264.744613759998,1600,1200
train,frame_0909_219.822.jpg,2,Wheel,0.083478,0.121739,0.010162528242,133.5648,146.0868,19512.05422464,1600,1200
train,frame_0911_219.897.jpg,7,Nut,0.036522,0.04,0.00146088,58.435199999999995,48.0,2804.8895999999995,1600,1200
train,frame_0911_219.897.jpg,7,Nut,0.022174,0.036522,0.000809838828,35.4784,43.8264,1554.89054976,1600,1200
train,frame_0911_219.897.jpg,7,Nut,0.031304,0.045217,0.001415472968,50.0864,54.2604,2717.7080985599996,1600,1200
train,frame_0911_219.897.jpg,2,Wheel,0.093913,0.116522,0.010942930586,150.2608,139.8264,21010.42672512,1600,1200
train,frame_0911_219.897.jpg,2,Wheel,0.11087,0.128696,0.01426852552,177.392,154.4352,27395.568998400002,1600,1200
train,frame_0912_219.969.jpg,6,Flange,0.054783,0.062609,0.003429908847,87.6528,75.1308,6585.424986239999,1600,1200
train,frame_0912_219.969.jpg,7,Nut,0.032609,0.034783,0.001134238847,52.1744,41.7396,2177.73858624,1600,1200
train,frame_0912_219.969.jpg,7,Nut,0.031304,0.036522,0.001143284688,50.0864,43.8264,2195.10660096,1600,1200
train,frame_0912_219.969.jpg,7,Nut,0.032609,0.034783,0.001134238847,52.1744,41.7396,2177.73858624,1600,1200
train,frame_0912_219.969.jpg,7,Nut,0.023478,0.034783,0.000816635274,37.5648,41.7396,1567.9397260800001,1600,1200
train,frame_0912_219.969.jpg,7,Nut,0.024783,0.036522,0.0009051247259999999,39.6528,43.8264,1737.83947392,1600,1200
train,frame_0912_219.969.jpg,7,Nut,0.023478,0.029565,0.0006941270699999999,37.5648,35.478,1332.7239744,1600,1200
train,frame_0943_228.211.jpg,1,Frame,0.572609,0.518261,0.296760912949,916.1744000000001,621.9132,569780.9528620801,1600,1200
train,frame_0943_228.211.jpg,3,Wheel Support,0.082174,0.130435,0.010718365689999999,131.4784,156.522,20579.2621248,1600,1200
train,frame_0943_228.211.jpg,3,Wheel Support,0.122609,0.151304,0.018551232136,196.1744,181.5648,35618.36570112,1600,1200
train,frame_0943_228.211.jpg,3,Wheel Support,0.12913,0.161739,0.02088535707,206.608,194.08679999999998,40099.885574399996,1600,1200
train,frame_0943_228.211.jpg,3,Wheel Support,0.161739,0.201739,0.032629064121,258.7824,242.0868,62647.803112320005,1600,1200
train,frame_0943_228.211.jpg,2,Wheel,0.076957,0.177391,0.013651479187,123.13119999999999,212.86919999999998,26210.840039039995,1600,1200
train,frame_0943_228.211.jpg,2,Wheel,0.12,0.151304,0.01815648,192.0,181.5648,34860.4416,1600,1200
train,frame_0943_228.211.jpg,2,Wheel,0.108261,0.121739,0.013179585879,173.2176,146.0868,25304.804887680002,1600,1200
train,frame_0943_228.211.jpg,2,Wheel,0.091304,0.12,0.01095648,146.0864,144.0,21036.4416,1600,1200
train,frame_0943_228.211.jpg,7,Nut,0.028696,0.038261,0.001097937656,45.9136,45.9132,2108.04029952,1600,1200
train,frame_0943_228.211.jpg,7,Nut,0.028696,0.045217,0.001297547032,45.9136,54.2604,2491.29030144,1600,1200
train,frame_0943_228.211.jpg,7,Nut,0.022174,0.038261,0.0008483994140000001,35.4784,45.9132,1628.9268748800002,1600,1200
train,frame_0943_228.211.jpg,7,Nut,0.032609,0.041739,0.0013610670509999999,52.1744,50.0868,2613.2487379199997,1600,1200
train,frame_0943_228.211.jpg,7,Nut,0.02087,0.033043,0.0006896074100000001,33.391999999999996,39.6516,1324.0462272,1600,1200
train,frame_0943_228.211.jpg,7,Nut,0.032609,0.036522,0.001190945898,52.1744,43.8264,2286.61612416,1600,1200
train,frame_0944_228.321.jpg,1,Frame,0.584348,0.556522,0.32520251765599995,934.9567999999999,667.8263999999999,624388.8338995199,1600,1200
train,frame_0944_228.321.jpg,2,Wheel,0.105652,0.111304,0.011759490208,169.04319999999998,133.5648,22578.221199359996,1600,1200
train,frame_0944_228.321.jpg,2,Wheel,0.109565,0.116522,0.01276673293,175.304,139.8264,24512.1272256,1600,1200
train,frame_0944_228.321.jpg,2,Wheel,0.12,0.16,0.0192,192.0,192.0,36864.0,1600,1200
train,frame_0944_228.321.jpg,2,Wheel,0.101739,0.184348,0.018755381172,162.7824,221.2176,36010.33185024,1600,1200
train,frame_0944_228.321.jpg,3,Wheel Support,0.11087,0.147826,0.01638946862,177.392,177.39120000000003,31467.779750400005,1600,1200
train,frame_0944_228.321.jpg,3,Wheel Support,0.084783,0.147826,0.012533131758,135.65279999999998,177.39120000000003,24063.61297536,1600,1200
train,frame_0944_228.321.jpg,3,Wheel Support,0.112174,0.163478,0.018337981172,179.4784,196.17360000000002,35208.923850240004,1600,1200
train,frame_0944_228.321.jpg,3,Wheel Support,0.133043,0.205217,0.027302685331000002,212.8688,246.2604,52421.155835519996,1600,1200
train,frame_0944_228.321.jpg,7,Nut,0.022174,0.031304,0.0006941348959999999,35.4784,37.5648,1332.73900032,1600,1200
train,frame_0944_228.321.jpg,7,Nut,0.024783,0.046957,0.001163735331,39.6528,56.3484,2234.37183552,1600,1200
train,frame_0944_228.321.jpg,7,Nut,0.026087,0.031304,0.0008166274479999999,41.7392,37.5648,1567.9247001599997,1600,1200
train,frame_0944_228.321.jpg,7,Nut,0.026087,0.048696,0.001270332552,41.7392,58.4352,2439.03849984,1600,1200
train,frame_0944_228.321.jpg,7,Nut,0.022174,0.045217,0.0010026417579999999,35.4784,54.2604,1925.0721753599998,1600,1200
train,frame_0944_228.321.jpg,6,Flange,0.03913,0.041739,0.00163324707,62.608,50.0868,3135.8343743999994,1600,1200
train,frame_0945_228.382.jpg,1,Frame,0.553043,0.504348,0.278926130964,884.8688,605.2176000000001,535538.17145088,1600,1200
train,frame_0945_228.382.jpg,2,Wheel,0.073043,0.196522,0.014354556446,116.8688,235.8264,27560.74837632,1600,1200
train,frame_0945_228.382.jpg,2,Wheel,0.097826,0.121739,0.011909239414,156.5216,146.0868,22865.739674880002,1600,1200
train,frame_0945_228.382.jpg,2,Wheel,0.088696,0.128696,0.011414820416,141.9136,154.4352,21916.455198720003,1600,1200
train,frame_0945_228.382.jpg,2,Wheel,0.116087,0.147826,0.017160676862000002,185.73919999999998,177.39120000000003,32948.499575040005,1600,1200
train,frame_0945_228.382.jpg,7,Nut,0.026087,0.041739,0.0010888452929999999,41.7392,50.0868,2090.5829625599995,1600,1200
train,frame_0945_228.382.jpg,7,Nut,0.02087,0.04,0.0008348,33.391999999999996,48.0,1602.8159999999998,1600,1200
train,frame_0945_228.382.jpg,7,Nut,0.026087,0.027826,0.000725896862,41.7392,33.3912,1393.7219750399997,1600,1200
train,frame_0945_228.382.jpg,7,Nut,0.032609,0.043478,0.0014177741020000001,52.1744,52.1736,2722.12627584,1600,1200
train,frame_0945_228.382.jpg,7,Nut,0.026087,0.031304,0.0008166274479999999,41.7392,37.5648,1567.9247001599997,1600,1200
train,frame_0945_228.382.jpg,3,Wheel Support,0.095217,0.123478,0.011757204726,152.3472,148.1736,22573.833073919996,1600,1200
train,frame_0945_228.382.jpg,3,Wheel Support,0.097826,0.146087,0.014291106861999999,156.5216,175.3044,27438.92517504,1600,1200
train,frame_0945_228.382.jpg,3,Wheel Support,0.113478,0.158261,0.017959141758,181.5648,189.91320000000002,34481.552175360004,1600,1200
train,frame_0945_228.382.jpg,3,Wheel Support,0.157826,0.189565,0.02991828569,252.52159999999998,227.478,57443.108524799994,1600,1200
train,frame_0970_233.174.jpg,0,Bolt,0.026087,0.071304,0.0018601074480000001,41.7392,85.5648,3571.40630016,1600,1200
train,frame_0970_233.174.jpg,0,Bolt,0.037826,0.10087,0.0038155086199999997,60.5216,121.044,7325.7765504,1600,1200
train,frame_0970_233.174.jpg,0,Bolt,0.026087,0.083478,0.0021776905859999997,41.7392,100.1736,4181.165925119999,1600,1200
train,frame_0970_233.174.jpg,0,Bolt,0.088696,0.031304,0.0027765395839999996,141.9136,37.5648,5330.95600128,1600,1200
train,frame_0970_233.174.jpg,6,Flange,0.057391,0.069565,0.003992404915,91.8256,83.47800000000001,7665.4174368,1600,1200
train,frame_0970_233.174.jpg,6,Flange,0.049565,0.069565,0.003447989225,79.304,83.47800000000001,6620.139312000001,1600,1200
train,frame_0970_233.174.jpg,6,Flange,0.03913,0.046957,0.0018374274099999999,62.608,56.3484,3527.8606271999997,1600,1200
train,frame_0970_233.174.jpg,6,Flange,0.043043,0.069565,0.0029942862949999998,68.8688,83.47800000000001,5749.0296864,1600,1200
train,frame_0970_233.174.jpg,7,Nut,0.023478,0.04,0.00093912,37.5648,48.0,1803.1104,1600,1200
train,frame_0970_233.174.jpg,7,Nut,0.032609,0.048696,0.001587927864,52.1744,58.4352,3048.82149888,1600,1200
train,frame_0970_233.174.jpg,7,Nut,0.036522,0.036522,0.0013338564839999998,58.435199999999995,43.8264,2561.00444928,1600,1200
train,frame_0970_233.174.jpg,2,Wheel,0.092609,0.13913,0.01288469017,148.1744,166.95600000000002,24738.6051264,1600,1200
train,frame_0970_233.174.jpg,2,Wheel,0.073043,0.16,0.01168688,116.8688,192.0,22438.8096,1600,1200
train,IMG_037376.jpg,9,Table,0.619565,0.664348,0.41160676862000006,3538.95528,2846.0668320000004,10072103.242339276,5712,4284
train,IMG_037377.jpg,9,Table,0.601304,0.686957,0.413069991928,3434.648448,2942.923788,10107908.621036481,5712,4284
train,IMG_037378.jpg,9,Table,0.593478,0.65913,0.39117915414,3389.9463359999995,2823.71292,9572235.26706986,5712,4284
train,IMG_037379.jpg,9,Table,0.589565,0.678261,0.399878946465,3367.59528,2905.670124,9785120.994819416,5712,4284
train,IMG_037381.jpg,9,Table,0.619565,0.69913,0.43315647845000005,3538.95528,2995.07292,10599429.124219019,5712,4284
train,IMG_037382.jpg,9,Table,0.598696,0.690435,0.41336067276,3419.751552,2957.82354,10115021.641457135,5712,4284
train,IMG_037383.jpg,9,Table,0.8,0.598261,0.47860880000000006,4569.6,2562.950124,11711656.886630401,5712,4284
train,IMG_037384.jpg,9,Table,0.809275,0.58087,0.47008356925,4622.5788,2488.44708,11503042.716929903,5712,4284
train,IMG_037385.jpg,9,Table,0.790725,0.582609,0.46068350152500004,4516.6212000000005,2495.896956,11273021.104485068,5712,4284
train,IMG_037387.jpg,9,Table,0.813913,0.57913,0.47136143569000005,4649.071056,2480.99292,11534312.374512924,5712,4284
train,IMG_037390.jpg,9,Table,0.82087,0.6,0.49252199999999996,4688.80944,2570.4,12052115.784576,5712,4284
train,IMG_037391.jpg,9,Table,0.767536,0.610435,0.46853083815999996,4384.165632,2615.1035399999996,11465047.064189536,5712,4284
train,IMG_037392.jpg,9,Table,0.82087,0.631304,0.51821851448,4688.80944,2704.506336,12680914.83877661,5712,4284
train,IMG_037393.jpg,9,Table,0.890435,0.99687,0.88764793845,5086.16472,4270.59108,21720929.6846427,5712,4284
train,IMG_037395.jpg,9,Table,0.946957,0.826087,0.782268867259,5409.018384,3538.956708,19142281.89375212,5712,4284
train,IMG_037396.jpg,9,Table,0.987565,0.817739,0.807570415535,5640.97128,3503.193876,19761416.04278788,5712,4284
train,IMG_037397.jpg,9,Table,0.982174,0.817391,0.802820188034,5610.177888,3501.703044,19645176.98779109,5712,4284
train,IMG_037398.jpg,9,Table,0.948406,0.617391,0.585537328746,5417.295072,2644.903044,14328220.226179,5712,4284
train,IMG_037399.jpg,9,Table,0.944754,0.615652,0.5816396896079999,5396.434848,2637.453168,14232844.185763199,5712,4284
train,IMG_038413.jpg,9,Table,0.844058,0.54087,0.45652565045999993,4821.259296,2317.08708,11171277.624091495,5712,4284
train,IMG_038413.jpg,1,Frame,0.426667,0.095652,0.040811551884,2437.121904,409.773168,998667.1634042719,5712,4284
train,IMG_038414.jpg,9,Table,0.802319,0.530435,0.425578078765,4582.846128,2272.38354,10413984.107619932,5712,4284
train,IMG_038414.jpg,1,Frame,0.435942,0.123478,0.053829246276000005,2490.100704,528.979752,1317212.8528569452,5712,4284
train,IMG_038415.jpg,1,Frame,0.41971,0.113043,0.04744527753,2397.3835200000003,484.27621200000004,1160995.8097768265,5712,4284
train,IMG_038415.jpg,9,Table,0.8,0.490435,0.39234800000000003,4569.6,2101.02354,9600837.168384,5712,4284
train,IMG_038417.jpg,9,Table,0.82087,0.57913,0.4753904431,4688.80944,2480.99292,11632903.023869166,5712,4284
train,IMG_038417.jpg,1,Frame,0.491594,0.126957,0.06241129945799999,2807.984928,543.883788,1527217.479287547,5712,4284
train,IMG_038417.jpg,3,Wheel Support,0.083478,0.05913,0.00493605414,476.82633599999997,253.31292000000002,120786.27150506112,5712,4284
train,IMG_7438.jpeg,8,Support,0.89971,0.685217,0.61649658707,1381.9545600000001,1403.324416,1939330.575850537,1536,2048
train,IMG_7438.jpeg,1,Frame,0.827826,0.426087,0.35272589686199995,1271.540736,872.626176,1109579.7300839054,1536,2048
train,IMG_7440.jpeg,1,Frame,0.857971,0.415652,0.356617362092,1317.843456,851.255296,1121821.2212189431,1536,2048
train,IMG_7441.jpeg,1,Frame,0.86029,0.356522,0.30671231138,1321.40544,730.157056,964833.5058527846,1536,2048
train,IMG_7441.jpeg,8,Support,0.816232,0.657391,0.5365835707119999,1253.732352,1346.336768,1687945.9627287183,1536,2048
train,IMG_7442.jpeg,1,Frame,0.880754,0.344348,0.303285878392,1352.838144,705.224704,954054.8796623094,1536,2048
train,IMG_7448.jpeg,1,Frame,0.707246,0.441739,0.312418140794,1086.329856,904.681472,982782.4932036281,1536,2048
train,IMG_7449.jpeg,1,Frame,0.672464,0.386087,0.259629608368,1032.904704,790.706176,816724.128672252,1536,2048
train,IMG_7454.jpeg,1,Frame,0.851014,0.288696,0.24568433774400003,1307.157504,591.249408,772856.1004027576,1536,2048
train,IMG_7455.jpeg,8,Support,0.776812,0.690435,0.53633819322,1193.1832319999999,1414.01088,1687174.071881564,1536,2048
train,IMG_7455.jpeg,1,Frame,0.823188,0.293913,0.241945654644,1264.416768,601.933824,761095.2202919608,1536,2048
train,IMG_7474.jpeg,8,Support,0.765217,0.702609,0.537648351153,1175.3733120000002,1438.943232,1691295.4723758248,1536,2048
train,IMG_7474.jpeg,1,Frame,0.790725,0.349565,0.276409784625,1214.5536,715.90912,869509.998968832,1536,2048
train,IMG_7477.jpeg,1,Frame,0.902029,0.332174,0.299630581046,1385.516544,680.292352,942556.3084526716,1536,2048
train,IMG_7477.jpeg,8,Support,0.823188,0.666087,0.548314825356,1264.416768,1364.146176,1724849.2989374793,1536,2048
train,IMG_7477.jpeg,8,Support,0.575072,0.283478,0.163020260416,883.310592,580.562944,512817.39775790286,1536,2048
train,IMG_7478.jpeg,8,Support,0.848696,0.667826,0.5667812548960001,1303.597056,1367.707648,1782939.6634014845,1536,2048
train,IMG_7478.jpeg,1,Frame,0.911304,0.323478,0.29478679531199997,1399.762944,662.482944,927319.0760432271,1536,2048
train,IMG_7480.jpeg,1,Frame,0.98087,0.815652,0.8000485772400001,2008.82176,1252.841472,2516735.210784031,2048,1536
train,IMG_7481.jpeg,1,Frame,1.0,0.831304,0.831304,2048.0,1276.882944,2615056.269312,2048,1536
train,IMG_7482.jpeg,1,Frame,1.0,0.878261,0.878261,2048.0,1349.0088959999998,2762770.2190079996,2048,1536
train,IMG_7483.jpeg,1,Frame,1.0,0.85913,0.85913,2048.0,1319.62368,2702589.29664,2048,1536
train,IMG_7484.jpeg,1,Frame,1.0,0.838261,0.838261,2048.0,1287.568896,2636941.099008,2048,1536
train,IMG_7485.jpeg,1,Frame,1.0,0.88,0.88,2048.0,1351.68,2768240.64,2048,1536
train,IMG_7486.jpeg,1,Frame,0.841304,0.876522,0.7374214646880001,1722.990592,1346.337792,2319727.349270053,2048,1536
train,IMG_7487.jpeg,1,Frame,0.886957,0.937391,0.831425509187,1816.487936,1439.832576,2615438.504163803,2048,1536
train,IMG_7488.jpeg,1,Frame,0.881739,0.864348,0.762129341172,1805.801472,1327.638528,2397451.608146313,2048,1536
train,IMG_7489.jpeg,1,Frame,0.856348,0.869565,0.7446502486200001,1753.800704,1335.65184,2342467.1372908955,2048,1536
train,IMG_7491.jpeg,1,Frame,0.866087,0.822609,0.7124509609830001,1773.746176,1263.527424,2241176.936591131,2048,1536
train,IMG_7492.jpeg,1,Frame,0.902,0.855652,0.771798104,1847.296,1314.281472,2427866.906099712,2048,1536
train,IMG_7493.jpeg,1,Frame,0.984783,0.806957,0.794677535331,2016.835584,1239.485952,2499839.3738617157,2048,1536
train,IMG_7494.jpeg,1,Frame,1.0,0.721739,0.721739,2048.0,1108.591104,2270394.580992,2048,1536
train,IMG_7495.jpeg,1,Frame,1.0,0.725217,0.725217,2048.0,1113.9333120000001,2281335.4229760002,2048,1536
train,IMG_7496.jpeg,1,Frame,0.996696,0.711304,0.708953851584,2041.233408,1092.562944,2230175.9816356334,2048,1536
train,IMG_7497.jpeg,3,Wheel Support,0.136812,0.194783,0.026648651796,210.14323199999998,398.915584,83829.41011692748,1536,2048
train,IMG_7497.jpeg,3,Wheel Support,0.18087,0.193043,0.03491568741,277.81632,395.352064,109835.25552488449,1536,2048
train,IMG_7497.jpeg,3,Wheel Support,0.176232,0.182609,0.032181549287999996,270.692352,373.983232,101234.40067864167,1536,2048
train,IMG_7504.jpeg,5,Box,0.73971,0.483478,0.35763351138,1136.19456,990.162944,1125017.7504863846,1536,2048
train,IMG_7504.jpeg,5,Box,0.422029,0.144348,0.060919042092,648.236544,295.624704,191634.73644198297,1536,2048
train,IMG_7504.jpeg,5,Box,0.394203,0.144348,0.056902414644000004,605.495808,295.624704,178999.51901324085,1536,2048
train,IMG_7504.jpeg,7,Nut,0.037101,0.031304,0.001161409704,56.98713600000001,64.110592,3653.479025344512,1536,2048
train,IMG_7511.jpeg,5,Box,0.551884,0.363478,0.20059769255200002,847.6938240000001,744.402944,631025.778196218,1536,2048
train,IMG_7511.jpeg,7,Nut,0.034783,0.034783,0.001209857089,53.426688,71.235584,3805.881320865792,1536,2048
train,IMG_7511.jpeg,7,Nut,0.037101,0.031304,0.001161409704,56.98713600000001,64.110592,3653.479025344512,1536,2048
train,IMG_7511.jpeg,7,Nut,0.053333,0.034783,0.001855081739,81.919488,71.235584,5835.582568660992,1536,2048
train,IMG_7511.jpeg,7,Nut,0.030145,0.026087,0.000786392615,46.30272,53.426176,2473.77726799872,1536,2048
train,IMG_7511.jpeg,7,Nut,0.041739,0.034783,0.001451807637,64.111104,71.235584,4566.991934324736,1536,2048
train,IMG_7511.jpeg,7,Nut,0.034783,0.031304,0.001088847032,53.426688,64.110592,3425.2165962792956,1536,2048
train,IMG_7511.jpeg,5,Box,0.676696,0.297391,0.201243300136,1039.405056,609.056768,633056.6840502191,1536,2048
train,IMG_7512.jpeg,5,Box,0.992058,0.396522,0.393372822276,1523.801088,812.077056,1237443.9014726367,1536,2048
train,IMG_7512.jpeg,5,Box,0.612174,0.313043,0.191636785482,940.299264,641.112064,602837.2019207209,1536,2048
train,IMG_7516.jpeg,5,Box,0.554203,0.293913,0.16288746633899998,851.255808,601.933824,512399.6637116498,1536,2048
train,IMG_7516.jpeg,3,Wheel Support,0.375652,0.182608,0.068597060416,577.0014719999999,373.981184,215787.69366830282,1536,2048
train,IMG_7516.jpeg,5,Box,0.844058,0.384348,0.324412004184,1296.473088,787.144704,1020511.9250977259,1536,2048
train,IMG_7517.jpeg,3,Wheel Support,0.194783,0.21913,0.042682798790000004,299.186688,448.77824,134268.4752720691,1536,2048
train,IMG_7517.jpeg,3,Wheel Support,0.257391,0.201739,0.051925802949,395.352576,413.161472,163344.45225915188,1536,2048
train,IMG_7517.jpeg,3,Wheel Support,0.148406,0.128696,0.019099258576000002,227.951616,263.569408,60081.07248176333,1536,2048
train,IMG_7517.jpeg,5,Box,0.861275,0.530435,0.456850404625,1322.9184,1086.33088,1437127.109640192,1536,2048
train,IMG_7517.jpeg,5,Box,0.403478,0.229565,0.09262442707,619.742208,470.14912,291371.25371805695,1536,2048
train,IMG_7518.jpeg,5,Box,0.851014,0.561739,0.478047753346,1307.157504,1150.441472,1503808.2030376059,1536,2048
train,IMG_7518.jpeg,3,Wheel Support,0.229565,0.201739,0.046312213535,352.61184,413.161472,145685.62685902847,1536,2048
train,IMG_7518.jpeg,3,Wheel Support,0.197101,0.2,0.0394202,302.747136,409.6,124005.22690560001,1536,2048
train,IMG_7518.jpeg,3,Wheel Support,0.162319,0.126957,0.020607533282999996,249.321984,260.007936,64825.69445926501,1536,2048
train,IMG_7518.jpeg,5,Box,0.433623,0.193043,0.08370788478899999,666.044928,395.352064,263322.2370015314,1536,2048
train,IMG_7518.jpeg,5,Box,0.452174,0.149565,0.06762940431,694.539264,306.30912,212743.7107612877,1536,2048
train,IMG_7525.jpeg,5,Box,0.806957,0.506087,0.408390447259,1239.485952,1036.466176,1284685.2648751594,1536,2048
train,IMG_7525.jpeg,5,Box,0.415072,0.13913,0.05774896736,637.550592,284.93824,181662.5435954381,1536,2048
train,IMG_7530.jpeg,5,Box,0.76058,0.466087,0.35449645046,1168.25088,954.546176,1115149.4101126348,1536,2048
train,IMG_7530.jpeg,3,Wheel Support,0.166957,0.191304,0.031939541928,256.445952,391.790592,100473.11135008358,1536,2048
train,IMG_7530.jpeg,3,Wheel Support,0.176232,0.201739,0.035552867448,270.692352,413.161472,111839.65061146216,1536,2048
train,IMG_7530.jpeg,3,Wheel Support,0.192464,0.172174,0.033137296736,295.624704,352.612352,104240.9221867438,1536,2048
train,IMG_7535.jpeg,5,Box,0.943768,0.433043,0.408692126024,1449.6276480000001,886.872064,1285634.2642132256,1536,2048
train,IMG_7535.jpeg,2,Wheel,0.271304,0.132174,0.035859334896,416.722944,270.692352,112803.7138437243,1536,2048
train,IMG_7535.jpeg,2,Wheel,0.157681,0.173913,0.027422775753,242.198016,356.173824,86264.59352393319,1536,2048
train,IMG_7535.jpeg,2,Wheel,0.185507,0.172174,0.031939482218,284.938752,352.612352,100472.92351866471,1536,2048
train,IMG_7535.jpeg,2,Wheel,0.169275,0.173913,0.029439123075000004,260.0064,356.173824,92607.4737524736,1536,2048
train,IMG_7537.jpeg,2,Wheel,0.264348,0.144348,0.03815810510400001,406.03852800000004,295.624704,120035.01965259573,1536,2048
train,IMG_7537.jpeg,2,Wheel,0.169275,0.093913,0.015897123075000002,260.0064,192.333824,50008.025176473595,1536,2048
train,IMG_7537.jpeg,2,Wheel,0.136812,0.184348,0.025221018576,210.14323199999998,377.544704,79338.46432304333,1536,2048
train,IMG_7537.jpeg,2,Wheel,0.146087,0.173913,0.025406428431,224.389632,356.173824,79921.71329539278,1536,2048
train,IMG_7537.jpeg,5,Box,0.954029,0.474783,0.45295675070700003,1465.388544,972.355584,1424878.7334880296,1536,2048
train,IMG_7539.jpeg,5,Box,0.871884,0.469565,0.40940621046000003,1339.213824,961.66912,1287880.5796179147,1536,2048
train,IMG_7539.jpeg,2,Wheel,0.118261,0.191304,0.022623802344,181.648896,391.790592,71168.32849998644,1536,2048
train,IMG_7539.jpeg,2,Wheel,0.111304,0.166957,0.018582981927999998,170.962944,341.927936,58457.00657440358,1536,2048
train,IMG_7545.jpeg,5,Box,0.84597,0.476522,0.40312331634,1299.40992,975.917056,1268116.3036635956,1536,2048
train,IMG_7547.jpeg,5,Box,0.677101,0.542609,0.367401096509,1040.027136,1111.263232,1155743.9165190635,1536,2048
train,IMG_7547.jpeg,0,Bolt,0.234203,0.05913,0.01384842339,359.735808,121.09824,43563.37321377792,1536,2048
train,IMG_7547.jpeg,0,Bolt,0.074203,0.066087,0.004903853661000001,113.975808,135.346176,15426.18976931021,1536,2048
train,IMG_7547.jpeg,0,Bolt,0.06029,0.106087,0.006395985230000001,92.60544,217.266176,20120.02982559744,1536,2048
train,IMG_7547.jpeg,0,Bolt,0.183188,0.045217,0.008283211795999999,281.37676799999997,92.604416,26056.731276607487,1536,2048
train,IMG_7547.jpeg,0,Bolt,0.190145,0.078261,0.014880937845,292.06272,160.278528,46811.38284527616,1536,2048
train,IMG_7547.jpeg,0,Bolt,0.108986,0.088696,0.009666622256,167.40249599999999,181.649408,30408.564296122364,1536,2048
train,IMG_7547.jpeg,0,Bolt,0.190145,0.10087,0.019179926150000002,292.06272,206.58176,60334.8307279872,1536,2048
train,IMG_7548.jpeg,0,Bolt,0.09971,0.046957,0.00468208247,153.15456,96.167936,14728.55792418816,1536,2048
train,IMG_7548.jpeg,0,Bolt,0.16,0.088696,0.01419136,245.76,181.649408,44642.15851008,1536,2048
train,IMG_7548.jpeg,0,Bolt,0.106667,0.144348,0.015397168116,163.840512,295.624704,48435.302863208446,1536,2048
train,IMG_7548.jpeg,0,Bolt,0.074203,0.050435,0.0037424283050000004,113.975808,103.29088,11772.66150703104,1536,2048
train,IMG_7552.jpeg,7,Nut,0.053333,0.045217,0.002411558261,81.919488,92.604416,7586.106345259008,1536,2048
train,IMG_7552.jpeg,7,Nut,0.053333,0.029565,0.001576790145,81.919488,60.54912,4960.15290925056,1536,2048
train,IMG_7552.jpeg,7,Nut,0.037101,0.026087,0.0009678537870000001,56.98713600000001,53.426176,3044.604757671936,1536,2048
train,IMG_7552.jpeg,7,Nut,0.048696,0.033043,0.0016090619280000001,74.797056,67.672064,5061.671160643585,1536,2048
train,IMG_7552.jpeg,7,Nut,0.057971,0.029565,0.001713912615,89.043456,60.54912,5391.502902558721,1536,2048
train,IMG_7552.jpeg,7,Nut,0.048696,0.027826,0.0013550148960000002,74.797056,56.987648,4262.508298764288,1536,2048
train,IMG_7552.jpeg,7,Nut,0.051014,0.034783,0.001774419962,78.35750399999999,71.235584,5581.842558222335,1536,2048
train,IMG_7552.jpeg,7,Nut,0.041739,0.038261,0.001596975879,64.111104,78.358528,5023.651737894912,1536,2048
train,IMG_7553.jpeg,7,Nut,0.053333,0.038261,0.002040573913,81.919488,78.358528,6419.090494193665,1536,2048
train,IMG_7553.jpeg,7,Nut,0.064928,0.034783,0.002258390624,99.729408,71.235584,7104.282620854273,1536,2048
train,IMG_7553.jpeg,7,Nut,0.053333,0.034783,0.001855081739,81.919488,71.235584,5835.582568660992,1536,2048
train,IMG_7554.jpeg,7,Nut,0.067246,0.045217,0.003040662382,103.289856,92.604416,9565.096793604096,1536,2048
train,IMG_7555.jpeg,6,Flange,0.122899,0.090435,0.011114371065,188.772864,185.21088,34962.78826156032,1536,2048
train,IMG_7555.jpeg,6,Flange,0.118261,0.085217,0.010077847637,181.648896,174.524416,31702.16749144474,1536,2048
train,IMG_7555.jpeg,6,Flange,0.129855,0.05913,0.00767832615,199.45728,121.09824,24153.9255631872,1536,2048
train,IMG_7556.jpeg,6,Flange,0.115942,0.095652,0.011090084184000001,178.086912,195.895296,34886.38833996595,1536,2048
train,IMG_7556.jpeg,6,Flange,0.102029,0.048696,0.004968404184,156.716544,99.729408,15629.248156925953,1536,2048
train,IMG_7556.jpeg,6,Flange,0.141449,0.076522,0.010823960378,217.265664,156.717056,34049.23523196518,1536,2048
train,IMG_7556.jpeg,6,Flange,0.129855,0.083478,0.01084003569,199.45728,170.962944,34099.80379103232,1536,2048
train,IMG_7559.jpeg,7,Nut,0.053333,0.038261,0.002040573913,81.919488,78.358528,6419.090494193665,1536,2048
train,IMG_7559.jpeg,7,Nut,0.076522,0.048696,0.0037263153120000005,117.53779200000001,99.729408,11721.974413787138,1536,2048
train,IMG_7560.jpeg,7,Nut,0.062609,0.041739,0.002613237051,96.167424,85.481472,8220.532961968127,1536,2048
train,IMG_7560.jpeg,7,Nut,0.057971,0.043478,0.0025204631380000004,89.043456,89.042944,7928.691466174465,1536,2048
train,IMG_7560.jpeg,7,Nut,0.046377,0.034783,0.0016131311910000002,71.235072,71.235584,5074.471955202049,1536,2048
train,IMG_7560.jpeg,7,Nut,0.053333,0.027826,0.0014840440579999999,81.919488,56.987648,4668.398946484224,1536,2048
train,IMG_7560.jpeg,7,Nut,0.041739,0.031304,0.0013065976559999998,64.111104,64.110592,4110.200831213568,1536,2048
train,IMG_7560.jpeg,7,Nut,0.057971,0.036522,0.002117216862,89.043456,74.797056,6660.188364865537,1536,2048
train,IMG_7560.jpeg,7,Nut,0.053333,0.043478,0.002318812174,81.919488,89.042944,7294.352382492672,1536,2048
train,IMG_7562.jpeg,2,Wheel,0.16,0.125217,0.02003472,245.76,256.444416,63023.77967616,1536,2048
train,IMG_7563.jpeg,2,Wheel,0.150725,0.12,0.018087,231.5136,245.76,56896.782336,1536,2048
train,IMG_7565.jpeg,2,Wheel,0.234203,0.222609,0.052135695626999996,359.735808,455.903232,164004.71753333145,1536,2048
train,IMG_7565.jpeg,2,Wheel,0.18087,0.210435,0.03806137845,277.81632,430.97088,119730.74390876161,1536,2048
train,IMG_7565.jpeg,2,Wheel,0.102029,0.093913,0.009581849476999998,156.716544,192.333824,30141.892191584255,1536,2048
train,IMG_7565.jpeg,2,Wheel,0.173913,0.227826,0.039621903138,267.13036800000003,466.587648,124639.73011449448,1536,2048
train,IMG_7565.jpeg,2,Wheel,0.12058,0.126957,0.01530847506,185.21088,260.007936,48156.29863354367,1536,2048
train,IMG_7565.jpeg,2,Wheel,0.157681,0.064348,0.010146456988,242.198016,131.784704,31917.993847947266,1536,2048
train,IMG_7566.jpeg,2,Wheel,0.222609,0.210435,0.046844724915000004,341.927424,430.97088,147360.7628174131,1536,2048
train,IMG_7566.jpeg,2,Wheel,0.169275,0.2,0.033855,260.0064,409.6,106498.62144,1536,2048
train,IMG_7568.jpeg,2,Wheel,0.153043,0.182609,0.027947029187,235.074048,373.983232,87913.75223036314,1536,2048
train,IMG_7587.jpeg,5,Box,0.693333,0.591304,0.409970576232,1064.959488,1210.990592,1289655.9208291369,1536,2048
train,IMG_7588.jpeg,5,Box,0.544928,0.53913,0.29378703264,837.0094079999999,1104.13824,924174.0946125617,1536,2048
train,IMG_7588.jpeg,5,Box,0.364058,0.189565,0.06901265477,559.193088,388.22912,217095.04046432258,1536,2048
train,IMG_7588.jpeg,5,Box,0.237507,0.328696,0.078067600872,364.810752,673.169408,245579.4379558748,1536,2048
train,IMG_7588.jpeg,7,Nut,0.034783,0.026087,0.000907384121,53.426688,53.426176,2854.3836361850877,1536,2048
train,IMG_7588.jpeg,7,Nut,0.037101,0.038261,0.0014195213610000003,56.98713600000001,78.358528,4465.428091895809,1536,2048
train,IMG_7588.jpeg,7,Nut,0.03942,0.036522,0.0014396972399999999,60.549119999999995,74.797056,4528.895919390719,1536,2048
train,IMG_7588.jpeg,7,Nut,0.03942,0.031304,0.00123400368,60.549119999999995,64.110592,3881.8399282790397,1536,2048
train,IMG_7588.jpeg,7,Nut,0.032464,0.027826,0.000903343264,49.864704,56.987648,2841.6721991761924,1536,2048
train,IMG_7588.jpeg,7,Nut,0.034783,0.034783,0.001209857089,53.426688,71.235584,3805.881320865792,1536,2048
train,IMG_7588.jpeg,7,Nut,0.03942,0.027826,0.0010969009199999998,60.549119999999995,56.987648,3450.5519372697595,1536,2048
train,IMG_7588.jpeg,7,Nut,0.046377,0.043478,0.002016379206,71.235072,89.042944,6342.980526931969,1536,2048
train,IMG_7588.jpeg,7,Nut,0.041739,0.04,0.00166956,64.111104,81.92,5251.98163968,1536,2048
train,IMG_7588.jpeg,7,Nut,0.03942,0.034783,0.0013711458599999999,60.549119999999995,71.235584,4313.25192388608,1536,2048
train,IMG_7588.jpeg,7,Nut,0.041739,0.04,0.00166956,64.111104,81.92,5251.98163968,1536,2048
train,IMG_7589.jpeg,7,Nut,0.041739,0.033043,0.001379181777,64.111104,67.672064,4338.530732998656,1536,2048
train,IMG_7589.jpeg,7,Nut,0.037101,0.027826,0.001032372426,56.98713600000001,56.987648,3247.5628468961286,1536,2048
train,IMG_7589.jpeg,7,Nut,0.037101,0.027826,0.001032372426,56.98713600000001,56.987648,3247.5628468961286,1536,2048
train,IMG_7589.jpeg,7,Nut,0.044058,0.036522,0.001609086276,67.673088,74.797056,5061.747752828928,1536,2048
train,IMG_7589.jpeg,7,Nut,0.032464,0.031304,0.001016253056,49.864704,64.110592,3196.855693344768,1536,2048
train,IMG_7589.jpeg,7,Nut,0.051014,0.033043,0.001685655602,78.35750399999999,67.672064,5302.614025568256,1536,2048
train,IMG_7590.jpeg,7,Nut,0.048696,0.033043,0.0016090619280000001,74.797056,67.672064,5061.671160643585,1536,2048
train,IMG_7591.jpeg,7,Nut,0.044058,0.038261,0.001685703138,67.673088,78.358528,5302.763560894465,1536,2048
train,IMG_7591.jpeg,7,Nut,0.046377,0.034783,0.0016131311910000002,71.235072,71.235584,5074.471955202049,1536,2048
train,IMG_7591.jpeg,7,Nut,0.03942,0.036522,0.0014396972399999999,60.549119999999995,74.797056,4528.895919390719,1536,2048
train,IMG_7591.jpeg,7,Nut,0.041739,0.036522,0.001524391758,64.111104,74.797056,4795.321836109823,1536,2048
train,IMG_7591.jpeg,7,Nut,0.030145,0.041739,0.001258222155,46.30272,85.481472,3958.0246632038397,1536,2048
train,IMG_7591.jpeg,7,Nut,0.030145,0.034783,0.0010485335350000002,46.30272,71.235584,3298.4012999884803,1536,2048
train,IMG_7591.jpeg,7,Nut,0.046377,0.046957,0.002177724789,71.235072,96.167936,6850.529845051392,1536,2048
train,IMG_7591.jpeg,7,Nut,0.048696,0.04,0.0019478400000000002,74.797056,81.92,6127.37482752,1536,2048
train,IMG_7591.jpeg,7,Nut,0.041739,0.041739,0.0017421441209999999,64.111104,85.481472,5480.311541465087,1536,2048
train,IMG_7591.jpeg,5,Box,0.60058,0.568696,0.34154744368,922.4908800000001,1164.689408,1074415.3569125992,1536,2048
train,IMG_7591.jpeg,5,Box,0.354783,0.208696,0.074041792968,544.946688,427.409408,232915.3413096407,1536,2048
train,IMG_7591.jpeg,5,Box,0.216638,0.307826,0.066686808988,332.755968,630.427648,209778.56226420324,1536,2048
train,IMG_7591.jpeg,5,Box,0.167942,0.553043,0.092879147506,257.958912,1132.632064,292172.53492575436,1536,2048
train,IMG_7593.jpeg,7,Nut,0.051014,0.04,0.00204056,78.35750399999999,81.92,6419.046727679999,1536,2048
train,IMG_7593.jpeg,7,Nut,0.057971,0.036522,0.002117216862,89.043456,74.797056,6660.188364865537,1536,2048
train,IMG_7593.jpeg,7,Nut,0.048696,0.031304,0.001524379584,74.797056,64.110592,4795.283540017152,1536,2048
train,IMG_7593.jpeg,7,Nut,0.055652,0.036522,0.002032522344,85.481472,74.797056,6393.762448146432,1536,2048
train,IMG_7593.jpeg,7,Nut,0.048696,0.031304,0.001524379584,74.797056,64.110592,4795.283540017152,1536,2048
train,IMG_7593.jpeg,7,Nut,0.046377,0.026087,0.001209836799,71.235072,53.426176,3805.817494044672,1536,2048
train,IMG_7593.jpeg,7,Nut,0.051014,0.033043,0.001685655602,78.35750399999999,67.672064,5302.614025568256,1536,2048
train,IMG_7593.jpeg,7,Nut,0.048696,0.038261,0.0018631576560000002,74.797056,78.358528,5860.987206893568,1536,2048
train,IMG_7593.jpeg,7,Nut,0.037101,0.026087,0.0009678537870000001,56.98713600000001,53.426176,3044.604757671936,1536,2048
train,IMG_7593.jpeg,7,Nut,0.051014,0.041739,0.0021292733459999996,78.35750399999999,85.481472,6698.114784165887,1536,2048
train,IMG_7594.jpeg,3,Wheel Support,0.204058,0.246957,0.050393551506,313.433088,505.767936,158524.40599186637,1536,2048
train,IMG_7595.jpeg,3,Wheel Support,0.215652,0.24,0.05175648,331.24147200000004,491.52,162811.80831744,1536,2048
train,IMG_7595.jpeg,3,Wheel Support,0.206377,0.234783,0.048453811191,316.995072,480.835584,152422.51057024204,1536,2048
train,IMG_7595.jpeg,3,Wheel Support,0.13913,0.156522,0.02177690586,213.70368000000002,320.557056,68504.22251716608,1536,2048
train,IMG_7596.jpeg,3,Wheel Support,0.192464,0.203478,0.039162189792,295.624704,416.722944,123193.59697000857,1536,2048
train,IMG_7596.jpeg,3,Wheel Support,0.206377,0.229565,0.047376936005,316.995072,470.14912,149034.95414513664,1536,2048
train,IMG_7597.jpeg,5,Box,0.957275,0.589565,0.564375835375,1470.3744,1207.42912,1775372.867862528,1536,2048
train,IMG_7597.jpeg,3,Wheel Support,0.185507,0.243478,0.045166873346,284.938752,498.642944,142082.6981569659,1536,2048
train,IMG_7597.jpeg,3,Wheel Support,0.215652,0.253913,0.054756846276000005,331.24147200000004,520.013824,172250.14452210895,1536,2048
train,IMG_7597.jpeg,3,Wheel Support,0.22029,0.276522,0.06091503138,338.36544000000004,566.317056,191622.11983294465,1536,2048
train,IMG_7598.jpeg,3,Wheel Support,0.229565,0.246957,0.056692683705000003,352.61184,505.767936,178339.76252596223,1536,2048
train,IMG_7598.jpeg,3,Wheel Support,0.222609,0.243478,0.054200394102,341.927424,498.642944,170499.69733769624,1536,2048
train,IMG_7599.jpeg,3,Wheel Support,0.688696,0.58087,0.40004284551999997,1057.8370559999998,1189.62176,1258425.9803519384,1536,2048
train,IMG_7600.jpeg,3,Wheel Support,0.746667,0.584348,0.43631336811599997,1146.880512,1196.744704,1372523.1788568082,1536,2048
train,IMG_7601.jpeg,3,Wheel Support,0.658551,0.674783,0.444379019433,1011.5343359999999,1381.955584,1397895.524042932,1536,2048
train,IMG_7603.jpeg,3,Wheel Support,0.651594,0.575652,0.37509138928800007,1000.848384,1178.935296,1179935.4858421618,1536,2048
train,IMG_7604.jpeg,3,Wheel Support,0.582029,0.565217,0.328972685293,893.9965440000001,1157.564416,1034858.5873613784,1536,2048
train,IMG_7605.jpeg,3,Wheel Support,0.593623,0.563478,0.33449350079400003,911.804928,1154.002944,1052225.5712657082,1536,2048
train,IMG_7606.jpeg,3,Wheel Support,0.628406,0.629565,0.39562242339000003,965.231616,1289.34912,1244520.534685778,1536,2048
train,IMG_7607.jpeg,3,Wheel Support,0.605217,0.617391,0.37365552884700004,929.613312,1264.416768,1175418.6594488155,1536,2048
train,IMG_7608.jpeg,3,Wheel Support,0.61913,0.692174,0.4285456886199999,950.9836799999999,1417.572352,1348088.1719712152,1536,2048
train,IMG_7609.jpeg,3,Wheel Support,0.586667,0.678261,0.397913346087,901.1205120000001,1389.078528,1251727.1543595665,1536,2048
train,IMG_7610.jpeg,3,Wheel Support,0.637681,0.573913,0.365973415753,979.478016,1175.373824,1151252.8211898531,1536,2048
train,IMG_7614.jpeg,3,Wheel Support,0.51942,0.433043,0.22493119506,797.82912,886.872064,707572.3583737037,1536,2048
train,IMG_7615.jpeg,3,Wheel Support,0.607536,0.450435,0.27365547815999997,933.1752959999999,922.49088,860845.7000013003,1536,2048
train,IMG_7616.jpeg,3,Wheel Support,0.586667,0.473043,0.277518717681,901.1205120000001,968.792064,872998.4007332168,1536,2048
train,IMG_7617.jpeg,3,Wheel Support,0.547246,0.473043,0.258870889578,840.5698560000001,968.792064,814337.4057304228,1536,2048
train,IMG_7618.jpeg,3,Wheel Support,0.575072,0.507826,0.292036513472,883.310592,1040.027648,918667.4374512477,1536,2048
train,IMG_7619.jpeg,3,Wheel Support,0.612174,0.462609,0.283197201966,940.299264,947.423232,890861.3677461012,1536,2048
train,IMG_7620.jpeg,3,Wheel Support,0.554203,0.417391,0.231319344373,851.255808,854.816768,727667.7385357886,1536,2048
train,IMG_7621.jpeg,3,Wheel Support,0.588986,0.486957,0.286810855602,904.682496,997.287936,902228.9391711683,1536,2048
train,IMG_7623.jpeg,3,Wheel Support,0.651594,0.474783,0.309365754102,1000.848384,972.355584,973180.5149197762,1536,2048
train,IMG_7624.jpeg,3,Wheel Support,0.614493,0.469565,0.288544405545,943.8612479999999,961.66912,907682.2157662617,1536,2048
train,IMG_7625.jpeg,3,Wheel Support,0.667826,0.433043,0.28919737451800004,1025.7807360000002,886.872064,909736.2785477593,1536,2048
train,IMG_7626.jpeg,3,Wheel Support,0.614493,0.443478,0.272514126654,943.8612479999999,908.242944,857255.3186110341,1536,2048
train,IMG_7627.jpeg,3,Wheel Support,0.637681,0.427826,0.272816511506,979.478016,876.187648,858206.5391067463,1536,2048
train,IMG_7628.jpeg,3,Wheel Support,0.621449,0.469565,0.291810699685,954.545664,961.66912,917957.0886986956,1536,2048
train,IMG_7629.jpeg,3,Wheel Support,0.577391,0.464348,0.268110356068,886.872576,950.984704,843402.2541730774,1536,2048
train,IMG_7630.jpeg,3,Wheel Support,0.593623,0.450435,0.267388576005,911.804928,922.49088,841131.7304190566,1536,2048
train,IMG_7631.jpeg,3,Wheel Support,0.584348,0.292174,0.17073129255199998,897.558528,598.372352,537074.2074570179,1536,2048
train,IMG_7632.jpeg,3,Wheel Support,0.535652,0.373913,0.200287246276,822.761472,765.773824,630049.1986533089,1536,2048
train,IMG_7633.jpeg,3,Wheel Support,0.570435,0.304348,0.17361075138,876.18816,623.304704,546132.2017171046,1536,2048
train,IMG_7635.jpeg,3,Wheel Support,0.725391,0.448696,0.325480040136,1114.200576,918.929408,1023871.6756969389,1536,2048
train,IMG_7636.jpeg,3,Wheel Support,0.841739,0.497391,0.418673402949,1292.911104,1018.656768,1317032.646511952,1536,2048
train,IMG_7637.jpeg,3,Wheel Support,0.809275,0.493913,0.39971144307499995,1243.0464,1011.533824,1257383.4784014334,1536,2048
train,IMG_7638.jpeg,3,Wheel Support,0.857565,0.542609,0.465322487085,1317.21984,1111.263232,1463777.9766529228,1536,2048
train,IMG_7639.jpeg,3,Wheel Support,0.695652,0.495652,0.34480130510400003,1068.5214720000001,1015.095296,1084651.1199021959,1536,2048
train,IMG_7640.jpeg,3,Wheel Support,0.742029,0.521739,0.387145468431,1139.756544,1068.521472,1217854.3401165127,1536,2048
train,IMG_7641.jpeg,3,Wheel Support,0.716522,0.476522,0.341438496484,1100.577792,975.917056,1074072.6386676205,1536,2048
train,IMG_7642.jpeg,3,Wheel Support,0.670145,0.490435,0.328662563075,1029.34272,1004.41088,1033883.0272167937,1536,2048
train,IMG_7643.jpeg,3,Wheel Support,0.637681,0.384348,0.24509141698800002,979.478016,787.144704,770990.9329788273,1536,2048
train,IMG_7644.jpeg,3,Wheel Support,0.633043,0.396522,0.251015476446,972.354048,812.077056,789626.4126895227,1536,2048
train,IMG_7645.jpeg,3,Wheel Support,0.563478,0.326957,0.184233076446,865.5022080000001,669.607936,579547.1471023228,1536,2048
train,IMG_7646.jpeg,3,Wheel Support,0.544928,0.349565,0.19048775632,837.0094079999999,715.90912,599222.668713001,1536,2048
train,IMG_7649.jpeg,3,Wheel Support,0.695246,0.615652,0.428029590392,1067.897856,1260.855296,1346464.6673246454,1536,2048
train,IMG_7650.jpeg,3,Wheel Support,0.743942,0.61913,0.46059681045999995,1142.694912,1267.97824,1448912.2833747147,1536,2048
train,IMG_7651.jpeg,3,Wheel Support,0.695652,0.476522,0.331493482344,1068.5214720000001,975.917056,1042788.3292270266,1536,2048
train,IMG_7652.jpeg,3,Wheel Support,0.663188,0.410435,0.27219556678,1018.656768,840.57088,856253.2158957159,1536,2048
train,IMG_7653.jpeg,3,Wheel Support,0.681739,0.445217,0.303521792363,1047.151104,911.804416,954797.0008464752,1536,2048
train,IMG_7654.jpeg,3,Wheel Support,0.786087,0.391304,0.30759898744799996,1207.4296319999999,801.390592,967622.747586822,1536,2048
train,IMG_7656.jpeg,3,Wheel Support,0.772174,0.353043,0.272610625482,1186.059264,723.032064,857558.8776762409,1536,2048
train,IMG_7657.jpeg,3,Wheel Support,0.711884,0.356522,0.253802307448,1093.453824,730.157056,798393.0250037821,1536,2048
train,IMG_7658.jpeg,3,Wheel Support,0.813913,0.493913,0.402002211569,1250.170368,1011.533824,1264589.6129945272,1536,2048
train,IMG_7659.jpeg,3,Wheel Support,0.811594,0.471304,0.382507498576,1246.6083840000001,965.230592,1203264.5484804835,1536,2048
train,IMG_7660.jpeg,3,Wheel Support,0.851014,0.497391,0.4232867044740001,1307.157504,1018.656768,1331544.838291587,1536,2048
train,IMG_7661.jpeg,3,Wheel Support,0.792638,0.511304,0.40527897995199996,1217.4919679999998,1047.150592,1274897.4350464449,1536,2048
train,IMG_7663.jpeg,3,Wheel Support,0.751304,0.513043,0.385451258072,1154.0029439999998,1050.712064,1212524.8151523164,1536,2048
train,IMG_7664.jpeg,3,Wheel Support,0.790725,0.518261,0.409801929225,1214.5536,1061.398528,1289125.4032171008,1536,2048
train,IMG_7665.jpeg,3,Wheel Support,0.795362,0.511304,0.406671772048,1221.676032,1047.150592,1279278.7801410109,1536,2048
train,IMG_7667.jpeg,3,Wheel Support,0.818551,0.64,0.52387264,1257.294336,1310.72,1647960.83208192,1536,2048
train,IMG_7668.jpeg,3,Wheel Support,0.797681,0.646957,0.516065306717,1225.238016,1324.967936,1623401.085168255,1536,2048
train,IMG_7669.jpeg,3,Wheel Support,0.744348,0.655652,0.488033254896,1143.318528,1342.775296,1535219.8748574844,1536,2048
train,IMG_7671.jpeg,3,Wheel Support,0.844058,0.782609,0.6605673873219999,1296.473088,1602.783232,2077965.3261856604,1536,2048
train,IMG_7672.jpeg,3,Wheel Support,0.786087,0.73913,0.58102048431,1207.4296319999999,1513.73824,1827732.4060675274,1536,2048
train,IMG_7678.jpeg,3,Wheel Support,0.881159,0.676522,0.596123448998,1353.460224,1385.517056,1875242.2249695803,1536,2048
train,IMG_7682.jpeg,3,Wheel Support,0.846377,0.57913,0.49016231201000005,1300.0350720000001,1186.05824,1541917.3094345934,1536,2048
train,IMG_7685.jpeg,3,Wheel Support,0.623768,0.582609,0.363412850712,958.1076479999999,1193.183232,1143197.9800445584,1536,2048
train,IMG_7686.jpeg,3,Wheel Support,0.60058,0.546087,0.32796893046,922.4908800000001,1118.386176,1031701.0476780749,1536,2048
train,IMG_7687.jpeg,3,Wheel Support,0.635362,0.533913,0.33922803150599995,975.916032,1093.453824,1067119.1170933063,1536,2048
train,IMG_7688.jpeg,3,Wheel Support,0.686377,0.556522,0.38198390079399996,1054.275072,1139.757056,1201617.4522769079,1536,2048
train,IMG_7689.jpeg,3,Wheel Support,0.651594,0.573913,0.373958267322,1000.848384,1175.373824,1176370.9923463005,1536,2048
train,IMG_7691.jpeg,3,Wheel Support,0.50087,0.38087,0.19076635690000002,769.3363200000001,780.02176,600099.0703583233,1536,2048
train,IMG_7692.jpeg,3,Wheel Support,0.51942,0.389565,0.2023478523,797.82912,797.82912,636531.3047199744,1536,2048
train,IMG_7694.jpeg,3,Wheel Support,0.565797,0.384348,0.217462945356,869.064192,787.144704,684079.2761688392,1536,2048
train,IMG_7695.jpeg,3,Wheel Support,0.563478,0.365217,0.205791744726,865.5022080000001,747.964416,647364.8535534306,1536,2048
train,IMG_7696.jpeg,3,Wheel Support,0.565797,0.347826,0.196798907322,869.064192,712.347648,619075.8331322205,1536,2048
train,IMG_7697.jpeg,3,Wheel Support,0.60058,0.37913,0.22769789540000002,922.4908800000001,776.45824,716275.6451008513,1536,2048
train,IMG_7700.jpeg,3,Wheel Support,0.605217,0.464348,0.281031303516,929.613312,950.984704,884048.0403467795,1536,2048
train,IMG_7701.jpeg,3,Wheel Support,0.521739,0.42087,0.21958429292999998,801.3911039999999,861.94176,690752.458630103,1536,2048
train,IMG_7707.jpeg,3,Wheel Support,0.855652,0.627826,0.5372005725519999,1314.281472,1285.787648,1689886.8826928576,1536,2048
train,IMG_7708.jpeg,3,Wheel Support,0.858956,0.626087,0.537781185172,1319.356416,1282.226176,1691713.3320687453,1536,2048
train,IMG_7709.jpeg,3,Wheel Support,0.897391,0.573913,0.5150243609830001,1378.3925760000002,1175.373824,1620126.553026331,1536,2048
train,IMG_7710.jpeg,3,Wheel Support,0.93084,0.66087,0.6151642307999999,1429.77024,1353.46176,1935139.3454260223,1536,2048
train,IMG_7726.jpeg,7,Nut,0.29913,0.21913,0.0655483569,459.46368,448.77824,206197.3016543232,1536,2048
train,IMG_7728.jpeg,7,Nut,0.301449,0.274783,0.082833060567,463.025664,562.755584,260570.27795130777,1536,2048
train,IMG_7729.jpeg,7,Nut,0.29913,0.248696,0.07439243448,459.46368,509.329408,234018.36413190144,1536,2048
train,IMG_7730.jpeg,7,Nut,0.257391,0.208696,0.053716472136,395.352576,427.409408,168977.410459435,1536,2048
train,IMG_7731.jpeg,7,Nut,0.255072,0.222609,0.056781322848000006,391.79059200000006,455.903232,178618.59715999337,1536,2048
train,IMG_7732.jpeg,7,Nut,0.238841,0.215652,0.051506539332,366.859776,441.655296,162025.5629597737,1536,2048
train,IMG_7733.jpeg,7,Nut,0.238841,0.203478,0.048598888997999995,366.859776,416.722944,152878.88588990053,1536,2048
train,IMG_7734.jpeg,7,Nut,0.271304,0.22087,0.05992291448,416.722944,452.34176,188501.18992134143,1536,2048
train,IMG_7736.jpeg,7,Nut,0.25971,0.2,0.051942,398.91456,409.6,163395.40377600002,1536,2048
train,IMG_7737.jpeg,7,Nut,0.347826,0.231304,0.080453545104,534.2607360000001,473.710592,253084.96953291574,1536,2048
train,IMG_7737.jpeg,7,Nut,0.004638,0.015652,7.259397599999999e-05,7.123968,32.055296,228.36090293452799,1536,2048
train,IMG_7738.jpeg,7,Nut,0.238841,0.166957,0.039876176836999996,366.859776,341.927936,125439.60600910234,1536,2048
train,IMG_7739.jpeg,7,Nut,0.204058,0.189565,0.03868225477,313.433088,388.22912,121683.85193312257,1536,2048
train,IMG_7740.jpeg,7,Nut,0.190145,0.154783,0.029431213535,292.06272,316.995584,92582.59249102848,1536,2048
train,IMG_7743.jpeg,7,Nut,0.236522,0.165217,0.039077455274,363.297792,338.364416,122927.04522416947,1536,2048
train,IMG_7744.jpeg,7,Nut,0.252754,0.189565,0.04791331201,388.230144,388.22912,150722.2471625933,1536,2048
train,IMG_7746.jpeg,7,Nut,0.271304,0.2,0.0542608,416.722944,409.6,170689.7178624,1536,2048
train,IMG_7747.jpeg,7,Nut,0.308406,0.193043,0.059535619458,473.71161600000005,395.352064,187282.86512637543,1536,2048
train,IMG_7748.jpeg,7,Nut,0.238841,0.194783,0.046522166503,366.859776,398.915584,146346.0817891492,1536,2048
train,IMG_7749.jpeg,7,Nut,0.303768,0.193043,0.058640286023999996,466.58764799999994,395.352064,184466.38967370545,1536,2048
train,IMG_7750.jpeg,7,Nut,0.273623,0.193043,0.052821004789,420.28492800000004,395.352064,166160.5137528914,1536,2048
train,IMG_7751.jpeg,7,Nut,0.282899,0.191304,0.054119710296000004,434.532864,391.790592,170245.88803001549,1536,2048
train,IMG_7753.jpeg,7,Nut,0.289855,0.193043,0.055954478764999996,445.21727999999996,395.352064,176017.5705764659,1536,2048
train,IMG_7754.jpeg,7,Nut,0.252754,0.210435,0.05318828799,388.230144,430.97088,167315.88680220672,1536,2048
train,IMG_7755.jpeg,7,Nut,0.273623,0.226087,0.061862603201000003,420.28492800000004,463.026176,194602.92304227536,1536,2048
train,IMG_7756.jpeg,7,Nut,0.296812,0.229565,0.06813764678,455.903232,470.14912,214342.50332995583,1536,2048
train,IMG_7757.jpeg,7,Nut,0.294493,0.231304,0.068117408872,452.341248,473.710592,214278.84037609881,1536,2048
train,IMG_7758.jpeg,7,Nut,0.271304,0.21913,0.05945084552,416.722944,448.77824,187016.18937593856,1536,2048
train,IMG_7759.jpeg,7,Nut,0.324638,0.245217,0.07960675644599999,498.643968,502.204416,250421.20274136268,1536,2048
train,IMG_7760.jpeg,7,Nut,0.324638,0.273043,0.08864013343399998,498.643968,559.192064,278837.74966706993,1536,2048
train,IMG_7762.jpeg,7,Nut,0.333913,0.283478,0.09465698941400001,512.8903680000001,580.562944,297765.1419953235,1536,2048
train,IMG_7763.jpeg,7,Nut,0.352464,0.285217,0.100528724688,541.384704,584.124416,316236.0240553329,1536,2048
train,IMG_7764.jpeg,7,Nut,0.329275,0.25913,0.08532503075,505.7664,530.69824,268409.33833113604,1536,2048
train,IMG_7765.jpeg,7,Nut,0.329275,0.262609,0.08647057847499999,505.7664,537.823232,272012.91988500475,1536,2048
train,IMG_7767.jpeg,7,Nut,0.296812,0.243478,0.07226719213600001,455.903232,498.642944,227332.929783595,1536,2048
train,IMG_7769.jpeg,7,Nut,0.257391,0.166957,0.042973229186999994,395.352576,341.927936,135182.09030396314,1536,2048
train,IMG_7770.jpeg,7,Nut,0.222609,0.177391,0.039488833119,341.927424,363.296768,124221.12802976562,1536,2048
train,IMG_7771.jpeg,7,Nut,0.187826,0.146087,0.027438936861999996,288.50073599999996,299.186176,86315.43197702552,1536,2048
train,IMG_7772.jpeg,7,Nut,0.18087,0.163478,0.02956826586,277.81632,334.802944,93013.72182724609,1536,2048
train,IMG_7773.jpeg,7,Nut,0.231884,0.206957,0.047990016988000005,356.173824,423.847936,150963.54015962727,1536,2048
train,IMG_7774.jpeg,7,Nut,0.19942,0.165217,0.03294757414,306.30912,338.364416,103644.10650427392,1536,2048
train,IMG_7774.jpeg,7,Nut,0.102029,0.073043,0.007452504246999999,156.716544,149.592064,23443.551279906816,1536,2048
train,IMG_7775.jpeg,7,Nut,0.294493,0.203478,0.059922846654,452.341248,416.722944,188500.9765591941,1536,2048
train,IMG_7777.jpeg,7,Nut,0.234203,0.144348,0.033806734644,359.735808,295.624704,106346.79175820084,1536,2048
train,IMG_7777.jpeg,7,Nut,0.113623,0.066087,0.007509003201000001,174.524928,135.346176,23621.28162147533,1536,2048
train,IMG_7777.jpeg,7,Nut,0.076522,0.055652,0.004258602344000001,117.53779200000001,113.975296,13396.404634386434,1536,2048
train,IMG_7777.jpeg,7,Nut,0.102029,0.085217,0.008694605293,156.716544,174.524416,27350.863319138305,1536,2048
train,IMG_7778.jpeg,7,Nut,0.194783,0.137391,0.026761431153000004,299.186688,281.376768,84184.1832980644,1536,2048
train,IMG_7780.jpeg,7,Nut,0.215652,0.172174,0.037129667448,331.24147200000004,352.612352,116799.83452186215,1536,2048
train,IMG_7780.jpeg,7,Nut,0.085797,0.066087,0.0056700663390000005,131.784192,135.346176,17836.48644444979,1536,2048
train,IMG_7780.jpeg,7,Nut,0.111304,0.071304,0.007936420416000001,170.962944,146.030592,24965.81992238285,1536,2048
train,IMG_7782.jpeg,7,Nut,0.146087,0.144348,0.021087366276,224.389632,295.624704,66335.11854066893,1536,2048
train,IMG_7784.jpeg,7,Nut,0.185507,0.163478,0.030326313346000004,284.938752,334.802944,95398.3330292859,1536,2048
train,IMG_7784.jpeg,7,Nut,0.088116,0.069565,0.0061297895400000005,135.346176,142.46912,19282.650590085123,1536,2048
train,IMG_7784.jpeg,7,Nut,0.074203,0.073043,0.005420009729,113.975808,149.592064,17049.876364787713,1536,2048
train,IMG_7784.jpeg,7,Nut,0.076522,0.071304,0.005456324688000001,117.53779200000001,146.030592,17164.113348132865,1536,2048
train,IMG_7785.jpeg,7,Nut,0.211014,0.146087,0.030826402218,324.117504,299.186176,96971.4765964247,1536,2048
train,IMG_7786.jpeg,7,Nut,0.192464,0.146087,0.028116488367999997,295.624704,299.186176,88446.8247208919,1536,2048
train,IMG_7787.jpeg,7,Nut,0.190145,0.118261,0.022486737845,292.06272,242.198528,70737.16086767617,1536,2048
train,IMG_7788.jpeg,7,Nut,0.201739,0.165217,0.033330712363000004,309.871104,338.364416,104849.35514023526,1536,2048
train,IMG_7789.jpeg,7,Nut,0.213333,0.151304,0.032278136231999995,327.679488,309.870592,101538.23693281689,1536,2048
train,IMG_7790.jpeg,7,Nut,0.208696,0.165217,0.034480127032,320.557056,338.364416,108465.1010481193,1536,2048
train,IMG_7791.jpeg,7,Nut,0.262029,0.196522,0.051494463138000005,402.476544,402.477056,161987.57453817446,1536,2048
train,IMG_7793.jpeg,7,Nut,0.215652,0.153043,0.033004029036000006,331.24147200000004,313.432064,103821.69825135823,1536,2048
train,IMG_7794.jpeg,7,Nut,0.201739,0.18087,0.03648853293,309.871104,370.42176,114782.99971682305,1536,2048
train,IMG_7795.jpeg,7,Nut,0.204058,0.153043,0.031229648494,313.433088,313.432064,98239.97969773364,1536,2048
train,IMG_7796.jpeg,7,Nut,0.227246,0.16,0.03635936,349.049856,327.68,114376.65681408,1536,2048
train,IMG_7797.jpeg,7,Nut,0.206377,0.198261,0.040916510397,316.995072,406.038528,128712.212418134,1536,2048
train,IMG_7799.jpeg,7,Nut,0.266667,0.191304,0.051014463768,409.600512,391.790592,160477.6270799831,1536,2048
train,IMG_7804.jpeg,7,Nut,0.069565,0.046957,0.003266563705,106.85184000000001,96.167936,10275.72091060224,1536,2048
train,IMG_7805.jpeg,7,Nut,0.064928,0.066087,0.004290896736,99.729408,135.346176,13497.99400754381,1536,2048
train,IMG_7806.jpeg,7,Nut,0.083478,0.066087,0.005516810586000001,128.222208,135.346176,17354.38553107661,1536,2048
train,IMG_7808.jpeg,7,Nut,0.062609,0.06087,0.00381100983,96.167424,124.66176,11988.40033050624,1536,2048
train,IMG_7809.jpeg,7,Nut,0.078841,0.055652,0.004387659332,121.09977599999999,113.975296,13802.382815133695,1536,2048
train,IMG_7810.jpeg,7,Nut,0.097391,0.081739,0.007960642949,149.592576,167.401472,25042.017422671874,1536,2048
train,IMG_7811.jpeg,7,Nut,0.090435,0.095652,0.00865028862,138.90816,195.895296,27211.455120015362,1536,2048
train,IMG_7812.jpeg,7,Nut,0.106667,0.086957,0.009275442319,163.840512,178.087936,29178.018615263234,1536,2048
train,IMG_7813.jpeg,7,Nut,0.102029,0.078261,0.007984891568999999,156.716544,160.278528,25118.29698556723,1536,2048
train,IMG_7815.jpeg,7,Nut,0.106667,0.093913,0.010017417971,163.840512,192.333824,31512.072199077884,1536,2048
train,IMG_7816.jpeg,7,Nut,0.106667,0.092174,0.009831924058000001,163.840512,188.772352,30928.558803124222,1536,2048
train,IMG_7819.jpeg,3,Wheel Support,0.394203,0.288696,0.11380482928800001,605.495808,591.249408,357999.0380264817,1536,2048
train,IMG_7820.jpeg,3,Wheel Support,0.38029,0.267826,0.10185154954,584.12544,548.507648,320397.27123136516,1536,2048
train,IMG_7823.jpeg,3,Wheel Support,0.477681,0.354783,0.16947309822300002,733.718016,726.595584,533116.2703268414,1536,2048
train,IMG_7824.jpeg,3,Wheel Support,0.456812,0.412174,0.18828602928799998,701.663232,844.132352,592296.6343400816,1536,2048
train,IMG_7826.jpeg,3,Wheel Support,0.415072,0.396522,0.16458517958399999,637.550592,812.077056,517740.20780241716,1536,2048
train,IMG_7827.jpeg,3,Wheel Support,0.426667,0.4,0.1706668,655.360512,819.2,536871.3314304,1536,2048
train,IMG_7829.jpeg,3,Wheel Support,0.496232,0.41913,0.20798571816,762.212352,858.37824,654266.4972160205,1536,2048
train,IMG_7830.jpeg,3,Wheel Support,0.442899,0.34087,0.15097098213,680.292864,698.10176,474913.64567384066,1536,2048
train,IMG_7831.jpeg,3,Wheel Support,0.389565,0.353043,0.137533196295,598.37184,723.032064,432642.0265146778,1536,2048
train,IMG_7832.jpeg,3,Wheel Support,0.394203,0.316522,0.12477392196600001,605.495808,648.237056,392504.8199982613,1536,2048
train,IMG_7833.jpeg,3,Wheel Support,0.331594,0.293913,0.09745978732199999,509.328384,601.933824,306581.9818528604,1536,2048
train,IMG_7834.jpeg,3,Wheel Support,0.361739,0.293913,0.10631979470699998,555.6311039999999,601.933824,334453.15516406164,1536,2048
train,IMG_7835.jpeg,3,Wheel Support,0.41971,0.344348,0.14452629908,644.67456,705.224704,454640.4257523303,1536,2048
train,IMG_7837.jpeg,3,Wheel Support,0.54029,0.450435,0.24336552615,829.88544,922.49088,765561.7498447872,1536,2048
train,IMG_7838.jpeg,3,Wheel Support,0.48,0.488696,0.23457408,737.28,1000.849408,737906.25153024,1536,2048
train,IMG_7839.jpeg,3,Wheel Support,0.570435,0.44,0.25099140000000003,876.18816,901.12,789550.6747392,1536,2048
train,IMG_7842.jpeg,3,Wheel Support,0.86029,0.572174,0.49223557045999994,1321.40544,1171.812352,1548439.2165919947,1536,2048
train,IMG_7845.jpeg,3,Wheel Support,0.788406,0.638261,0.503208801966,1210.991616,1307.158528,1582958.0181909013,1536,2048
train,IMG_7846.jpeg,3,Wheel Support,0.837101,0.69913,0.58524242213,1285.787136,1431.81824,1841013.4740821605,1536,2048
train,IMG_7847.jpeg,3,Wheel Support,0.605217,0.516522,0.312607895274,929.613312,1057.837056,983379.4091844895,1536,2048
train,IMG_7848.jpeg,3,Wheel Support,0.456812,0.377391,0.172396737492,701.663232,772.896768,542313.2442372341,1536,2048
train,IMG_7849.jpeg,3,Wheel Support,0.417391,0.347826,0.14517944196600002,641.112576,712.347648,456695.03561682126,1536,2048
train,IMG_7850.jpeg,3,Wheel Support,0.391884,0.304348,0.119269111632,601.933824,623.304704,375188.18399590807,1536,2048
train,IMG_7851.jpeg,3,Wheel Support,0.343188,0.283478,0.097286247864,527.136768,580.562944,306036.073920725,1536,2048
train,IMG_7852.jpeg,3,Wheel Support,0.35942,0.309565,0.1112638523,552.06912,633.98912,350005.81556797435,1536,2048
train,IMG_7853.jpeg,3,Wheel Support,0.373333,0.29913,0.11167510029000001,573.439488,612.61824,351299.4898850611,1536,2048
train,IMG_7854.jpeg,3,Wheel Support,0.401159,0.321739,0.129068495501,616.180224,658.921472,406014.3802153697,1536,2048
train,IMG_7855.jpeg,3,Wheel Support,0.435942,0.349565,0.15239006523,669.606912,715.90912,479377.69511583744,1536,2048
train,IMG_7856.jpeg,10,Washer,0.192464,0.156522,0.030124850207999997,295.624704,320.557056,94764.58479511143,1536,2048
train,IMG_7857.jpeg,10,Washer,0.213333,0.153043,0.032649122319,327.679488,313.432064,102705.25825430323,1536,2048
train,IMG_7857.jpeg,3,Wheel Support,0.449855,0.314783,0.14160670646499998,690.9772800000001,644.675584,445456.18151473155,1536,2048
train,IMG_7857.jpeg,7,Nut,0.06029,0.053913,0.0032504147700000005,92.60544,110.413824,10224.92075360256,1536,2048
train,IMG_7857.jpeg,7,Nut,0.053333,0.048696,0.002597103768,81.919488,99.729408,8169.782041903105,1536,2048
train,IMG_7857.jpeg,7,Nut,0.074203,0.052174,0.003871467322,113.975808,106.852352,12178.583155900416,1536,2048
train,IMG_7858.jpeg,3,Wheel Support,0.350145,0.292174,0.10230326523,537.82272,598.372352,321818.2459254374,1536,2048
train,IMG_7858.jpeg,10,Washer,0.213333,0.135652,0.028939048116,327.679488,277.815296,91034.37395184844,1536,2048
train,IMG_7859.jpeg,10,Washer,0.108986,0.078261,0.008529353346,167.40249599999999,160.278528,26831.025642405886,1536,2048
train,IMG_7860.jpeg,10,Washer,0.092754,0.086957,0.008065609578000002,142.470144,178.087936,25372.213886582787,1536,2048
train,IMG_7861.jpeg,10,Washer,0.12058,0.092174,0.011114340920000002,185.21088,188.772352,34962.69343358976,1536,2048
train,IMG_7862.jpeg,10,Washer,0.143768,0.093913,0.013501684184000001,220.827648,192.333824,42472.62598476595,1536,2048
train,IMG_7863.jpeg,10,Washer,0.143768,0.104348,0.015001903264,220.827648,213.704704,47191.90715085619,1536,2048
train,IMG_7864.jpeg,10,Washer,0.157681,0.130435,0.020567121235,242.198016,267.13088,64698.56914833408,1536,2048
train,IMG_7865.jpeg,10,Washer,0.204058,0.165217,0.033713850586,313.433088,338.364416,106054.60377619661,1536,2048
train,IMG_7866.jpeg,10,Washer,0.234203,0.217391,0.050913624373,359.735808,445.216768,160160.41377162855,1536,2048
train,IMG_7867.jpeg,10,Washer,0.238841,0.170435,0.040706865835,366.859776,349.05088,128052.72764940289,1536,2048
train,IMG_7868.jpeg,10,Washer,0.187826,0.147826,0.027765566276000003,288.50073599999996,302.747648,87342.91927026892,1536,2048
train,IMG_7869.jpeg,10,Washer,0.19942,0.142609,0.02843908678,306.30912,292.063232,89461.63157827585,1536,2048
train,IMG_7870.jpeg,10,Washer,0.155362,0.14087,0.02188584494,238.636032,288.50176,68846.91523141632,1536,2048
train,IMG_7871.jpeg,10,Washer,0.13913,0.106087,0.01475988431,213.70368000000002,217.266176,46430.58135072768,1536,2048
train,IMG_7872.jpeg,10,Washer,0.141449,0.097391,0.013775859559,217.265664,199.456768,43335.10713881395,1536,2048
train,IMG_7873.jpeg,10,Washer,0.111304,0.09913,0.01103356552,170.962944,203.01824,34708.59599609856,1536,2048
train,IMG_7874.jpeg,10,Washer,0.125217,0.088696,0.011106247032,192.33331199999998,181.649408,34937.232263479294,1536,2048
train,IMG_7875.jpeg,10,Washer,0.204058,0.168696,0.034423768368,313.433088,345.489408,108287.81202073192,1536,2048
train,IMG_7876.jpeg,10,Washer,0.224928,0.154783,0.034815030624,345.48940799999997,316.995584,109518.61665477426,1536,2048
train,IMG_7878.jpeg,10,Washer,0.153043,0.12,0.018365160000000002,235.074048,245.76,57771.79803648,1536,2048
train,IMG_7879.jpeg,10,Washer,0.153043,0.107826,0.016502014518000003,235.074048,220.827648,51910.84912567911,1536,2048
train,IMG_7880.jpeg,10,Washer,0.143768,0.116522,0.016752134896000002,220.827648,238.637056,52697.65980212429,1536,2048
train,IMG_7881.jpeg,10,Washer,0.127536,0.093913,0.011977288368000001,195.89529600000003,192.333824,37677.29138329191,1536,2048
train,IMG_7882.jpeg,10,Washer,0.122899,0.09913,0.012182977869999998,188.772864,203.01824,38324.33460903936,1536,2048
train,IMG_7883.jpeg,10,Washer,0.125217,0.086957,0.010888494669,192.33331199999998,178.087936,34252.24255812403,1536,2048
train,IMG_7884.jpeg,10,Washer,0.257391,0.191304,0.049239927864,395.352576,391.790592,154895.419799765,1536,2048
train,IMG_7886.jpeg,10,Washer,0.287536,0.205217,0.05900727531200001,441.655296,420.284416,185620.83815266716,1536,2048
train,IMG_7887.jpeg,10,Washer,0.176232,0.104348,0.018389456736,270.692352,213.704704,57848.22895922381,1536,2048
train,IMG_7887.jpeg,10,Washer,0.081159,0.048696,0.003952118664,124.660224,99.729408,12432.290340667392,1536,2048
train,IMG_7887.jpeg,10,Washer,0.076522,0.041739,0.003193951758,117.53779200000001,85.481472,10047.303475789824,1536,2048
train,IMG_7887.jpeg,10,Washer,0.081159,0.046957,0.0038109831629999998,124.660224,96.167936,11988.316443377664,1536,2048
train,IMG_7887.jpeg,10,Washer,0.062609,0.043478,0.002722114102,96.167424,89.042944,8563.030549856256,1536,2048
train,IMG_7887.jpeg,10,Washer,0.051014,0.031304,0.001596942256,78.35750399999999,64.110592,5023.545969082367,1536,2048
train,IMG_7888.jpeg,10,Washer,0.192464,0.13913,0.02677751632,295.624704,284.93824,84234.78285828096,1536,2048
train,IMG_7888.jpeg,10,Washer,0.088116,0.05913,0.00521029908,135.346176,121.09824,16390.183704330244,1536,2048
train,IMG_7888.jpeg,10,Washer,0.088116,0.045217,0.003984341172,135.346176,92.604416,12533.653586313218,1536,2048
train,IMG_7889.jpeg,10,Washer,0.208696,0.151304,0.031576539583999995,320.557056,309.870592,99331.20471249714,1536,2048
train,IMG_7890.jpeg,10,Washer,0.173913,0.126957,0.022079472741,267.13036800000003,260.007936,69456.01562660045,1536,2048
train,IMG_7891.jpeg,10,Washer,0.157681,0.130435,0.020567121235,242.198016,267.13088,64698.56914833408,1536,2048
train,IMG_7892.jpeg,10,Washer,0.162319,0.130435,0.021172078764999998,249.321984,267.13088,66601.60098926592,1536,2048
train,IMG_7893.jpeg,10,Washer,0.148406,0.111304,0.016518181424,227.951616,227.950592,51961.70581455667,1536,2048
train,IMG_7894.jpeg,10,Washer,0.153043,0.116522,0.017832876446000002,235.074048,238.637056,56097.37875672269,1536,2048
train,IMG_7895.jpeg,10,Washer,0.150725,0.118261,0.017824889225,231.5136,242.198528,56072.253131980804,1536,2048
train,IMG_7896.jpeg,10,Washer,0.148406,0.111304,0.016518181424,227.951616,227.950592,51961.70581455667,1536,2048
train,IMG_7898.jpeg,10,Washer,0.173913,0.142609,0.024801559017000003,267.13036800000003,292.063232,78018.95864342939,1536,2048
train,IMG_7899.jpeg,10,Washer,0.13913,0.09913,0.0137919569,213.70368000000002,203.01824,43385.744995123205,1536,2048
train,IMG_7900.jpeg,10,Washer,0.19942,0.154783,0.03086682586,306.30912,316.995584,97098.63837892609,1536,2048
train,IMG_7901.jpeg,10,Washer,0.222609,0.16,0.03561744,341.927424,327.68,112042.77829632,1536,2048
train,IMG_7911.jpeg,10,Washer,0.081159,0.074783,0.006069313497,124.660224,153.155584,19092.409408290816,1536,2048
train,IMG_7912.jpeg,10,Washer,0.076522,0.08,0.00612176,117.53779200000001,163.84,19257.39184128,1536,2048
train,IMG_7913.jpeg,10,Washer,0.088116,0.066087,0.005823322092,135.346176,135.346176,18318.58735782298,1536,2048
train,IMG_7915.jpeg,10,Washer,0.095072,0.071304,0.006779013888000001,146.030592,146.030592,21324.93379987047,1536,2048
train,IMG_7918.jpeg,10,Washer,0.132174,0.088696,0.011723305104000001,203.01926400000002,181.649408,36878.32911819572,1536,2048
train,IMG_7919.jpeg,10,Washer,0.13913,0.107826,0.01500183138,213.70368000000002,220.827648,47191.681023344645,1536,2048
train,IMG_7921.jpeg,10,Washer,0.125217,0.095652,0.011977256484,192.33331199999998,195.895296,37677.19108490035,1536,2048
train,IMG_7925.jpeg,4,Wrench,0.996696,0.401739,0.400411654344,1530.925056,822.761472,1259586.1525962425,1536,2048
train,IMG_7926.jpeg,4,Wrench,0.963304,0.453913,0.43725620855200004,1479.6349440000001,929.613824,1375489.098415866,1536,2048
train,IMG_7927.jpeg,4,Wrench,0.946087,0.424348,0.401470126276,1453.189632,869.064704,1262915.817389949,1536,2048
train,IMG_7928.jpeg,4,Wrench,0.811594,0.544348,0.4417895707120001,1246.6083840000001,1114.824704,1389749.8226967186,1536,2048
train,IMG_7929.jpeg,4,Wrench,0.788406,0.610435,0.48127061661,1210.991616,1250.17088,1513946.454247342,1536,2048
train,IMG_7939.jpeg,4,Wrench,0.973507,0.257391,0.25057194023699997,1495.306752,527.136768,788231.1684178575,1536,2048
train,IMG_7940.jpeg,4,Wrench,0.935478,0.516522,0.48319496751600005,1436.8942080000002,1057.837056,1519999.938774172,1536,2048
train,IMG_7941.jpeg,4,Wrench,0.922899,0.389565,0.359529148935,1417.572864,797.82912,1130980.9106209998,1536,2048
train,IMG_7942.jpeg,4,Wrench,0.913623,0.4,0.36544920000000003,1403.324928,819.2,1149603.7810176,1536,2048
train,IMG_7943.jpeg,4,Wrench,0.916928,0.478261,0.43853090220799995,1408.401408,979.478528,1379498.9379409673,1536,2048
train,IMG_7952.jpeg,4,Wrench,0.954029,0.2,0.19080580000000003,1465.388544,409.6,600223.1476224,1536,2048
train,IMG_7960.jpeg,4,Wrench,0.97258,0.227826,0.22157901108,1493.8828800000001,466.587648,697027.2993666664,1536,2048
train,IMG_7962.jpeg,4,Wrench,0.549565,0.406957,0.22364932370499999,844.13184,833.447936,703539.9397598823,1536,2048
train,IMG_7963.jpeg,4,Wrench,0.264348,0.405217,0.107118303516,406.03852800000004,829.884416,336965.0466827797,1536,2048
train,IMG_7964.jpeg,4,Wrench,0.747652,0.356522,0.26655438634399997,1148.393472,730.157056,838507.5966451385,1536,2048
train,IMG_7965.jpeg,4,Wrench,0.889101,0.128696,0.11442374229600001,1365.659136,263.569408,359945.9700053115,1536,2048
train,IMG_7966.jpeg,4,Wrench,0.971594,0.191304,0.185869818576,1492.3683839999999,391.790592,584695.8926494432,1536,2048
train,IMG_7967.jpeg,4,Wrench,0.612174,0.598261,0.366239829414,940.299264,1225.238528,1152090.8861028436,1536,2048
train,IMG_7968.jpeg,4,Wrench,0.512464,0.587826,0.301239663264,787.144704,1203.867648,947618.0434401361,1536,2048
train,IMG_7969.jpeg,4,Wrench,0.64,0.772174,0.49419136,983.04,1581.412352,1554591.59851008,1536,2048
train,IMG_7969.jpeg,2,Wheel,0.204058,0.132174,0.026971162092,313.433088,270.692352,84843.93978534298,1536,2048
train,IMG_7969.jpeg,2,Wheel,0.194783,0.076522,0.014905184726000002,299.186688,156.717056,46887.65693775053,1536,2048
train,IMG_7969.jpeg,6,Flange,0.085797,0.043478,0.0037302819660000003,131.784192,89.042944,11734.452428341248,1536,2048
train,IMG_7969.jpeg,6,Flange,0.09971,0.048696,0.00485547816,153.15456,99.729408,15274.013601300481,1536,2048
train,IMG_7969.jpeg,6,Flange,0.062609,0.053913,0.003375439017,96.167424,110.413824,10618.213028069376,1536,2048
train,IMG_7971.jpeg,4,Wrench,0.498551,0.855652,0.426586160252,765.7743360000001,1752.375296,1341924.0287172035,1536,2048
train,IMG_7973.jpeg,6,Flange,0.092754,0.045217,0.004194057618,142.470144,92.604416,13193.364482555904,1536,2048
train,IMG_7973.jpeg,6,Flange,0.085797,0.046957,0.004028769729,131.784192,96.167936,12673.41374206771,1536,2048
train,IMG_7973.jpeg,4,Wrench,0.285217,0.850782,0.242657489694,438.09331199999997,1742.401536,763334.4597401272,1536,2048
train,IMG_7984.jpeg,4,Wrench,0.943768,0.683478,0.645044665104,1449.6276480000001,1399.762944,2029135.064268276,1536,2048
train,IMG_7985.jpeg,4,Wrench,0.944754,0.641739,0.606285487206,1451.142144,1314.281472,1907209.2330975558,1536,2048
train,IMG_7990.jpeg,2,Wheel,0.231884,0.153043,0.035488223012000004,356.173824,313.432064,111636.29679909276,1536,2048
train,IMG_7990.jpeg,2,Wheel,0.12058,0.09913,0.0119530954,185.21088,203.01824,37601.1868864512,1536,2048
train,IMG_7990.jpeg,2,Wheel,0.169275,0.130435,0.022079384625,260.0064,267.13088,69455.738437632,1536,2048
train,IMG_7990.jpeg,4,Wrench,0.864928,0.770435,0.66637080368,1328.529408,1577.85088,2096221.295518679,1536,2048
train,IMG_7991.jpeg,4,Wrench,0.940116,0.824696,0.7753099047359999,1444.018176,1688.977408,2438914.076005368,1536,2048
train,IMG_7992.jpeg,4,Wrench,0.846377,0.836522,0.708012980794,1300.0350720000001,1713.197056,2227216.258047148,1536,2048
train,IMG_7992.jpeg,2,Wheel,0.178551,0.194783,0.034778699433,274.25433599999997,398.915584,109404.32860997222,1536,2048
train,IMG_7992.jpeg,2,Wheel,0.208696,0.153043,0.031939461928,320.557056,313.432064,100472.8596918436,1536,2048
train,IMG_7992.jpeg,2,Wheel,0.129855,0.111304,0.01445338092,199.45728,227.950592,45466.40505470976,1536,2048
train,IMG_7992.jpeg,2,Wheel,0.176232,0.085217,0.015017962344,270.692352,174.524416,47242.42464846644,1536,2048
train,IMG_8003.jpeg,4,Wrench,0.345507,0.76,0.26258532,530.698752,1556.48,826021.99351296,1536,2048
train,IMG_8004.jpeg,4,Wrench,0.493913,0.805565,0.39787902584499996,758.650368,1649.79712,1251619.19221334,1536,2048
train,IMG_8006.jpeg,4,Wrench,0.670145,0.789913,0.529356247385,1029.34272,1617.741824,1665210.7693739214,1536,2048
train,IMG_8009.jpeg,4,Wrench,0.677101,0.73913,0.50046566213,1040.027136,1513.73824,1574328.8464008805,1536,2048
train,IMG_8012.jpeg,4,Wrench,0.81026,0.617391,0.50024723166,1244.55936,1264.416768,1573641.7235553486,1536,2048
train,IMG_8013.jpeg,4,Wrench,0.926202,0.606957,0.562164787314,1422.646272,1243.047936,1768417.5120676944,1536,2048
train,IMG_8014.jpeg,4,Wrench,0.786087,0.800348,0.629143158276,1207.4296319999999,1639.112704,1979113.2489972445,1536,2048
train,IMG_8014.jpeg,6,Flange,0.081159,0.074783,0.006069313497,124.660224,153.155584,19092.409408290816,1536,2048
train,IMG_8015.jpeg,4,Wrench,0.82087,0.708174,0.58131879138,1260.8563199999999,1450.340352,1828670.7989702243,1536,2048
train,IMG_8015.jpeg,6,Flange,0.090435,0.069565,0.006291110775,138.90816,142.46912,19790.123316019202,1536,2048
train,IMG_8015.jpeg,2,Wheel,0.229565,0.163478,0.03752882707,352.61184,334.802944,118055.48212125697,1536,2048
train,IMG_8017.jpeg,4,Wrench,0.765217,0.709913,0.543237496121,1175.3733120000002,1453.901824,1708877.4021977214,1536,2048
train,IMG_8017.jpeg,2,Wheel,0.238841,0.149565,0.035722254165,366.859776,306.30912,112372.49514995713,1536,2048
train,IMG_8017.jpeg,7,Nut,0.034783,0.041739,0.001451807637,53.426688,85.481472,4566.991934324736,1536,2048
train,IMG_8017.jpeg,7,Nut,0.053333,0.033043,0.001762282319,81.919488,67.672064,5543.6608347832325,1536,2048
train,IMG_8017.jpeg,7,Nut,0.064928,0.041739,0.002710029792,99.729408,85.481472,8525.016597528576,1536,2048
train,IMG_8017.jpeg,7,Nut,0.048696,0.050435,0.00245598276,74.797056,103.29088,7725.85373564928,1536,2048
train,IMG_8017.jpeg,2,Wheel,0.32887,0.17913,0.0589104831,505.14432,366.85824,185316.3561811968,1536,2048
train,IMG_8017.jpeg,3,Wheel Support,0.13913,0.09913,0.0137919569,213.70368000000002,203.01824,43385.744995123205,1536,2048
train,IMG_8017.jpeg,6,Flange,0.092754,0.067826,0.006291132804,142.470144,138.907648,19790.19261326131,1536,2048
train,IMG_8018.jpeg,4,Wrench,0.60058,0.476522,0.28618958276,922.4908800000001,975.917056,900274.5837964494,1536,2048
train,IMG_8019.jpeg,4,Wrench,0.61913,0.506087,0.31333364430999994,950.9836799999999,1036.466176,985662.4182480075,1536,2048
train,IMG_8019.jpeg,6,Flange,0.102029,0.06087,0.00621050523,156.716544,124.66176,19536.56019615744,1536,2048
train,IMG_8019.jpeg,7,Nut,0.044058,0.031304,0.001379191632,67.673088,64.110592,4338.561734148097,1536,2048
train,IMG_8019.jpeg,2,Wheel,0.217971,0.147826,0.032221781046,334.803456,302.747648,101360.95884627149,1536,2048
train,IMG_8019.jpeg,7,Nut,0.044058,0.034783,0.0015324694140000001,67.673088,71.235584,4820.731944763393,1536,2048
train,IMG_8019.jpeg,7,Nut,0.057971,0.045217,0.002621274707,89.043456,92.604416,8245.817241501696,1536,2048
train,IMG_8019.jpeg,7,Nut,0.076522,0.055652,0.004258602344000001,117.53779200000001,113.975296,13396.404634386434,1536,2048
train,IMG_8019.jpeg,7,Nut,0.041739,0.041739,0.0017421441209999999,64.111104,85.481472,5480.311541465087,1536,2048
train,IMG_8020.jpeg,7,Nut,0.044058,0.024348,0.001072724184,67.673088,49.864704,3374.4985018859525,1536,2048
train,IMG_8020.jpeg,7,Nut,0.053333,0.034783,0.001855081739,81.919488,71.235584,5835.582568660992,1536,2048
train,IMG_8020.jpeg,7,Nut,0.030145,0.026087,0.000786392615,46.30272,53.426176,2473.77726799872,1536,2048
train,IMG_8020.jpeg,7,Nut,0.048696,0.029565,0.00143969724,74.797056,60.54912,4528.89591939072,1536,2048
train,IMG_8020.jpeg,7,Nut,0.062609,0.048696,0.003048807864,96.167424,99.729408,9590.720264404992,1536,2048
train,IMG_8020.jpeg,7,Nut,0.064928,0.043478,0.0028229395840000003,99.729408,89.042944,8880.200091697154,1536,2048
train,IMG_8020.jpeg,7,Nut,0.067246,0.041739,0.002806780794,103.289856,85.481472,8829.368933548032,1536,2048
train,IMG_8020.jpeg,2,Wheel,0.236522,0.149565,0.03537541293,363.297792,306.30912,111281.42696546305,1536,2048
train,IMG_8020.jpeg,6,Flange,0.083478,0.057391,0.004790885898,128.222208,117.536768,15070.823914143743,1536,2048
train,IMG_8020.jpeg,4,Wrench,0.718841,0.732522,0.526566847002,1104.139776,1500.205056,1656436.0744859073,1536,2048
train,IMG_8021.jpeg,4,Wrench,0.584348,0.758261,0.44308829882799994,897.558528,1552.918528,1393835.2680956067,1536,2048
train,IMG_8022.jpeg,4,Wrench,0.484638,0.828174,0.401364591012,744.4039680000001,1696.100352,1262583.832154997,1536,2048
train,IMG_8024.jpeg,4,Wrench,0.521739,0.744696,0.388536946344,801.3911039999999,1525.137408,1222231.5511488183,1536,2048
train,IMG_8025.jpeg,4,Wrench,0.732754,0.689043,0.504899014422,1125.510144,1411.160064,1588274.9668396893,1536,2048
train,IMG_8026.jpeg,2,Wheel,0.264348,0.177391,0.046892956068,406.03852800000004,363.296768,147512.4849058775,1536,2048
train,IMG_8026.jpeg,3,Wheel Support,0.204058,0.144348,0.029455364184,313.433088,295.624704,92658.56386380596,1536,2048
train,IMG_8026.jpeg,7,Nut,0.053333,0.04,0.00213332,81.919488,81.92,6710.844456960001,1536,2048
train,IMG_8026.jpeg,7,Nut,0.03942,0.04,0.0015768,60.549119999999995,81.92,4960.1839104,1536,2048
train,IMG_8026.jpeg,6,Flange,0.09971,0.05913,0.0058958523,153.15456,121.09824,18546.7476639744,1536,2048
train,IMG_8027.jpeg,4,Wrench,0.493507,0.436522,0.215426662654,758.026752,893.997056,677673.6846572421,1536,2048
train,IMG_8027.jpeg,7,Nut,0.067246,0.036522,0.002455958412,103.289856,74.797056,7725.777143463936,1536,2048
train,IMG_8027.jpeg,7,Nut,0.055652,0.029565,0.00164535138,85.481472,60.54912,5175.82790590464,1536,2048
train,IMG_8027.jpeg,7,Nut,0.044058,0.031304,0.001379191632,67.673088,64.110592,4338.561734148097,1536,2048
train,IMG_8027.jpeg,7,Nut,0.032464,0.036522,0.001185650208,49.864704,74.797056,3729.7330575114242,1536,2048
train,IMG_8027.jpeg,7,Nut,0.071884,0.041739,0.003000366276,110.413824,85.481472,9438.336204668927,1536,2048
train,IMG_8027.jpeg,7,Nut,0.067246,0.048696,0.003274611216,103.289856,99.729408,10301.03619128525,1536,2048
train,IMG_8027.jpeg,7,Nut,0.074203,0.050435,0.0037424283050000004,113.975808,103.29088,11772.66150703104,1536,2048
train,IMG_8027.jpeg,2,Wheel,0.257391,0.16,0.04118256,395.352576,327.68,129549.13210368001,1536,2048
train,IMG_8027.jpeg,3,Wheel Support,0.138724,0.13913,0.01930067012,213.080064,284.93824,60714.65841524736,1536,2048
train,IMG_8027.jpeg,2,Wheel,0.347826,0.189565,0.06593563569000001,534.2607360000001,388.22912,207415.57538783236,1536,2048
train,IMG_8029.jpeg,4,Wrench,0.875188,0.57913,0.50684762644,1344.288768,1186.05824,1594404.7702258483,1536,2048
train,IMG_8029.jpeg,2,Wheel,0.268986,0.187826,0.050522564436,413.16249600000003,384.667648,158930.24557812943,1536,2048
train,IMG_8029.jpeg,2,Wheel,0.176232,0.13913,0.024519158160000002,270.692352,284.93824,77130.60236034049,1536,2048
train,IMG_8029.jpeg,2,Wheel,0.338551,0.229565,0.07771946031499999,520.014336,470.14912,244484.28245778428,1536,2048
train,IMG_8029.jpeg,3,Wheel Support,0.224928,0.151304,0.034032506112,345.48940799999997,309.870592,107057.00738668953,1536,2048
train,IMG_8029.jpeg,3,Wheel Support,0.204058,0.130435,0.026616305229999998,313.433088,267.13088,83727.65661855743,1536,2048
train,IMG_8033.jpeg,4,Wrench,0.728116,0.634783,0.46219565882799996,1118.386176,1300.035584,1453941.8254536868,1536,2048
train,IMG_8034.jpeg,4,Wrench,0.827826,0.608696,0.503894374896,1271.540736,1246.609408,1585114.6441528443,1536,2048
train,IMG_8035.jpeg,4,Wrench,0.996696,0.483478,0.48188058868800004,1530.925056,990.162944,1515865.260492325,1536,2048
train,IMG_8036.jpeg,4,Wrench,0.944754,0.433043,0.409119106422,1451.142144,886.872064,1286977.428406665,1536,2048
train,IMG_8038.jpeg,4,Wrench,0.998086,0.53913,0.53809810518,1533.0600960000002,1104.13824,1692710.2762116713,1536,2048
train,IMG_8039.jpeg,4,Wrench,0.93084,0.656,0.61063104,1429.77024,1343.488,1920879.1601971202,1536,2048
train,IMG_8040.jpeg,4,Wrench,0.963304,0.664696,0.640304315584,1479.6349440000001,1361.297408,2014223.2140534252,1536,2048
train,IMG_8041.jpeg,4,Wrench,0.746667,0.720348,0.537860080116,1146.880512,1475.272704,1691961.5141031444,1536,2048
train,IMG_8042.jpeg,4,Wrench,0.702609,0.646957,0.454557810813,1079.2074240000002,1324.967936,1429915.2330931572,1536,2048
train,IMG_8043.jpeg,4,Wrench,0.684058,0.681739,0.46634901686200003,1050.713088,1396.201472,1467007.1601152655,1536,2048
train,IMG_8044.jpeg,4,Wrench,0.742029,0.704348,0.5226466420920001,1139.756544,1442.504704,1644104.176134783,1536,2048
train,IMG_8045.jpeg,4,Wrench,0.658551,0.62087,0.40887455937,1011.5343359999999,1271.54176,1286208.1498978713,1536,2048
train,IMG_8047.jpeg,4,Wrench,0.598261,0.565217,0.338147287637,918.9288960000001,1157.564416,1063719.3908437649,1536,2048
train,IMG_8048.jpeg,4,Wrench,0.723478,0.6,0.43408679999999994,1111.2622079999999,1228.8,1365519.0011903998,1536,2048
train,IMG_8049.jpeg,4,Wrench,0.746667,0.589565,0.440208729855,1146.880512,1207.42912,1384776.9273493094,1536,2048
train,IMG_8050.jpeg,4,Wrench,0.732754,0.657391,0.48170588481399995,1125.510144,1346.336768,1515315.6896241745,1536,2048
train,IMG_8051.jpeg,5,Box,0.611768,0.584348,0.35748540726399997,939.6756479999999,1196.744704,1124551.8552217681,1536,2048
train,IMG_8051.jpeg,0,Bolt,0.224928,0.198261,0.04459445020799999,345.48940799999997,406.038528,140282.0106639114,1536,2048
train,IMG_8052.jpeg,5,Box,0.632638,0.573913,0.363079172494,971.731968,1175.373824,1142148.3191312058,1536,2048
train,IMG_8052.jpeg,0,Bolt,0.208696,0.191304,0.039924379584,320.557056,391.790592,125591.23874001714,1536,2048
train,IMG_8053.jpeg,0,Bolt,0.389565,0.346087,0.13482338215499998,598.37184,708.786176,424117.68829968385,1536,2048
train,IMG_8055.jpeg,0,Bolt,0.324638,0.255652,0.082994353976,498.643968,523.575296,261077.66314421452,1536,2048
train,IMG_8056.jpeg,0,Bolt,0.294493,0.158261,0.046606756673,452.341248,324.118528,146612.17945544297,1536,2048
train,IMG_8056.jpeg,2,Wheel,0.252754,0.196522,0.049671721588,388.230144,402.477056,156253.72540757607,1536,2048
train,IMG_8056.jpeg,3,Wheel Support,0.25971,0.187826,0.04878029046,398.91456,384.667648,153449.52554815487,1536,2048
train,IMG_8056.jpeg,3,Wheel Support,0.214318,0.203478,0.043608998004,329.192448,416.722944,137182.0460731269,1536,2048
train,IMG_8056.jpeg,3,Wheel Support,0.201333,0.189565,0.03816569014500001,309.24748800000003,388.22912,120058.88012845058,1536,2048
train,IMG_8058.jpeg,3,Wheel Support,0.250028,0.184348,0.046092161744,384.043008,377.544704,144993.40377862964,1536,2048
train,IMG_8058.jpeg,3,Wheel Support,0.297797,0.173913,0.051790769661,457.41619199999997,356.173824,162919.6742641582,1536,2048
train,IMG_8058.jpeg,3,Wheel Support,0.240754,0.182608,0.043963606432,369.798144,373.981184,138297.5477341225,1536,2048
train,IMG_8058.jpeg,2,Wheel,0.213333,0.189565,0.040440470145000004,327.679488,388.22912,127214.71926829056,1536,2048
train,IMG_8058.jpeg,0,Bolt,0.18087,0.21913,0.0396340431,277.81632,448.77824,124677.9191328768,1536,2048
train,IMG_8059.jpeg,2,Wheel,0.252754,0.182609,0.046155155185999996,388.230144,373.983232,145191.5640129454,1536,2048
train,IMG_8059.jpeg,3,Wheel Support,0.24771,0.17913,0.044372292300000005,380.48256000000003,366.85824,139583.16231229441,1536,2048
train,IMG_8059.jpeg,3,Wheel Support,0.283884,0.135652,0.038509432368,436.04582400000004,277.815296,121140.19966412391,1536,2048
train,IMG_8059.jpeg,3,Wheel Support,0.175826,0.13913,0.024462671380000002,270.068736,284.93824,76952.91031486464,1536,2048
train,IMG_8059.jpeg,0,Bolt,0.22029,0.144348,0.03179842092,338.36544000000004,295.624704,100029.18304382978,1536,2048
train,IMG_8061.jpeg,0,Bolt,0.250435,0.198261,0.049651493535,384.66816000000006,406.038528,156190.0934548685,1536,2048
train,IMG_8062.jpeg,0,Bolt,0.236522,0.253913,0.060056010586000005,363.297792,520.013824,188919.8740686766,1536,2048
train,IMG_8063.jpeg,0,Bolt,0.257391,0.257391,0.06625012688099999,395.352576,527.136768,208404.87913311436,1536,2048
train,IMG_8064.jpeg,0,Bolt,0.343188,0.257391,0.088333502508,527.136768,527.136768,277873.1721774858,1536,2048
train,IMG_8065.jpeg,0,Bolt,0.352464,0.255652,0.090108126528,541.384704,523.575296,283455.6566466724,1536,2048
train,IMG_8069.jpeg,0,Bolt,0.224928,0.229565,0.05163559632,345.48940799999997,470.14912,162431.54114052095,1536,2048
train,IMG_8069.jpeg,1,Frame,0.790318,0.735652,0.581399017336,1213.928448,1506.615296,1828923.1680063403,1536,2048
train,IMG_8070.jpeg,0,Bolt,0.18087,0.154783,0.027995601210000002,277.81632,316.995584,88066.54660313089,1536,2048
train,IMG_8071.jpeg,0,Bolt,0.176232,0.201739,0.035552867448,270.692352,413.161472,111839.65061146216,1536,2048
train,IMG_8071.jpeg,1,Frame,0.769449,0.685217,0.5272395354330001,1181.8736640000002,1403.324416,1658552.1693185803,1536,2048
train,IMG_8072.jpeg,0,Bolt,0.187826,0.236522,0.044424981172,288.50073599999996,484.397056,139748.90717223322,1536,2048
train,IMG_8072.jpeg,1,Frame,0.743942,0.671304,0.499411240368,1142.694912,1374.830592,1571011.922340348,1536,2048
train,IMG_8073.jpeg,0,Bolt,0.201739,0.30087,0.06069721293000001,309.871104,616.18176,190936.92223586305,1536,2048
train,IMG_8074.jpeg,0,Bolt,0.206377,0.078261,0.016151270397,316.995072,160.278528,50807.503523414016,1536,2048
train,IMG_8074.jpeg,1,Frame,1.0,0.70087,0.70087,1536.0,1435.38176,2204746.38336,1536,2048
train,IMG_8075.jpeg,0,Bolt,0.208696,0.078261,0.016332757655999997,320.557056,160.278528,51378.41307569356,1536,2048
train,IMG_8076.jpeg,0,Bolt,0.190145,0.076522,0.014550275690000001,292.06272,156.717056,45771.20964575233,1536,2048
train,IMG_8076.jpeg,1,Frame,0.987826,0.68,0.67172168,1517.300736,1392.64,2113053.69698304,1536,2048
train,IMG_8077.jpeg,0,Bolt,0.190145,0.08,0.0152116,292.06272,163.84,47851.5560448,1536,2048
train,IMG_8078.jpeg,0,Bolt,0.245797,0.090435,0.022228651695,377.54419199999995,185.21088,69925.29203920896,1536,2048
train,IMG_8079.jpeg,0,Bolt,0.241159,0.095652,0.023067340668,370.420224,195.895296,72563.57942486632,1536,2048
train,IMG_8080.jpeg,0,Bolt,0.262029,0.086957,0.022785255753000003,402.476544,178.087936,71676.21700937318,1536,2048
train,IMG_8081.jpeg,0,Bolt,0.245797,0.083478,0.020518641966,377.54419199999995,170.962944,64546.06655442124,1536,2048
train,IMG_8082.jpeg,0,Bolt,0.231884,0.067826,0.015727764184,356.173824,138.907648,49475.268171005955,1536,2048
train,IMG_8083.jpeg,0,Bolt,0.248116,0.073043,0.018123136988,381.106176,149.592064,57010.45947098726,1536,2048
train,IMG_8084.jpeg,0,Bolt,0.250435,0.088696,0.022212582760000002,384.66816000000006,181.649408,69874.74354044929,1536,2048
train,IMG_8085.jpeg,0,Bolt,0.257391,0.092174,0.023724758034,395.352576,188.772352,74631.63564077875,1536,2048
train,IMG_8087.jpeg,0,Bolt,0.197101,0.114783,0.022623844083,302.747136,235.075584,71168.45979952742,1536,2048
train,IMG_8089.jpeg,0,Bolt,0.245797,0.095652,0.023510974644,377.54419199999995,195.895296,73959.13124492082,1536,2048
train,IMG_8090.jpeg,0,Bolt,0.289855,0.097391,0.028229268305,445.21727999999996,199.456768,88801.59972655104,1536,2048
train,IMG_8091.jpeg,0,Bolt,0.324638,0.154783,0.050248443553999995,498.643968,316.995584,158067.9358442373,1536,2048
train,IMG_8092.jpeg,0,Bolt,0.326957,0.067826,0.022176185482,502.205952,138.907648,69760.2476039209,1536,2048
train,IMG_8092.jpeg,2,Wheel,0.398841,0.253913,0.101270914833,612.619776,520.013824,318570.7523757834,1536,2048
train,IMG_8092.jpeg,1,Frame,0.933159,0.686957,0.641040107163,1433.332224,1406.887936,2016537.8142256497,1536,2048
train,IMG_8092.jpeg,3,Wheel Support,0.313043,0.224348,0.070230570964,480.83404800000005,459.464704,220926.2735374418,1536,2048
train,IMG_8092.jpeg,2,Wheel,0.229565,0.187826,0.04311827569,352.61184,384.667648,135638.3671497523,1536,2048
train,IMG_8092.jpeg,7,Nut,0.092754,0.073043,0.006775030422,142.470144,149.592064,21312.402899337216,1536,2048
train,IMG_8092.jpeg,7,Nut,0.067246,0.046957,0.003157670422,103.289856,96.167936,9933.172261257216,1536,2048
train,IMG_8092.jpeg,7,Nut,0.090435,0.046957,0.0042465562949999995,138.90816,96.167936,13358.511040757761,1536,2048
train,IMG_8092.jpeg,7,Nut,0.064928,0.048696,0.0031617338880000003,99.729408,99.729408,9945.954820030465,1536,2048
train,IMG_8092.jpeg,7,Nut,0.057971,0.038261,0.0022180284310000004,89.043456,78.358528,6977.314140192769,1536,2048
train,IMG_8092.jpeg,7,Nut,0.048696,0.045217,0.0022018870320000003,74.797056,92.604416,6926.537689399296,1536,2048
train,IMG_8092.jpeg,3,Wheel Support,0.373333,0.246957,0.09219719768100001,573.439488,505.767936,290027.3062666568,1536,2048
train,IMG_8093.jpeg,3,Wheel Support,0.503188,0.302609,0.152269217492,772.896768,619.743232,478997.54100267414,1536,2048
train,IMG_8093.jpeg,3,Wheel Support,0.377971,0.231304,0.087426204184,580.563456,473.710592,275019.058435326,1536,2048
train,IMG_8093.jpeg,2,Wheel,0.456812,0.224348,0.102484858576,701.663232,459.464704,322389.48919856333,1536,2048
train,IMG_8093.jpeg,2,Wheel,0.282492,0.13913,0.039303111960000005,433.90771200000006,284.93824,123636.8997797069,1536,2048
train,IMG_8093.jpeg,0,Bolt,0.308406,0.076522,0.023599843932000004,473.71161600000005,156.717056,74238.68985252251,1536,2048
train,IMG_8093.jpeg,1,Frame,0.922899,0.666087,0.614731026213,1417.572864,1364.146176,1933776.601626968,1536,2048
train,IMG_8093.jpeg,7,Nut,0.081159,0.053913,0.004375525167,124.660224,110.413824,13764.212032536576,1536,2048
train,IMG_8093.jpeg,7,Nut,0.06029,0.052174,0.00314557046,92.60544,106.852352,9895.10907199488,1536,2048
train,IMG_8093.jpeg,7,Nut,0.071884,0.045217,0.003250378828,110.413824,92.604416,10224.807689846784,1536,2048
train,IMG_8093.jpeg,7,Nut,0.048696,0.033043,0.0016090619280000001,74.797056,67.672064,5061.671160643585,1536,2048
train,IMG_8093.jpeg,7,Nut,0.037101,0.034783,0.001290484083,56.98713600000001,71.235584,4059.511913447425,1536,2048
train,IMG_8093.jpeg,7,Nut,0.051014,0.038261,0.0019518466540000001,78.35750399999999,78.358528,6139.9786711941115,1536,2048
train,IMG_8094.jpeg,0,Bolt,0.343188,0.067826,0.023277069288,527.136768,138.907648,73223.32861720165,1536,2048
train,IMG_8094.jpeg,2,Wheel,0.371014,0.238261,0.08839816665400001,569.877504,487.958528,278076.5879921541,1536,2048
train,IMG_8094.jpeg,7,Nut,0.071884,0.041739,0.003000366276,110.413824,85.481472,9438.336204668927,1536,2048
train,IMG_8094.jpeg,7,Nut,0.076522,0.045217,0.0034600952740000005,117.53779200000001,92.604416,10884.518586089473,1536,2048
train,IMG_8094.jpeg,7,Nut,0.053333,0.046957,0.002504357681,81.919488,96.167936,7878.028079136768,1536,2048
train,IMG_8094.jpeg,7,Nut,0.048696,0.036522,0.0017784753120000001,74.797056,74.797056,5594.599586267135,1536,2048
train,IMG_8096.jpeg,1,Frame,0.996696,0.766957,0.764422974072,1530.925056,1570.727936,2404666.7533815643,1536,2048
train,IMG_8096.jpeg,0,Bolt,0.12058,0.29913,0.0360690954,185.21088,612.61824,113463.5633344512,1536,2048
train,IMG_8096.jpeg,2,Wheel,0.382609,0.373913,0.14306247901699998,587.687424,765.773824,450035.64599318936,1536,2048
train,IMG_8096.jpeg,7,Nut,0.064928,0.067826,0.004403806528,99.729408,138.907648,13853.177501712384,1536,2048
train,IMG_8096.jpeg,7,Nut,0.078841,0.055652,0.004387659332,121.09977599999999,113.975296,13802.382815133695,1536,2048
train,IMG_8096.jpeg,3,Wheel Support,0.326957,0.276522,0.090410803554,502.205952,566.317056,284407.7962423173,1536,2048
train,IMG_8097.jpeg,7,Nut,0.069565,0.067826,0.00471831569,106.85184000000001,138.907648,14842.53777887232,1536,2048
train,IMG_8097.jpeg,0,Bolt,0.157681,0.28,0.04415068,242.198016,573.44,138886.03029504002,1536,2048
train,IMG_8097.jpeg,2,Wheel,0.428986,0.401739,0.172340406654,658.9224959999999,822.761472,542136.042742874,1536,2048
train,IMG_8097.jpeg,1,Frame,0.976232,0.78087,0.7623102818399999,1499.492352,1599.22176,2398020.798271979,1536,2048
train,IMG_8098.jpeg,2,Wheel,0.387246,0.382609,0.148163804814,594.809856,783.583232,466083.02938993456,1536,2048
train,IMG_8100.jpeg,0,Bolt,0.215652,0.413913,0.089261166276,331.24147200000004,847.693824,280791.35006706894,1536,2048
train,IMG_8102.jpeg,0,Bolt,0.19942,0.373913,0.07456573046,306.30912,765.773824,234563.50614847487,1536,2048
train,IMG_8104.jpeg,0,Bolt,0.178551,0.318261,0.056825819810999996,274.25433599999997,651.798528,178758.5725024174,1536,2048
train,IMG_8105.jpeg,2,Wheel,0.496232,0.426087,0.211438004184,762.212352,872.626176,665126.450025726,1536,2048
train,IMG_8106.jpeg,0,Bolt,0.190145,0.208696,0.03968250092,292.06272,427.409408,124830.35425406977,1536,2048
train,IMG_8107.jpeg,3,Wheel Support,0.623768,0.415652,0.259270416736,958.1076479999999,851.255296,815594.2094981038,1536,2048
train,IMG_8107.jpeg,0,Bolt,0.173913,0.224348,0.039017033724,267.13036800000003,459.464704,122736.97546253109,1536,2048
train,IMG_8107.jpeg,7,Nut,0.095072,0.073043,0.006944344096,146.030592,149.592064,21845.01766442189,1536,2048
train,IMG_8107.jpeg,2,Wheel,0.512464,0.325217,0.166662004688,787.144704,666.044416,524273.33468317287,1536,2048
train,IMG_8110.jpeg,6,Flange,0.113478,0.201739,0.022892938241999998,232.402944,309.871104,72014.95683013018,2048,1536
train,IMG_8111.jpeg,6,Flange,0.134348,0.16,0.02149568,275.144704,245.76,67619.56245504,2048,1536
train,IMG_8112.jpeg,6,Flange,0.152609,0.213913,0.032645049017,312.543232,328.570368,102692.44475414936,2048,1536
train,IMG_8114.jpeg,6,Flange,0.155217,0.212174,0.032933011758,317.884416,325.899264,103598.29721146982,2048,1536
train,IMG_8115.jpeg,6,Flange,0.157826,0.135652,0.021409412551999997,323.227648,208.361472,67348.18852837785,2048,1536
train,IMG_8116.jpeg,6,Flange,0.164348,0.165217,0.027153083516,336.584704,253.773312,85416.21510261965,2048,1536
train,IMG_8120.jpeg,6,Flange,0.301304,0.406957,0.12261777192800001,617.070592,625.085952,385722.15845152363,2048,1536
train,IMG_8126.jpeg,6,Flange,0.207391,0.295652,0.061315563932,424.736768,454.12147200000004,192882.0862966825,2048,1536
train,IMG_8132.jpeg,6,Flange,0.217971,0.158261,0.034496308431,334.803456,324.118528,108516.00332803278,1536,2048
train,IMG_8132.jpeg,2,Wheel,0.607536,0.467826,0.28422113673599997,933.1752959999999,958.107648,894082.3880222638,1536,2048
train,IMG_8132.jpeg,7,Nut,0.106667,0.081739,0.008718853913,163.840512,167.401472,27427.142882033666,1536,2048
train,IMG_8132.jpeg,7,Nut,0.09971,0.05913,0.0058958523,153.15456,121.09824,18546.7476639744,1536,2048
train,IMG_8135.jpeg,6,Flange,0.25971,0.36,0.0934956,398.91456,737.28,294111.7267968,1536,2048
train,IMG_8136.jpeg,6,Flange,0.236522,0.147826,0.034964101172,363.297792,302.747648,109987.55205159323,1536,2048
train,IMG_8137.jpeg,6,Flange,0.361739,0.241739,0.087446424121,555.6311039999999,495.081472,275082.66485730506,1536,2048
train,IMG_8138.jpeg,6,Flange,0.382609,0.293913,0.11245375901699999,587.687424,601.933824,353748.9384450293,1536,2048
train,IMG_8139.jpeg,6,Flange,0.171594,0.14087,0.02417244678,263.568384,288.50176,76039.94266435583,1536,2048
train,IMG_8140.jpeg,6,Flange,0.169275,0.137391,0.023256861525000002,260.0064,281.376768,73159.7604913152,1536,2048
train,IMG_8142.jpeg,6,Flange,0.150725,0.107826,0.01625207385,231.5136,220.827648,51124.6037680128,1536,2048
train,IMG_8144.jpeg,6,Flange,0.164638,0.146087,0.024051471506,252.883968,299.186176,75659.38735762637,1536,2048
train,IMG_8146.jpeg,6,Flange,0.104348,0.118261,0.012340298828,160.278528,242.198528,38819.22355160678,1536,2048
train,IMG_8146.jpeg,7,Nut,0.053333,0.043478,0.002318812174,81.919488,89.042944,7294.352382492672,1536,2048
train,IMG_8146.jpeg,7,Nut,0.037101,0.033043,0.0012259283430000002,56.98713600000001,67.672064,3856.4371145687046,1536,2048
train,IMG_8146.jpeg,7,Nut,0.03942,0.041739,0.0016453513799999998,60.549119999999995,85.481472,5175.827905904639,1536,2048
train,IMG_8146.jpeg,2,Wheel,0.211014,0.189565,0.04000086891,324.117504,388.22912,125831.85335451648,1536,2048
train,IMG_8146.jpeg,3,Wheel Support,0.173913,0.123478,0.021474429414,267.13036800000003,252.882944,67552.7138916434,1536,2048
train,IMG_8146.jpeg,5,Box,0.423942,0.338782,0.143623918644,651.174912,693.825536,451801.78234815283,1536,2048
train,IMG_8146.jpeg,7,Nut,0.053333,0.046957,0.002504357681,81.919488,96.167936,7878.028079136768,1536,2048
train,IMG_8148.jpeg,2,Wheel,0.22029,0.215652,0.04750597908,338.36544000000004,441.655296,149440.88855937027,1536,2048
train,IMG_8150.jpeg,6,Flange,0.22029,0.168696,0.03716204184000001,338.36544000000004,345.489408,116901.67555325954,1536,2048
train,IMG_8150.jpeg,2,Wheel,0.266667,0.21913,0.058434739709999996,409.600512,448.77824,183819.79687845887,1536,2048
train,IMG_8150.jpeg,3,Wheel Support,0.164638,0.166957,0.027487466566,252.883968,341.927936,86468.09322573004,1536,2048
train,IMG_8153.jpeg,2,Wheel,0.486957,0.323478,0.157519876446,747.965952,662.482944,495514.6858927227,1536,2048
train,IMG_8153.jpeg,7,Nut,0.092754,0.05913,0.00548454402,142.470144,121.09824,17252.88369094656,1536,2048
train,IMG_8153.jpeg,7,Nut,0.078841,0.06087,0.004799051669999999,121.09977599999999,124.66176,15096.511211765759,1536,2048
train,IMG_8156.jpeg,2,Wheel,0.507826,0.375652,0.190765852552,780.0207359999999,769.335296,600097.4838166978,1536,2048
train,IMG_8157.jpeg,2,Wheel,0.535652,0.387826,0.20773977255200002,822.761472,794.267648,653492.8192304579,1536,2048
train,IMG_8158.jpeg,2,Wheel,0.510145,0.393043,0.20050892123499997,783.5827199999999,804.952064,630746.527778734,1536,2048
train,IMG_8160.jpeg,2,Wheel,0.51942,0.375652,0.19512116184,797.82912,769.335296,613798.1021926195,1536,2048
train,IMG_8161.jpeg,2,Wheel,0.561159,0.417391,0.23422271616899998,861.940224,854.816768,736800.956488876,1536,2048
train,IMG_8162.jpeg,2,Wheel,0.586667,0.46087,0.27037722029,901.1205120000001,943.86176,850533.1924284212,1536,2048
train,IMG_8163.jpeg,2,Wheel,0.285217,0.229565,0.065475840605,438.09331199999997,470.14912,205969.18511468542,1536,2048
train,IMG_8164.jpeg,2,Wheel,0.322319,0.246957,0.07959893328300001,495.08198400000003,505.767936,250396.59319846504,1536,2048
train,IMG_8165.jpeg,2,Wheel,0.477681,0.393043,0.187749173283,733.718016,804.952064,590607.831373185,1536,2048
train,IMG_8166.jpeg,2,Wheel,0.491594,0.365217,0.179538485898,755.0883839999999,747.964416,564779.2421669437,1536,2048
train,IMG_8167.jpeg,2,Wheel,0.524058,0.38087,0.19959797046,804.953088,780.02176,627880.9244191948,1536,2048
train,IMG_8169.jpeg,2,Wheel,0.575072,0.434783,0.250031529376,883.310592,890.435584,786531.1828409057,1536,2048
train,IMG_8171.jpeg,2,Wheel,0.447536,0.521739,0.23349698510399997,687.415296,1068.521472,734518.0039572356,1536,2048
train,IMG_8173.jpeg,2,Wheel,0.489275,0.533913,0.261230283075,751.5264,1093.453824,821759.4159169535,1536,2048
train,IMG_8174.jpeg,2,Wheel,0.491594,0.516522,0.253919116068,755.0883839999999,1057.837056,798760.4731503575,1536,2048
train,IMG_8175.jpeg,2,Wheel,0.51942,0.49913,0.2592581046,797.82912,1022.21824,815555.4788671489,1536,2048
train,IMG_8176.jpeg,2,Wheel,0.491594,0.471304,0.231690218576,755.0883839999999,965.230592,728834.4079006432,1536,2048
train,IMG_8177.jpeg,2,Wheel,0.442899,0.45913,0.20334821787,680.292864,940.29824,639678.1827037593,1536,2048
train,IMG_8178.jpeg,2,Wheel,0.667826,0.511304,0.341462105104,1025.7807360000002,1047.150592,1074146.9049645958,1536,2048
train,IMG_8179.jpeg,2,Wheel,0.649275,0.46087,0.29923136925000005,997.2864000000001,943.86176,941300.496728064,1536,2048
train,IMG_8180.jpeg,2,Wheel,0.614493,0.46087,0.28320138890999996,943.8612479999999,943.86176,890874.5387330764,1536,2048
train,IMG_8181.jpeg,2,Wheel,0.544928,0.412174,0.22460515347199997,837.0094079999999,844.132352,706546.7202211675,1536,2048
train,IMG_8183.jpeg,2,Wheel,0.593623,0.412174,0.24467596640199998,911.804928,844.132352,769684.0384378306,1536,2048
train,IMG_8184.jpeg,2,Wheel,0.565797,0.412174,0.233206812678,869.064192,844.132352,733605.2004319396,1536,2048
train,IMG_8186.jpeg,2,Wheel,0.484638,0.42087,0.20396959506,744.4039680000001,861.94176,641632.8663289038,1536,2048
train,IMG_8190.jpeg,2,Wheel,0.674783,0.506087,0.341498904121,1036.466688,1036.466176,1074262.6646627448,1536,2048
train,IMG_8191.jpeg,2,Wheel,0.621449,0.452174,0.281003080126,954.545664,926.052352,883959.2572386018,1536,2048
train,IMG_8192.jpeg,2,Wheel,0.633043,0.466087,0.295053112741,972.354048,954.546176,928156.8382365204,1536,2048
train,IMG_8193.jpeg,2,Wheel,0.642319,0.493913,0.317249704247,986.6019839999999,1011.533824,997981.2776415067,1536,2048
train,IMG_8194.jpeg,2,Wheel,0.41971,0.361739,0.15182547569,644.67456,740.841472,477601.64999135234,1536,2048
train,IMG_8195.jpeg,2,Wheel,0.45913,0.347826,0.15969735138000002,705.22368,712.347648,502364.42976190464,1536,2048
train,IMG_8196.jpeg,2,Wheel,0.477681,0.373913,0.178611135753,733.718016,765.773824,561862.0508500132,1536,2048
train,IMG_8197.jpeg,2,Wheel,0.48,0.434783,0.20869584,737.28,890.435584,656500.3473715199,1536,2048
train,IMG_8198.jpeg,2,Wheel,0.452174,0.469565,0.21232508431000002,694.539264,961.66912,667916.9628163277,1536,2048
train,IMG_8199.jpeg,2,Wheel,0.482319,0.424348,0.204671103012,740.841984,869.064704,643839.6195357328,1536,2048
train,IMG_8200.jpeg,2,Wheel,0.426667,0.466087,0.19886394202899998,655.360512,954.546176,625571.870631002,1536,2048
train,IMG_8201.jpeg,2,Wheel,0.575072,0.44,0.25303168000000004,883.310592,901.12,795968.84066304,1536,2048
train,IMG_8202.jpeg,2,Wheel,0.742029,0.565217,0.419407405293,1139.756544,1157.564416,1319341.6182375383,1536,2048
train,IMG_8203.jpeg,2,Wheel,0.57971,0.455652,0.26414602092,890.4345599999999,933.175296,830931.5340966297,1536,2048
train,IMG_8204.jpeg,2,Wheel,0.563478,0.436522,0.24597054351600003,865.5022080000001,893.997056,773756.4259134998,1536,2048
train,IMG_8206.jpeg,2,Wheel,0.50087,0.34087,0.17073155690000003,769.3363200000001,698.10176,537075.0390239233,1536,2048
train,IMG_8207.jpeg,2,Wheel,0.507826,0.356522,0.181051141172,780.0207359999999,730.157056,569537.6442167131,1536,2048
train,IMG_8208.jpeg,2,Wheel,0.514783,0.36,0.18532188,790.706688,737.28,582972.2269286399,1536,2048
train,IMG_8209.jpeg,2,Wheel,0.512464,0.372174,0.19072577673600002,787.144704,762.212352,599971.4162001838,1536,2048
train,IMG_8209.jpeg,2,Wheel,0.178551,0.198261,0.035399699810999996,274.25433599999997,406.038528,111357.8268870574,1536,2048
train,IMG_8210.jpeg,2,Wheel,0.486957,0.375652,0.182926370964,747.965952,769.335296,575436.6070798418,1536,2048
train,IMG_8210.jpeg,2,Wheel,0.208696,0.196522,0.041013355312,320.557056,402.477056,129016.86017890714,1536,2048
train,IMG_8211.jpeg,2,Wheel,0.498551,0.370435,0.184680739685,765.7743360000001,758.65088,580955.3738878157,1536,2048
train,IMG_8211.jpeg,2,Wheel,0.208696,0.189565,0.03956145724,320.557056,388.22912,124449.58376067072,1536,2048
train,IMG_8212.jpeg,2,Wheel,0.449855,0.342609,0.154124371695,690.9772800000001,701.663232,484833.351523369,1536,2048
train,IMG_8212.jpeg,2,Wheel,0.194783,0.206957,0.040311705331,299.186688,423.847936,126809.66018747597,1536,2048
train,IMG_8213.jpeg,2,Wheel,0.431304,0.333913,0.144018012552,662.4829440000001,683.853824,453041.49458917795,1536,2048
train,IMG_8213.jpeg,2,Wheel,0.201739,0.206957,0.041751298223,309.871104,423.847936,131338.22785644134,1536,2048
train,IMG_8214.jpeg,2,Wheel,0.51942,0.346087,0.17976450953999998,797.82912,708.786176,565490.251066245,1536,2048
train,IMG_8214.jpeg,2,Wheel,0.236522,0.208696,0.049361195312,363.297792,427.409408,155276.89420642713,1536,2048
train,IMG_8215.jpeg,2,Wheel,0.211014,0.210435,0.04440473109,324.117504,430.97088,139685.20592228352,1536,2048
train,IMG_8215.jpeg,2,Wheel,0.535652,0.365217,0.195629216484,822.761472,747.964416,615396.3039117804,1536,2048
train,IMG_8216.jpeg,2,Wheel,0.563478,0.4,0.2253912,865.5022080000001,819.2,709019.4087936002,1536,2048
train,IMG_8217.jpeg,2,Wheel,0.528696,0.398261,0.210558997656,812.0770560000001,815.638528,662361.3345784136,1536,2048
train,IMG_8217.jpeg,2,Wheel,0.213333,0.206957,0.044150757681,327.679488,423.847936,138886.27465833677,1536,2048
train,IMG_8218.jpeg,2,Wheel,0.231478,0.201739,0.046698140241999996,355.550208,413.161472,146899.64730718618,1536,2048
train,IMG_8218.jpeg,2,Wheel,0.691014,0.530435,0.36653801109,1061.397504,1086.33088,1153028.8845501235,1536,2048
train,IMG_8219.jpeg,2,Wheel,0.57971,0.446957,0.25910544246999995,890.4345599999999,915.367936,815075.245330268,1536,2048
train,IMG_8220.jpeg,2,Wheel,0.551884,0.427826,0.23611032418400002,847.6938240000001,876.187648,742738.857874686,1536,2048
train,IMG_8221.jpeg,2,Wheel,0.577391,0.464348,0.268110356068,886.872576,950.984704,843402.2541730774,1536,2048
train,IMG_8222.jpeg,2,Wheel,0.60058,0.429565,0.2579881477,922.4908800000001,879.74912,811560.5398880256,1536,2048
train,IMG_8223.jpeg,2,Wheel,0.454493,0.363478,0.165198206654,698.1012479999999,744.402944,519668.6242212741,1536,2048
train,IMG_8224.jpeg,2,Wheel,0.343188,0.372174,0.127725650712,527.136768,762.212352,401790.15576295834,1536,2048
train,IMG_8225.jpeg,2,Wheel,0.431304,0.455652,0.196524530208,662.4829440000001,933.175296,618212.7173621515,1536,2048
train,IMG_8226.jpeg,2,Wheel,0.442899,0.427826,0.189483707574,680.292864,876.187648,596064.2044593438,1536,2048
train,IMG_8227.jpeg,2,Wheel,0.496232,0.44,0.21834208,762.212352,901.12,686844.79463424,1536,2048
train,IMG_8228.jpeg,2,Wheel,0.609855,0.507826,0.30970022523,936.73728,1040.027648,974232.6701123175,1536,2048
train,IMG_8229.jpeg,2,Wheel,0.514783,0.368696,0.189798432968,790.706688,755.089408,597054.2449435607,1536,2048
train,IMG_8229.jpeg,3,Wheel Support,0.481913,0.380522,0.183378498586,740.2183679999999,779.309056,576858.8775999406,1536,2048
train,IMG_8230.jpeg,3,Wheel Support,0.437855,0.32487,0.14224595385,672.54528,665.33376,447467.07991265284,1536,2048
train,IMG_8230.jpeg,2,Wheel,0.547246,0.401739,0.21985006079400002,840.5698560000001,822.761472,691588.4920413881,1536,2048
train,IMG_8231.jpeg,2,Wheel,0.577391,0.410435,0.236981475085,886.872576,840.57088,745479.2616561869,1536,2048
train,IMG_8232.jpeg,2,Wheel,0.607536,0.441739,0.268372345104,933.1752959999999,904.681472,844226.4004193156,1536,2048
train,IMG_8233.jpeg,2,Wheel,0.737391,0.518261,0.382160997051,1132.632576,1061.398528,1202174.548931248,1536,2048
train,IMG_8234.jpeg,2,Wheel,0.695652,0.558261,0.388355381172,1068.5214720000001,1143.318528,1221660.3965034334,1536,2048
train,IMG_8235.jpeg,2,Wheel,0.702609,0.566957,0.3983490908130001,1079.2074240000002,1161.127936,1253097.888744997,1536,2048
train,IMG_8236.jpeg,2,Wheel,0.718841,0.556522,0.40005083100199995,1104.139776,1139.757056,1258451.1005062594,1536,2048
train,IMG_8237.jpeg,2,Wheel,0.542609,0.403478,0.218930794102,833.447424,826.322944,688696.7290688963,1536,2048
train,IMG_8238.jpeg,2,Wheel,0.326957,0.323478,0.105763396446,502.205952,662.482944,332702.8775752827,1536,2048
train,IMG_8240.jpeg,2,Wheel,0.41971,0.389565,0.16350432615000002,644.67456,797.82912,514340.1368911872,1536,2048
train,IMG_8241.jpeg,2,Wheel,0.493913,0.546087,0.269719468431,758.650368,1118.386176,848464.0839885127,1536,2048
train,IMG_8242.jpeg,2,Wheel,0.445217,0.513043,0.228415465331,683.853312,1050.712064,718532.9249247559,1536,2048
train,IMG_8243.jpeg,2,Wheel,0.148406,0.191304,0.028390661424000003,227.951616,391.790592,89309.29857999667,1536,2048
train,IMG_8244.jpeg,2,Wheel,0.185507,0.206957,0.038391972199,284.938752,423.847936,120770.70192161588,1536,2048
train,IMG_8246.jpeg,2,Wheel,0.136812,0.193043,0.026410598916,210.14323199999998,395.352064,83080.56050683084,1536,2048
train,IMG_8247.jpeg,2,Wheel,0.222609,0.186087,0.041424640983,341.927424,381.106176,130310.65303017062,1536,2048
train,IMG_8248.jpeg,2,Wheel,0.222609,0.168696,0.037553247864,341.927424,345.489408,118132.30329672499,1536,2048
train,IMG_8248.jpeg,3,Wheel Support,0.194783,0.175652,0.034214023516,299.186688,359.735296,107628.01176693966,1536,2048
train,IMG_8250.jpeg,3,Wheel Support,0.208696,0.154783,0.032302592968,320.557056,316.995584,101615.1711720407,1536,2048
train,IMG_8250.jpeg,2,Wheel,0.204058,0.18087,0.03690797046,313.433088,370.42176,116102.43609919488,1536,2048
train,IMG_8251.jpeg,3,Wheel Support,0.194783,0.173913,0.033875295879000004,299.186688,356.173824,106562.46675485492,1536,2048
train,IMG_8251.jpeg,2,Wheel,0.229565,0.196522,0.04511457293,352.61184,402.477056,141918.17527394302,1536,2048
train,IMG_8253.jpeg,3,Wheel Support,0.155362,0.146087,0.022696368494,238.636032,299.186176,71396.60186989362,1536,2048
train,IMG_8253.jpeg,2,Wheel,0.231884,0.172174,0.039924395816,356.173824,352.612352,125591.28980147405,1536,2048
train,IMG_8254.jpeg,3,Wheel Support,0.157681,0.151304,0.023857766024,242.198016,309.870592,75050.04259914547,1536,2048
train,IMG_8255.jpeg,2,Wheel,0.238841,0.205217,0.049014233497,366.859776,420.284416,154185.44671005083,1536,2048
train,IMG_8256.jpeg,3,Wheel Support,0.171594,0.16,0.02745504,263.568384,327.68,86366.08806912,1536,2048
train,IMG_8256.jpeg,2,Wheel,0.306087,0.18087,0.05536195569,470.149632,370.42176,174153.65414879232,1536,2048
train,IMG_8257.jpeg,2,Wheel,0.241159,0.227826,0.054942290334000006,370.420224,466.587648,172833.50108779315,1536,2048
train,IMG_8258.jpeg,2,Wheel,0.273623,0.233043,0.063765924789,420.28492800000004,477.272064,200590.2550546514,1536,2048
train,IMG_8258.jpeg,3,Wheel Support,0.204058,0.156522,0.031939566275999996,313.433088,320.557056,100473.18794226892,1536,2048
train,IMG_8259.jpeg,2,Wheel,0.252754,0.206957,0.052309209578,388.230144,423.847936,164550.5452273828,1536,2048
train,IMG_8259.jpeg,3,Wheel Support,0.150725,0.147826,0.022281073850000003,231.5136,302.747648,70090.1978800128,1536,2048
train,IMG_8260.jpeg,3,Wheel Support,0.197101,0.166957,0.032907391657,302.747136,341.927936,103517.7033423913,1536,2048
train,IMG_8260.jpeg,3,Wheel Support,0.264348,0.243478,0.06436292234400001,406.03852800000004,498.642944,202468.24697934644,1536,2048
train,IMG_8260.jpeg,2,Wheel,0.19942,0.13913,0.0277453046,306.30912,284.93824,87279.1815487488,1536,2048
train,IMG_8263.jpeg,3,Wheel Support,0.32,0.297391,0.09516512,491.52,609.056768,299363.58260736003,1536,2048
train,IMG_8263.jpeg,3,Wheel Support,0.211014,0.16,0.03376224,324.117504,327.68,106206.82371072,1536,2048
train,IMG_8263.jpeg,2,Wheel,0.192464,0.144348,0.027781793472,295.624704,295.624704,87393.96561508763,1536,2048
train,IMG_8264.jpeg,6,Flange,0.306087,0.213913,0.065475988431,470.149632,438.093824,205969.65013507276,1536,2048
train,IMG_8266.jpeg,6,Flange,0.227246,0.154783,0.035173817618,349.049856,316.995584,110647.2629478359,1536,2048
train,IMG_8267.jpeg,2,Wheel,0.148406,0.118261,0.017550641966,227.951616,242.198528,55209.54585042125,1536,2048
train,IMG_8267.jpeg,7,Nut,0.111304,0.083478,0.009291435312,170.962944,170.962944,29228.328221147134,1536,2048
train,IMG_8267.jpeg,7,Nut,0.062609,0.053913,0.003375439017,96.167424,110.413824,10618.213028069376,1536,2048
train,IMG_8268.jpeg,6,Flange,0.187826,0.132174,0.024825713724,288.50073599999996,270.692352,78094.94278157107,1536,2048
train,IMG_8269.jpeg,6,Flange,0.389565,0.283478,0.11043310707000001,598.37184,580.562944,347392.51703709696,1536,2048
train,IMG_8270.jpeg,6,Flange,0.18087,0.137391,0.024849910170000003,277.81632,281.376768,78171.05821925377,1536,2048
train,IMG_8271.jpeg,6,Flange,0.146087,0.12,0.017530439999999998,224.389632,245.76,55145.99596032,1536,2048
train,IMG_8273.jpeg,6,Flange,0.227246,0.173913,0.039521033598,349.049856,356.173824,124322.42197816934,1536,2048
train,IMG_8274.jpeg,6,Flange,0.18087,0.135652,0.02453537724,277.81632,277.815296,77181.62317443072,1536,2048
train,IMG_8276.jpeg,6,Flange,0.143768,0.125217,0.018002197656,220.827648,256.444416,56630.01722801357,1536,2048
train,IMG_8280.jpeg,6,Flange,0.310725,0.24,0.07457399999999999,477.2736,491.52,234589.51987199998,1536,2048
train,IMG_8281.jpeg,6,Flange,0.268986,0.205217,0.055200499962,413.16249600000003,420.284416,173645.75834446235,1536,2048
train,IMG_8283.jpeg,6,Flange,0.166957,0.125217,0.020905854669,256.445952,256.444416,65764.13239620402,1536,2048
train,IMG_8284.jpeg,6,Flange,0.231884,0.175652,0.040730888368,356.173824,359.735296,128128.29600409191,1536,2048
train,IMG_8284.jpeg,7,Nut,0.097391,0.073043,0.007113730813,149.592576,149.592064,22377.862202916865,1536,2048
train,IMG_8285.jpeg,6,Flange,0.229565,0.158261,0.036331186465,352.61184,324.118528,114288.03053617151,1536,2048
train,IMG_8285.jpeg,7,Nut,0.095072,0.073043,0.006944344096,146.030592,149.592064,21845.01766442189,1536,2048
train,IMG_8297.jpeg,0,Bolt,0.092754,0.076522,0.007097721588000001,142.470144,156.717056,22327.501535576066,1536,2048
train,IMG_8297.jpeg,1,Frame,0.996696,0.815652,0.8129570857920001,1530.925056,1670.455296,2557341.867574297,1536,2048
train,IMG_8298.jpeg,0,Bolt,0.097391,0.073043,0.007113730813,149.592576,149.592064,22377.862202916865,1536,2048
train,IMG_8298.jpeg,1,Frame,1.0,0.833043,0.833043,1536.0,1706.072064,2620526.690304,1536,2048
train,IMG_8299.jpeg,0,Bolt,0.125217,0.086957,0.010888494669,192.33331199999998,178.087936,34252.24255812403,1536,2048
train,IMG_8299.jpeg,1,Frame,0.989739,0.886956,0.877854944484,1520.239104,1816.485888,2761492.8788017645,1536,2048
train,IMG_8300.jpeg,0,Bolt,0.129855,0.092174,0.01196925477,199.45728,188.772352,37652.01986912256,1536,2048
train,IMG_8301.jpeg,0,Bolt,0.171594,0.24,0.04118256,263.568384,491.52,129549.13210368,1536,2048
train,IMG_8302.jpeg,0,Bolt,0.215652,0.26087,0.05625713724,331.24147200000004,534.26176,176969.65181571073,1536,2048
train,IMG_8303.jpeg,0,Bolt,0.164638,0.113043,0.018611173434,252.883968,231.512064,58545.68938418996,1536,2048
train,IMG_8303.jpeg,3,Wheel Support,0.445217,0.511304,0.22764123296799998,683.853312,1047.150592,716097.4005019607,1536,2048
train,IMG_8304.jpeg,0,Bolt,0.173913,0.229565,0.039924337845000005,267.13036800000003,470.14912,125591.10744047617,1536,2048
train,IMG_8304.jpeg,3,Wheel Support,0.456812,0.523478,0.239131032136,701.663232,1072.082944,752241.183459115,1536,2048
train,IMG_8305.jpeg,3,Wheel Support,0.535652,0.601739,0.322322698828,822.761472,1232.361472,1013939.5387388068,1536,2048
train,IMG_8305.jpeg,0,Bolt,0.153043,0.205217,0.031407025331,235.074048,420.284416,98797.95898043597,1536,2048
train,IMG_8306.jpeg,0,Bolt,0.162319,0.116522,0.018913734518,249.321984,238.637056,59497.4642578391,1536,2048
train,IMG_8306.jpeg,3,Wheel Support,0.593623,0.65913,0.39127472799,911.804928,1349.89824,1230843.8675305268,1536,2048
train,IMG_8307.jpeg,3,Wheel Support,0.605217,0.606957,0.367340694669,929.613312,1243.047936,1155553.9087597239,1536,2048
train,IMG_8309.jpeg,3,Wheel Support,0.609855,0.664348,0.40515594954000006,936.73728,1360.584704,1274510.4148345653,1536,2048
train,IMG_8310.jpeg,3,Wheel Support,0.584348,0.61913,0.36178737724,897.558528,1267.97824,1138084.6826304307,1536,2048
train,IMG_8311.jpeg,1,Frame,0.635362,0.961739,0.611052414518,975.916032,1969.641472,1922204.689816879,1536,2048
train,IMG_8312.jpeg,1,Frame,0.630725,0.96,0.6054959999999999,968.7936,1966.08,1904725.7210879999,1536,2048
train,IMG_8317.jpeg,1,Frame,0.722609,0.570435,0.412201464915,1479.903232,876.18816,1296673.6898241332,2048,1536
train,IMG_8319.jpeg,1,Frame,0.948406,0.523478,0.49646967606799997,1456.751616,1072.082944,1561758.5611580375,1536,2048
train,IMG_8320.jpeg,1,Frame,0.980464,0.495652,0.485968942528,1505.992704,1015.095296,1528726.1096407203,1536,2048
train,IMG_8321.jpeg,1,Frame,0.921565,0.528696,0.48722772924,1415.5238399999998,1082.769408,1532685.9102466868,1536,2048
train,IMG_8322.jpeg,1,Frame,0.935478,0.473043,0.442521319554,1436.8942080000002,968.792064,1392051.7055179654,1536,2048
train,IMG_8323.jpeg,1,Frame,0.99113,0.518261,0.51366402493,1522.3756799999999,1061.398528,1615847.305814999,1536,2048
train,IMG_8324.jpeg,1,Frame,0.975826,0.542609,0.529491970034,1498.868736,1111.263232,1665637.7159111146,1536,2048
train,IMG_8325.jpeg,1,Frame,0.995768,0.504348,0.502213599264,1529.499648,1032.904704,1579827.3811855442,1536,2048
train,IMG_8326.jpeg,1,Frame,0.630725,0.921739,0.581363830775,968.7936,1887.721472,1828812.4806561791,1536,2048
train,IMG_8328.jpeg,1,Frame,0.61913,0.895652,0.5545250227599999,950.9836799999999,1834.295296,1744384.8907967692,1536,2048
train,IMG_8329.jpeg,1,Frame,0.809275,0.843478,0.68260565845,1243.0464,1727.442944,2147291.7327446016,1536,2048
train,IMG_8330.jpeg,1,Frame,0.748696,0.716522,0.536457155312,1533.329408,1100.577792,1687548.2942653073,2048,1536
train,IMG_8331.jpeg,1,Frame,0.735652,0.793043,0.583403669036,1506.615296,1218.1140480000001,1835229.2569892784,2048,1536
train,IMG_8332.jpeg,1,Frame,0.769565,0.770435,0.592899810775,1576.06912,1183.38816,1865101.5359496193,2048,1536
train,IMG_8334.jpeg,1,Frame,0.876522,0.692174,0.6067057388279999,1795.117056,1063.1792639999999,1908531.2303919266,2048,1536
train,IMG_8335.jpeg,1,Frame,0.883043,0.652174,0.575897685482,1808.472064,1001.739264,1811617.474355921,2048,1536
train,IMG_8336.jpeg,1,Frame,0.802174,0.634783,0.509206418242,1642.852352,975.0266879999999,1601824.88764357,2048,1536
train,IMG_8337.jpeg,1,Frame,0.808696,0.627826,0.507720374896,1656.209408,964.340736,1597150.1994808442,2048,1536
train,IMG_8338.jpeg,1,Frame,0.893478,0.6,0.5360868,1829.842944,921.5999999999999,1686383.2571903998,2048,1536
train,IMG_8340.jpeg,1,Frame,0.902609,0.56,0.50546104,1848.543232,860.1600000000001,1590042.9464371202,2048,1536
train,IMG_8341.jpeg,1,Frame,0.893478,0.52,0.46460856,1829.842944,798.72,1461532.15623168,2048,1536
train,IMG_8342.jpeg,5,Box,0.470725,0.462609,0.217761621525,723.0336,947.423232,685018.8301565952,1536,2048
train,IMG_8342.jpeg,7,Nut,0.051014,0.038261,0.0019518466540000001,78.35750399999999,78.358528,6139.9786711941115,1536,2048
train,IMG_8342.jpeg,7,Nut,0.051014,0.036522,0.0018631333079999997,78.35750399999999,74.797056,5860.910614708223,1536,2048
train,IMG_8342.jpeg,5,Box,0.355768,0.476522,0.16953127889599998,546.459648,975.917056,533299.2908989564,1536,2048
train,IMG_8342.jpeg,2,Wheel,0.137797,0.177391,0.024443947627,211.656192,363.296768,76894.01048078746,1536,2048
train,IMG_8342.jpeg,2,Wheel,0.075188,0.184348,0.013860757424000001,115.48876800000001,377.544704,43602.172729884674,1536,2048
train,IMG_8343.jpeg,5,Box,0.524058,0.478261,0.250636503138,804.953088,979.478528,788434.2657432944,1536,2048
train,IMG_8344.jpeg,7,Nut,0.041739,0.031304,0.0013065976559999998,64.111104,64.110592,4110.200831213568,1536,2048
train,IMG_8344.jpeg,7,Nut,0.030145,0.027826,0.0008388147700000001,46.30272,56.987648,2638.68310880256,1536,2048
train,IMG_8344.jpeg,5,Box,0.489275,0.457391,0.22378998152500001,751.5264,936.736768,703982.4110026752,1536,2048
train,IMG_8344.jpeg,5,Box,0.39287,0.488696,0.19199399752000001,603.44832,1000.849408,603960.8938305946,1536,2048
train,IMG_8344.jpeg,2,Wheel,0.149391,0.175652,0.026240827932,229.464576,359.735296,82546.5071688745,1536,2048
train,IMG_8344.jpeg,2,Wheel,0.109971,0.198261,0.021802960431,168.915456,406.038528,68586.18311068877,1536,2048
train,IMG_8345.jpeg,5,Box,0.447536,0.434783,0.19458104468799997,687.415296,890.435584,612099.0405442929,1536,2048
train,IMG_8347.jpeg,5,Box,0.48,0.431304,0.20702592,737.28,883.310592,651247.23326976,1536,2048
train,IMG_8348.jpeg,5,Box,0.466087,0.446957,0.208320847259,715.909632,915.367936,655320.7222063595,1536,2048
train,IMG_8349.jpeg,5,Box,0.54029,0.506087,0.27343374523,829.88544,1036.466176,860148.1885148773,1536,2048
train,IMG_8350.jpeg,5,Box,0.591304,0.537391,0.317761447864,908.2429440000001,1100.576768,999591.083866325,1536,2048
train,IMG_8352.jpeg,5,Box,0.477681,0.525217,0.250886181777,733.718016,1075.644416,789219.6868289987,1536,2048
train,IMG_8352.jpeg,2,Wheel,0.157681,0.17913,0.02824539753,242.198016,366.85824,88852.33788125185,1536,2048
train,IMG_8353.jpeg,5,Box,0.463768,0.466087,0.216156235816,712.347648,954.546176,679968.723380994,1536,2048
train,IMG_8361.jpeg,5,Box,0.643304,0.464348,0.298716925792,988.1149439999999,950.984704,939682.1975378165,1536,2048
train,IMG_8361.jpeg,1,Frame,0.553797,0.546087,0.302421342339,850.632192,1118.386176,951335.2843933778,1536,2048
train,IMG_8362.jpeg,5,Box,0.658551,0.516522,0.340156079622,1011.5343359999999,1057.837056,1070038.5040371548,1536,2048
train,IMG_8362.jpeg,2,Wheel,0.206377,0.172174,0.035532753598,316.995072,352.612352,111776.37791032933,1536,2048
train,IMG_8365.jpeg,2,Wheel,0.285217,0.205217,0.058531377089000004,438.09331199999997,420.284416,184123.79178742578,1536,2048
train,IMG_8365.jpeg,2,Wheel,0.222609,0.151304,0.033681632136,341.927424,309.870592,105953.253295915,1536,2048
train,IMG_8367.jpeg,2,Wheel,0.211014,0.208696,0.044037777744,324.117504,427.409408,138530.87050707763,1536,2048
train,IMG_8368.jpeg,2,Wheel,0.204058,0.130435,0.026616305229999998,313.433088,267.13088,83727.65661855743,1536,2048
train,IMG_8368.jpeg,5,Box,0.711884,0.605217,0.43084429882799996,1093.453824,1239.484416,1355318.9744636067,1536,2048
train,IMG_8369.jpeg,5,Box,0.707246,0.573913,0.40589767359800005,1086.329856,1175.373824,1276843.6769720893,1536,2048
train,IMG_8372.jpeg,5,Box,0.537971,0.486957,0.26196874424699995,826.323456,997.287936,824082.4139026267,1536,2048
train,IMG_8373.jpeg,1,Frame,0.321913,0.41913,0.13492339569,494.458368,858.37824,424432.30367711233,1536,2048
train,IMG_8373.jpeg,5,Box,0.449855,0.448696,0.20184813908,690.9772800000001,918.929408,634959.3428518503,1536,2048
train,IMG_8373.jpeg,2,Wheel,0.146087,0.097391,0.014227559017000001,224.389632,199.456768,44756.03077142938,1536,2048
train,IMG_8373.jpeg,2,Wheel,0.192464,0.146087,0.028116488367999997,295.624704,299.186176,88446.8247208919,1536,2048
train,IMG_8373.jpeg,2,Wheel,0.166957,0.128696,0.021486698072,256.445952,263.569408,67591.3077526364,1536,2048
train,IMG_8373.jpeg,2,Wheel,0.150725,0.092174,0.01389292615,231.5136,188.772352,43703.3667919872,1536,2048
train,IMG_8375.jpeg,5,Box,0.454493,0.441739,0.200767283327,698.1012479999999,904.681472,631559.264645677,1536,2048
train,IMG_8375.jpeg,5,Box,0.041739,0.029565,0.001234013535,64.111104,60.54912,3881.87092942848,1536,2048
train,IMG_8375.jpeg,2,Wheel,0.178551,0.149565,0.026704980314999998,274.25433599999997,306.30912,84006.60431634431,1536,2048
train,IMG_8375.jpeg,2,Wheel,0.153043,0.086957,0.013308160151000002,235.074048,178.087936,41863.85201548493,1536,2048
train,IMG_8375.jpeg,2,Wheel,0.157681,0.132174,0.020841328494,242.198016,270.692352,65561.15060077363,1536,2048
train,IMG_8375.jpeg,2,Wheel,0.150725,0.08,0.012058,231.5136,163.84,37931.188224,1536,2048
train,IMG_8376.jpeg,5,Box,0.456812,0.365217,0.166835508204,701.663232,747.964416,524819.1295515525,1536,2048
train,IMG_8376.jpeg,2,Wheel,0.176232,0.137391,0.024212690712000003,270.692352,281.376768,76166.53912807835,1536,2048
train,IMG_8377.jpeg,5,Box,0.473043,0.386087,0.182635752741,726.5940479999999,790.706176,574522.4011984405,1536,2048
train,IMG_8377.jpeg,2,Wheel,0.176232,0.123478,0.021760774896,270.692352,252.882944,68453.4788920443,1536,2048
train,IMG_8377.jpeg,2,Wheel,0.155362,0.123478,0.019183789036,238.636032,252.882944,60346.98231663821,1536,2048
train,IMG_8383.jpeg,5,Box,0.44058,0.33913,0.1494138954,676.7308800000001,694.53824,470015.47434885125,1536,2048
train,IMG_8383.jpeg,2,Wheel,0.176232,0.133913,0.023599755816,270.692352,274.253824,74238.41266355406,1536,2048
train,IMG_8383.jpeg,2,Wheel,0.183188,0.123478,0.022619687864,281.37676799999997,252.882944,71155.385465045,1536,2048
train,IMG_8383.jpeg,2,Wheel,0.173913,0.106087,0.018449908431,267.13036800000003,217.266176,58038.39354883278,1536,2048
train,IMG_8389.jpeg,3,Wheel Support,0.375652,0.278261,0.10452930117199999,577.0014719999999,569.878528,328820.7495171931,1536,2048
train,IMG_8390.jpeg,3,Wheel Support,0.41971,0.323478,0.13576695138,644.67456,662.482944,427085.90043070464,1536,2048
train,IMG_8393.jpeg,3,Wheel Support,0.653913,0.422609,0.276349519017,1004.410368,865.503232,869320.4197583094,1536,2048
train,IMG_8394.jpeg,3,Wheel Support,0.677101,0.466087,0.315587973787,1040.027136,954.546176,992753.9256050318,1536,2048
train,IMG_8395.jpeg,3,Wheel Support,0.612174,0.429565,0.26296852431,940.299264,879.74912,827227.4500406476,1536,2048
train,IMG_8397.jpeg,3,Wheel Support,0.433623,0.34087,0.14780907201,666.044928,698.10176,464967.1364758733,1536,2048
train,IMG_8398.jpeg,3,Wheel Support,0.491594,0.393043,0.19321758054199997,755.0883839999999,804.952064,607809.9532032245,1536,2048
train,IMG_8399.jpeg,3,Wheel Support,0.556522,0.412174,0.22938389882799998,854.8177919999999,844.132352,721579.3532924067,1536,2048
train,IMG_8400.jpeg,3,Wheel Support,0.554203,0.422609,0.234211175627,851.255808,865.503232,736764.6530827715,1536,2048
train,IMG_8401.jpeg,3,Wheel Support,0.66087,0.52,0.34365239999999997,1015.0963199999999,1064.96,1081036.9769472,1536,2048
train,IMG_8411.jpeg,3,Wheel Support,0.67942,0.483478,0.32848462276,1043.58912,990.162944,1033323.2753855694,1536,2048
train,IMG_8412.jpeg,3,Wheel Support,0.658551,0.464348,0.305796839748,1011.5343359999999,950.984704,961953.6811067965,1536,2048
train,IMG_8413.jpeg,3,Wheel Support,0.656232,0.457391,0.300154610712,1007.972352,936.736768,944204.7632458383,1536,2048
train,IMG_8416.jpeg,6,Flange,0.29913,0.210435,0.06294742155000001,459.46368,430.97088,198015.4664976384,1536,2048
train,IMG_8416.jpeg,3,Wheel Support,0.365044,0.351304,0.128241417376,560.707584,719.470592,403412.6173993697,1536,2048
train,IMG_8417.jpeg,3,Wheel Support,0.384928,0.347826,0.133887966528,591.249408,712.347648,421175.12517019245,1536,2048
train,IMG_8417.jpeg,6,Flange,0.29913,0.2,0.059826000000000004,459.46368,409.6,188196.32332800003,1536,2048
train,IMG_8429.jpeg,6,Flange,0.178551,0.156522,0.027947159621999996,274.25433599999997,320.557056,87914.1625433948,1536,2048
train,IMG_8429.jpeg,1,Frame,1.0,0.92,0.92,1536.0,1884.16,2894069.7600000002,1536,2048
train,IMG_8431.jpeg,2,Wheel,0.408116,0.292174,0.11924088418399999,626.866176,598.372352,375099.3881223659,1536,2048
train,IMG_8432.jpeg,2,Wheel,0.345507,0.351304,0.121377991128,530.698752,719.470592,381822.1452751012,1536,2048
train,IMG_8432.jpeg,3,Wheel Support,0.336232,0.243478,0.081865094896,516.452352,498.642944,257525.3212370043,1536,2048
train,IMG_8436.jpeg,3,Wheel Support,0.354783,0.245217,0.086998822911,544.946688,502.204416,273674.6331981742,1536,2048
train,IMG_8436.jpeg,2,Wheel,0.435942,0.306087,0.133436178954,669.606912,626.866176,419753.9243486085,1536,2048
train,IMG_8438.jpeg,2,Wheel,0.403478,0.252174,0.101746661172,619.742208,516.452352,320067.32095527323,1536,2048
train,IMG_8438.jpeg,3,Wheel Support,0.352464,0.231304,0.081526333056,541.384704,473.710592,256459.6686315848,1536,2048
train,IMG_8439.jpeg,2,Wheel,0.306087,0.32,0.09794784000000001,470.149632,655.36,308117.26282752,1536,2048
train,IMG_8439.jpeg,3,Wheel Support,0.422029,0.288696,0.121838084184,648.236544,591.249408,383269.47288396594,1536,2048
train,IMG_8440.jpeg,3,Wheel Support,0.382609,0.250435,0.09581868491500001,587.687424,512.89088,301419.52006029314,1536,2048
train,IMG_8441.jpeg,3,Wheel Support,0.282899,0.236522,0.066911837278,434.532864,484.397056,210486.4400568484,1536,2048
train,IMG_8441.jpeg,2,Wheel,0.294493,0.21913,0.06453225108999999,452.341248,448.77824,203000.90915684353,1536,2048
train,IMG_8442.jpeg,1,Frame,0.38029,0.083478,0.03174584862,584.12544,170.962944,99863.80488769535,1536,2048
train,IMG_8442.jpeg,3,Wheel Support,0.067246,0.064348,0.004327145608,103.289856,131.784704,13612.023099162625,1536,2048
train,IMG_8443.jpeg,1,Frame,0.403478,0.113043,0.045610363554,619.742208,231.512064,143477.7977219973,1536,2048
train,IMG_8443.jpeg,3,Wheel Support,0.085797,0.05913,0.00507317661,131.784192,121.09824,15958.83371102208,1536,2048
train,IMG_8443.jpeg,9,Table,0.707246,0.474783,0.335788377618,1086.329856,972.355584,1056298.901547516,1536,2048
train,IMG_8445.jpeg,1,Frame,0.558841,0.154783,0.086499086503,858.379776,316.995584,272102.5983869092,1536,2048
train,IMG_8445.jpeg,3,Wheel Support,0.088116,0.081739,0.007202513724,135.346176,167.401472,22657.149091971078,1536,2048
train,IMG_8446.jpeg,1,Frame,0.714203,0.241739,0.17265071901700002,1097.015808,495.081472,543112.2010319094,1536,2048
train,IMG_8446.jpeg,3,Wheel Support,0.148406,0.083478,0.012388636068000001,227.951616,170.962944,38971.279360917506,1536,2048
train,IMG_8447.jpeg,1,Frame,0.885797,0.330435,0.292698331695,1360.5841919999998,676.73088,920749.3375662487,1536,2048
train,IMG_8447.jpeg,3,Wheel Support,0.150725,0.118261,0.017824889225,231.5136,242.198528,56072.253131980804,1536,2048
train,IMG_8448.jpeg,1,Frame,0.83942,0.370435,0.3109505477,1289.34912,758.65088,978165.8445152257,1536,2048
train,IMG_8448.jpeg,3,Wheel Support,0.146087,0.135652,0.019816993723999997,224.389632,277.815296,62338.87203341107,1536,2048
train,IMG_8450.jpeg,1,Frame,0.795362,0.387826,0.308462063012,1221.676032,794.267648,970337.7485546129,1536,2048
train,IMG_8450.jpeg,3,Wheel Support,0.143768,0.14087,0.02025259816,220.827648,288.50176,63709.16510466048,1536,2048
train,IMG_8478.jpeg,3,Wheel Support,0.164638,0.187826,0.030923296988,252.883968,384.667648,97276.28118746726,1536,2048
train,IMG_8478.jpeg,3,Wheel Support,0.171594,0.186087,0.031931412678,263.568384,381.106176,100447.53894073959,1536,2048
train,IMG_8478.jpeg,3,Wheel Support,0.188812,0.130435,0.02462769322,290.015232,267.13088,77472.02413756416,1536,2048
train,IMG_8478.jpeg,5,Box,0.640986,0.483478,0.309902629308,984.554496,990.162944,974869.3782877963,1536,2048
train,IMG_8478.jpeg,5,Box,0.437855,0.457391,0.20027093630499998,672.54528,936.736768,629997.891920855,1536,2048
train,IMG_8478.jpeg,5,Box,0.306087,0.135652,0.041521313723999996,470.149632,277.815296,130614.75917837107,1536,2048
train,IMG_8478.jpeg,5,Box,0.268986,0.142609,0.03835982447400001,413.16249600000003,292.063232,120669.5739229471,1536,2048
train,IMG_8478.jpeg,1,Frame,0.960986,0.356522,0.34261265069200003,1476.074496,730.157056,1077766.2084360437,1536,2048
train,IMG_8478.jpeg,7,Nut,0.046377,0.043478,0.002016379206,71.235072,89.042944,6342.980526931969,1536,2048
train,IMG_8479.jpeg,7,Nut,0.057971,0.050435,0.002923767385,89.043456,103.29088,9197.37692848128,1536,2048
train,IMG_8479.jpeg,3,Wheel Support,0.176232,0.201739,0.035552867448,270.692352,413.161472,111839.65061146216,1536,2048
train,IMG_8479.jpeg,3,Wheel Support,0.183188,0.182609,0.033451777492,281.37676799999997,373.983232,105230.19310635416,1536,2048
train,IMG_8479.jpeg,3,Wheel Support,0.154029,0.144348,0.022233778092,236.588544,295.624704,69941.41828979098,1536,2048
train,IMG_8479.jpeg,1,Frame,0.947072,0.33913,0.32118052736,1454.702592,694.53824,1010346.5779711182,1536,2048
train,IMG_8479.jpeg,5,Box,0.666492,0.493913,0.329189063196,1023.731712,1011.533824,1035539.2533894267,1536,2048
train,IMG_8480.jpeg,7,Nut,0.092754,0.069565,0.00645243201,142.470144,142.46912,20297.596041953282,1536,2048
train,IMG_8481.jpeg,3,Wheel Support,0.265333,0.14087,0.03737745971,407.55148799999995,288.50176,117579.32157861887,1536,2048
train,IMG_8481.jpeg,7,Nut,0.062609,0.053913,0.003375439017,96.167424,110.413824,10618.213028069376,1536,2048
train,IMG_8482.jpeg,7,Nut,0.074203,0.048696,0.0036133892880000004,113.975808,99.729408,11366.739858161665,1536,2048
train,IMG_8482.jpeg,3,Wheel Support,0.269971,0.163478,0.044134319138000006,414.67545600000005,334.802944,138834.56347334248,1536,2048
train,IMG_8483.jpeg,7,Nut,0.134493,0.09913,0.01333229109,206.58124800000002,203.01824,41939.761385963524,1536,2048
train,IMG_8484.jpeg,7,Nut,0.078841,0.069565,0.005484574165,121.09977599999999,142.46912,17252.97851891712,1536,2048
train,IMG_8484.jpeg,3,Wheel Support,0.169275,0.168696,0.028556015400000002,260.0064,345.489408,89829.4572122112,1536,2048
train,IMG_8484.jpeg,5,Box,0.67942,0.427826,0.29067354092,1043.58912,876.187648,914379.8965311898,1536,2048
train,IMG_8484.jpeg,5,Box,0.313043,0.147826,0.04627589451800001,480.83404800000005,302.747648,145571.37711031912,1536,2048
train,IMG_8484.jpeg,3,Wheel Support,0.258376,0.153043,0.039542638168,396.865536,313.432064,124390.38407894631,1536,2048
train,IMG_8484.jpeg,3,Wheel Support,0.178551,0.16,0.02856816,274.25433599999997,327.68,89867.66082047998,1536,2048
train,IMG_8487.jpeg,7,Nut,0.057971,0.045217,0.002621274707,89.043456,92.604416,8245.817241501696,1536,2048
train,IMG_8488.jpeg,7,Nut,0.053333,0.046957,0.002504357681,81.919488,96.167936,7878.028079136768,1536,2048
train,IMG_8488.jpeg,7,Nut,0.046377,0.038261,0.0017744303970000002,71.235072,78.358528,5581.8753838940165,1536,2048
train,IMG_8490.jpeg,7,Nut,0.204058,0.128696,0.026261448368,313.433088,263.569408,82611.37345177191,1536,2048
train,IMG_8491.jpeg,7,Nut,0.143768,0.111304,0.016001953472,220.827648,227.950592,50337.79309156762,1536,2048
train,IMG_8493.jpeg,3,Wheel Support,0.368696,0.276522,0.10195255531200001,566.3170560000001,566.317056,320715.0079165072,1536,2048
train,IMG_8493.jpeg,7,Nut,0.067246,0.05913,0.00397625598,103.289856,121.09824,12508.219771453441,1536,2048
train,IMG_8495.jpeg,7,Nut,0.048696,0.043478,0.0021172046880000004,74.797056,89.042944,6660.150068772864,1536,2048
train,IMG_8495.jpeg,3,Wheel Support,0.366377,0.241739,0.088567609603,562.755072,495.081472,278609.609421226,1536,2048
train,IMG_8495.jpeg,3,Wheel Support,0.412754,0.175652,0.072501065608,633.990144,359.735296,228068.6321129226,1536,2048
train,IMG_8496.jpeg,6,Flange,0.083478,0.067826,0.005661978828,128.222208,138.907648,17811.045334646784,1536,2048
train,IMG_8496.jpeg,5,Box,0.820464,0.403478,0.331039173792,1260.232704,826.322944,1041359.1980943606,1536,2048
train,IMG_8496.jpeg,5,Box,0.246782,0.231304,0.057081663728000005,379.057152,473.710592,179563.38787575398,1536,2048
train,IMG_8496.jpeg,2,Wheel,0.18087,0.13913,0.0251644431,277.81632,284.93824,79160.49326407681,1536,2048
train,IMG_8502.jpeg,6,Flange,0.104348,0.081739,0.008529301172,160.278528,167.401472,26830.861517193218,1536,2048
train,IMG_8502.jpeg,2,Wheel,0.211014,0.153043,0.032294215602000007,324.117504,313.432064,101588.81825724826,1536,2048
train,IMG_8502.jpeg,2,Wheel,0.13913,0.116522,0.01621170586,213.70368000000002,238.637056,50997.617051566085,1536,2048
train,IMG_8502.jpeg,2,Wheel,0.10858,0.149565,0.0162397677,166.77888,306.30912,51085.8919673856,1536,2048
train,IMG_8502.jpeg,3,Wheel Support,0.204058,0.142609,0.029100507322,313.433088,292.063232,91542.28069702043,1536,2048
train,IMG_8502.jpeg,3,Wheel Support,0.136812,0.08,0.01094496,210.14323199999998,163.84,34429.86713088,1536,2048
train,IMG_8502.jpeg,3,Wheel Support,0.178144,0.156522,0.027883455167999997,273.629184,320.557056,87713.7656587223,1536,2048
train,IMG_8502.jpeg,5,Box,0.333913,0.241739,0.08071979470700001,512.8903680000001,495.081472,253922.51836406175,1536,2048
train,IMG_8502.jpeg,5,Box,0.306087,0.184348,0.056426526276000005,470.149632,377.544704,177502.50364914894,1536,2048
train,IMG_8503.jpeg,6,Flange,0.118261,0.090435,0.010694933535000001,181.648896,185.21088,33643.351879188485,1536,2048
train,IMG_8504.jpeg,6,Flange,0.183188,0.12,0.021982559999999998,281.37676799999997,245.76,69151.15450368,1536,2048
train,IMG_8505.jpeg,6,Flange,0.229565,0.151304,0.034734102759999996,352.61184,309.870592,109264.03960700927,1536,2048
train,IMG_8505.jpeg,2,Wheel,0.166957,0.13913,0.02322872741,256.445952,284.93824,73071.25821800447,1536,2048
train,IMG_8505.jpeg,2,Wheel,0.204058,0.130435,0.026616305229999998,313.433088,267.13088,83727.65661855743,1536,2048
train,IMG_8505.jpeg,3,Wheel Support,0.208696,0.128696,0.026858340416,320.557056,263.569408,84489.03348014285,1536,2048
train,IMG_8510.jpeg,3,Wheel Support,0.262029,0.194783,0.051038794707000006,402.476544,398.915584,160554.1655960617,1536,2048
train,IMG_8512.jpeg,7,Nut,0.053333,0.041739,0.0022260660869999997,81.919488,85.481472,7002.598419726336,1536,2048
train,IMG_8512.jpeg,7,Nut,0.037101,0.033043,0.0012259283430000002,56.98713600000001,67.672064,3856.4371145687046,1536,2048
train,IMG_8512.jpeg,7,Nut,0.034783,0.038261,0.0013308323630000002,53.426688,78.358528,4186.436627595264,1536,2048
train,IMG_8512.jpeg,6,Flange,0.115942,0.071304,0.008267128368,178.086912,146.030592,26006.13718681191,1536,2048
train,IMG_8512.jpeg,7,Nut,0.048696,0.04,0.0019478400000000002,74.797056,81.92,6127.37482752,1536,2048
train,IMG_8512.jpeg,2,Wheel,0.285217,0.201739,0.057539392363,438.09331199999997,413.161472,181003.27765927525,1536,2048
train,IMG_8512.jpeg,3,Wheel Support,0.25971,0.161739,0.042005235689999997,398.91456,331.241472,132137.0460566323,1536,2048
train,IMG_8512.jpeg,6,Flange,0.115942,0.069565,0.00806550523,178.086912,142.46912,25371.885636157444,1536,2048
train,IMG_8513.jpeg,3,Wheel Support,0.331594,0.215652,0.07150890928800001,509.328384,441.655296,224947.57819672168,1536,2048
train,IMG_8513.jpeg,7,Nut,0.074203,0.057391,0.004258584373,113.975808,117.536768,13396.348102508544,1536,2048
train,IMG_8513.jpeg,7,Nut,0.064928,0.045217,0.002935849376,99.729408,92.604416,9235.38358586573,1536,2048
train,IMG_8513.jpeg,7,Nut,0.071884,0.052174,0.003750475816,110.413824,106.852352,11797.976787714048,1536,2048
train,IMG_8513.jpeg,7,Nut,0.074203,0.048696,0.0036133892880000004,113.975808,99.729408,11366.739858161665,1536,2048
train,IMG_8513.jpeg,2,Wheel,0.38029,0.227826,0.08663994954000001,584.12544,466.587648,272545.7151865651,1536,2048
train,IMG_8514.jpeg,7,Nut,0.069565,0.043478,0.0030245470700000004,106.85184000000001,89.042944,9514.402405416962,1536,2048
train,IMG_8514.jpeg,6,Flange,0.134493,0.113043,0.015203492199000001,206.58124800000002,231.512064,47826.051108175874,1536,2048
train,IMG_8514.jpeg,3,Wheel Support,0.324638,0.177391,0.057587859458,498.643968,363.296768,181155.7419570954,1536,2048
train,IMG_8514.jpeg,2,Wheel,0.338551,0.212174,0.071831719874,520.014336,434.532352,225963.05249579824,1536,2048
train,IMG_8514.jpeg,7,Nut,0.055652,0.043478,0.002419637656,85.481472,89.042944,7611.521924333568,1536,2048
train,IMG_8514.jpeg,7,Nut,0.057971,0.052174,0.003024578954,89.043456,106.852352,9514.502703808512,1536,2048
train,IMG_8514.jpeg,7,Nut,0.064928,0.043478,0.0028229395840000003,99.729408,89.042944,8880.200091697154,1536,2048
train,IMG_8514.jpeg,7,Nut,0.076522,0.052174,0.003992458828,117.53779200000001,106.852352,12559.189524086785,1536,2048
train,IMG_8514.jpeg,7,Nut,0.078841,0.055652,0.004387659332,121.09977599999999,113.975296,13802.382815133695,1536,2048
train,IMG_8515.jpeg,7,Nut,0.064928,0.048696,0.0031617338880000003,99.729408,99.729408,9945.954820030465,1536,2048
train,IMG_8515.jpeg,7,Nut,0.071884,0.045217,0.003250378828,110.413824,92.604416,10224.807689846784,1536,2048
train,IMG_8515.jpeg,7,Nut,0.074203,0.036522,0.0027100419660000003,113.975808,74.797056,8525.054893621247,1536,2048
train,IMG_8515.jpeg,7,Nut,0.064928,0.062609,0.004065077152,99.729408,128.223232,12787.627019206657,1536,2048
train,IMG_8515.jpeg,7,Nut,0.085797,0.055652,0.004774774644,131.784192,113.975296,15020.142291320832,1536,2048
train,IMG_8515.jpeg,7,Nut,0.078841,0.06087,0.004799051669999999,121.09977599999999,124.66176,15096.511211765759,1536,2048
train,IMG_8515.jpeg,2,Wheel,0.336232,0.212174,0.07133968836799999,516.452352,434.532352,224415.25521049192,1536,2048
train,IMG_8515.jpeg,3,Wheel Support,0.310725,0.194783,0.060523947675,477.2736,398.915584,190391.8768717824,1536,2048
train,IMG_8515.jpeg,6,Flange,0.115942,0.092174,0.010686837908000001,178.086912,188.772352,33617.88523865703,1536,2048
train,IMG_8592.jpeg,10,Washer,0.037101,0.031304,0.001161409704,56.98713600000001,64.110592,3653.479025344512,1536,2048
train,IMG_8592.jpeg,10,Washer,0.027826,0.024348,0.0006775074480000001,42.740736,49.864704,2131.254149382144,1536,2048
train,IMG_8592.jpeg,10,Washer,0.030145,0.027826,0.0008388147700000001,46.30272,56.987648,2638.68310880256,1536,2048
train,IMG_8592.jpeg,10,Washer,0.041739,0.024348,0.001016261172,64.111104,49.864704,3196.881224073216,1536,2048
train,IMG_8593.jpeg,10,Washer,0.078841,0.066087,0.005210365167,121.09977599999999,135.346176,16390.391596056576,1536,2048
train,IMG_8594.jpeg,10,Washer,0.102029,0.097391,0.009936706339,156.716544,199.456768,31258.175358369794,1536,2048
train,IMG_8595.jpeg,10,Washer,0.032464,0.026087,0.000846888368,49.864704,53.426176,2664.080452091904,1536,2048
train,IMG_8595.jpeg,10,Washer,0.037101,0.022609,0.0008388165090000001,56.98713600000001,46.303232,2638.6885792235526,1536,2048
train,IMG_8595.jpeg,10,Washer,0.034783,0.026087,0.000907384121,53.426688,53.426176,2854.3836361850877,1536,2048
train,IMG_8596.jpeg,10,Washer,0.150725,0.114783,0.017300667675,231.5136,235.075584,54423.1947239424,1536,2048
train,IMG_8597.jpeg,10,Washer,0.206377,0.135652,0.027995452804,316.995072,277.815296,88066.07975822131,1536,2048
train,IMG_8600.jpeg,3,Wheel Support,0.208696,0.172174,0.035932025103999995,320.557056,352.612352,113032.3774663557,1536,2048
train,IMG_8600.jpeg,10,Washer,0.057971,0.048696,0.0028229558160000005,89.043456,99.729408,8880.25115315405,1536,2048
train,IMG_8601.jpeg,10,Washer,0.095072,0.052174,0.004960286528,146.030592,106.852352,15603.712219152385,1536,2048
train,IMG_8601.jpeg,3,Wheel Support,0.310725,0.208696,0.06484706459999999,477.2736,427.409408,203991.22683002878,1536,2048
train,IMG_8602.jpeg,7,Nut,0.051014,0.055652,0.002839031128,78.35750399999999,113.975296,8930.819712221182,1536,2048
train,IMG_8602.jpeg,7,Nut,0.048696,0.036522,0.0017784753120000001,74.797056,74.797056,5594.599586267135,1536,2048
train,IMG_8602.jpeg,7,Nut,0.057971,0.043478,0.0025204631380000004,89.043456,89.042944,7928.691466174465,1536,2048
train,IMG_8602.jpeg,3,Wheel Support,0.306087,0.243478,0.074525450586,470.149632,498.642944,234436.7966209966,1536,2048
train,IMG_8603.jpeg,10,Washer,0.090435,0.057391,0.005190155085,138.90816,117.536768,16326.81617522688,1536,2048
train,IMG_8603.jpeg,3,Wheel Support,0.329275,0.243478,0.08017121845,505.7664,498.642944,252196.8466722816,1536,2048
train,IMG_8603.jpeg,7,Nut,0.071884,0.041739,0.003000366276,110.413824,85.481472,9438.336204668927,1536,2048
train,IMG_8603.jpeg,7,Nut,0.074203,0.041739,0.0030971590170000003,113.975808,85.481472,9742.819840229376,1536,2048
train,IMG_8603.jpeg,7,Nut,0.06029,0.046957,0.0028310375300000003,92.60544,96.167936,8905.674027171839,1536,2048
train,IMG_8604.jpeg,3,Wheel Support,0.289855,0.24,0.0695652,445.21727999999996,491.52,218833.19746559998,1536,2048
train,IMG_8604.jpeg,7,Nut,0.062609,0.04,0.00250436,96.167424,81.92,7878.03537408,1536,2048
train,IMG_8604.jpeg,7,Nut,0.06029,0.043478,0.0026212886200000004,92.60544,89.042944,8245.861008015361,1536,2048
train,IMG_8604.jpeg,7,Nut,0.055652,0.036522,0.002032522344,85.481472,74.797056,6393.762448146432,1536,2048
train,IMG_8604.jpeg,10,Washer,0.067246,0.057391,0.003859315186,103.289856,117.536768,12140.355841425408,1536,2048
train,IMG_8605.jpeg,10,Washer,0.118261,0.093913,0.011106245293,181.648896,192.333824,34937.226793058304,1536,2048
train,IMG_8606.jpeg,10,Washer,0.129855,0.085217,0.011065853535,199.45728,174.524416,34810.16530894848,1536,2048
train,IMG_8606.jpeg,8,Support,0.986492,0.876522,0.8646819408240001,1515.251712,1795.117056,2720054.1923444,1536,2048
train,IMG_8607.jpeg,10,Washer,0.090435,0.08,0.0072348,138.90816,163.84,22758.712934400002,1536,2048
train,IMG_8608.jpeg,10,Washer,0.111304,0.09913,0.01103356552,170.962944,203.01824,34708.59599609856,1536,2048
train,IMG_8608.jpeg,8,Support,0.992058,0.857391,0.850581600678,1523.801088,1755.936768,2675698.3575376035,1536,2048
train,IMG_8609.jpeg,10,Washer,0.125217,0.106087,0.013283895879,192.33331199999998,217.266176,41787.52321565491,1536,2048
train,IMG_8609.jpeg,8,Support,0.954956,0.907826,0.866933885656,1466.812416,1859.227648,2727138.1982568777,1536,2048
train,IMG_8610.jpeg,8,Support,0.936406,0.87826,0.82240793356,1438.319616,1798.67648,2587071.664021832,1536,2048
train,IMG_8610.jpeg,10,Washer,0.09971,0.090435,0.00901727385,153.15456,185.21088,28365.8908336128,1536,2048
train,IMG_8611.jpeg,10,Washer,0.088116,0.076522,0.006742812552,135.346176,156.717056,21211.05424357786,1536,2048
train,IMG_8612.jpeg,10,Washer,0.092754,0.078261,0.007259020794,142.470144,160.278528,22834.904964268033,1536,2048
train,IMG_8613.jpeg,10,Washer,0.113623,0.083478,0.009485020794,174.524928,170.962944,29837.29549226803,1536,2048
train,IMG_8614.jpeg,10,Washer,0.078841,0.057391,0.004524763830999999,121.09977599999999,117.536768,14233.676276563967,1536,2048
train,IMG_8615.jpeg,10,Washer,0.076522,0.06087,0.00465789414,117.53779200000001,124.66176,14652.468017233921,1536,2048
train,IMG_8616.jpeg,10,Washer,0.074203,0.05913,0.00438762339,113.975808,121.09824,13802.26975137792,1536,2048
train,IMG_8617.jpeg,10,Washer,0.055652,0.04,0.00222608,85.481472,81.92,7002.64218624,1536,2048
train,IMG_8618.jpeg,10,Washer,0.062609,0.055652,0.003484316068,96.167424,113.975296,10960.710615957503,1536,2048
train,IMG_8619.jpeg,10,Washer,0.057971,0.041739,0.002419651569,89.043456,85.481472,7611.565690847232,1536,2048
train,IMG_8620.jpeg,10,Washer,0.057971,0.055652,0.003226202092,89.043456,113.975296,10148.754254462976,1536,2048
train,IMG_8621.jpeg,10,Washer,0.062609,0.052174,0.003266561966,96.167424,106.852352,10275.715440181248,1536,2048
train,IMG_8624.jpeg,10,Washer,0.122899,0.081739,0.010045641361,188.772864,167.401472,31600.85530725581,1536,2048
train,IMG_8625.jpeg,10,Washer,0.127536,0.083478,0.010646450208000001,195.89529600000003,170.962944,33490.83651991143,1536,2048
train,IMG_8626.jpeg,10,Washer,0.127536,0.097391,0.012420858576000001,195.89529600000003,199.456768,39072.642606563335,1536,2048
train,IMG_8629.jpeg,0,Bolt,0.143768,0.314783,0.045255722344,220.827648,644.675584,142362.19293774644,1536,2048
train,IMG_8629.jpeg,1,Frame,0.996696,0.662608,0.660418743168,1530.925056,1357.021184,2077497.7321083862,1536,2048
train,IMG_8630.jpeg,0,Bolt,0.127536,0.257391,0.032826618576,195.89529600000003,527.136768,103263.61319984334,1536,2048
train,IMG_8630.jpeg,1,Frame,0.996696,0.646956,0.644818457376,1530.925056,1324.965888,2028423.4762844897,1536,2048
train,IMG_8631.jpeg,0,Bolt,0.127536,0.173913,0.022180168368000002,195.89529600000003,356.173824,69772.77667993192,1536,2048
train,IMG_8631.jpeg,1,Frame,0.98742,0.641739,0.6336659233799999,1516.6771199999998,1314.281472,1993340.6378223202,1536,2048
train,IMG_8634.jpeg,0,Bolt,0.292174,0.09913,0.028963208619999996,448.779264,203.01824,91110.37632577536,1536,2048
train,IMG_8634.jpeg,1,Frame,0.994376,0.603478,0.600084039728,1527.3615360000001,1235.922944,1887701.166125482,1536,2048
train,IMG_8639.jpeg,0,Bolt,0.076522,0.170435,0.013042027070000002,117.53779200000001,349.05088,41026.669730856964,1536,2048
train,IMG_8639.jpeg,1,Frame,1.0,0.650434,0.650434,1536.0,1332.088832,2046088.4459519999,1536,2048
train,IMG_8653.jpeg,0,Bolt,0.22029,0.17913,0.03946054770000001,338.36544000000004,366.85824,124132.14979522562,1536,2048
train,IMG_8653.jpeg,2,Wheel,0.928522,0.793043,0.736357872446,1426.2097919999999,1624.152064,2316381.5773738106,1536,2048
train,IMG_8658.jpeg,0,Bolt,0.215652,0.198261,0.042755381172,331.24147200000004,406.038528,134496.79970343324,1536,2048
train,IMG_8658.jpeg,6,Flange,0.582029,0.507826,0.295569458954,893.9965440000001,1040.027648,929781.1229764486,1536,2048
train,IMG_8658.jpeg,2,Wheel,0.814898,0.850782,0.693300550236,1251.683328,1742.401536,2180934.953292792,1536,2048
train,IMG_8659.jpeg,0,Bolt,0.169275,0.146087,0.024728876925,260.0064,299.186176,77790.3205515264,1536,2048
train,IMG_8659.jpeg,2,Wheel,0.680406,0.833043,0.5668074554579999,1045.1036159999999,1706.072064,1783022.083242983,1536,2048
train,IMG_8659.jpeg,1,Frame,0.491594,0.714783,0.35138303410199995,755.0883839999999,1463.875584,1105355.4490996161,1536,2048
train,IMG_8661.jpeg,0,Bolt,0.127536,0.081739,0.010424665104000001,195.89529600000003,167.401472,32793.16090827572,1536,2048
train,IMG_8661.jpeg,0,Bolt,0.113623,0.090435,0.010275496005,174.524928,185.21088,32323.915496816637,1536,2048
train,IMG_8661.jpeg,2,Wheel,0.491594,0.406957,0.200057619458,755.0883839999999,833.447936,629326.8551423753,1536,2048
train,IMG_8662.jpeg,2,Wheel,0.336232,0.266087,0.089466964184,516.452352,544.946176,281438.73430860596,1536,2048
train,IMG_8662.jpeg,6,Flange,0.162319,0.132174,0.021454351506000002,249.321984,270.692352,67489.55425426638,1536,2048
train,IMG_8663.jpeg,2,Wheel,0.347826,0.278261,0.096786410586,534.2607360000001,569.878528,304463.7217998766,1536,2048
train,IMG_8663.jpeg,6,Flange,0.164638,0.118261,0.019470254518,252.883968,242.198528,61248.12480439911,1536,2048
train,IMG_8664.jpeg,2,Wheel,0.347826,0.26087,0.09073736862000001,534.2607360000001,534.26176,285435.08111425536,1536,2048
train,IMG_8664.jpeg,6,Flange,0.162319,0.137391,0.022301169729000002,249.321984,281.376768,70153.41404926771,1536,2048
train,IMG_8664.jpeg,7,Nut,0.071884,0.048696,0.0035004632640000003,110.413824,99.729408,11011.505302536194,1536,2048
train,IMG_8665.jpeg,2,Wheel,0.364058,0.281739,0.10256933686200001,559.193088,577.001472,322655.23490822554,1536,2048
train,IMG_8665.jpeg,6,Flange,0.187826,0.147826,0.027765566276000003,288.50073599999996,302.747648,87342.91927026892,1536,2048
train,IMG_8668.jpeg,7,Nut,0.076522,0.06087,0.00465789414,117.53779200000001,124.66176,14652.468017233921,1536,2048
train,IMG_8668.jpeg,2,Wheel,0.44058,0.278261,0.12259623138,676.7308800000001,569.878528,385654.3977465447,1536,2048
train,IMG_8669.jpeg,2,Wheel,0.377971,0.285217,0.107803754707,580.563456,584.124416,339121.28968694166,1536,2048
train,IMG_8672.jpeg,2,Wheel,0.382609,0.26087,0.09981120983,587.687424,534.26176,313978.9174761062,1536,2048
train,IMG_8673.jpeg,2,Wheel,0.396522,0.267826,0.106198901172,609.057792,548.507648,334072.8569859932,1536,2048
train,IMG_8673.jpeg,7,Nut,0.078841,0.076522,0.006033071002,121.09977599999999,156.717056,18978.400376979458,1536,2048
train,IMG_8673.jpeg,6,Flange,0.215652,0.13913,0.03000366276,331.24147200000004,284.93824,94383.36204668929,1536,2048
train,IMG_8674.jpeg,7,Nut,0.078841,0.06087,0.004799051669999999,121.09977599999999,124.66176,15096.511211765759,1536,2048
train,IMG_8674.jpeg,6,Flange,0.194783,0.132174,0.025745248242000005,299.186688,270.692352,80987.54826181018,1536,2048
train,IMG_8674.jpeg,2,Wheel,0.391884,0.297391,0.11654277464400001,601.933824,609.056768,366611.8693953208,1536,2048
train,IMG_8676.jpeg,8,Support,0.681739,0.742609,0.506265517051,1047.151104,1520.863232,1592573.612421808,1536,2048
train,IMG_8677.jpeg,8,Support,0.716522,0.706087,0.505926869414,1100.577792,1446.066176,1591508.3190679634,1536,2048
train,IMG_8678.jpeg,8,Support,0.746667,0.674783,0.503838198261,1146.880512,1381.955584,1584937.927739179,1536,2048
train,IMG_8679.jpeg,8,Support,0.786087,0.73913,0.58102048431,1207.4296319999999,1513.73824,1827732.4060675274,1536,2048
train,IMG_8680.jpeg,8,Support,0.853333,0.758261,0.647049133913,1310.719488,1552.918528,2035440.5779258735,1536,2048
train,IMG_8684.jpeg,8,Support,0.856638,0.873043,0.7478818094340001,1315.795968,1787.992064,2352632.748627198,1536,2048
train,IMG_8957.jpeg,1,Frame,0.431739,0.375652,0.16218361882799998,884.201472,577.0014719999999,510185.5508885667,2048,1536
train,IMG_8957.jpeg,5,Box,0.166957,0.250435,0.041811876295,341.927936,384.66816000000006,131528.78999371777,2048,1536
train,IMG_8957.jpeg,5,Box,0.144783,0.184348,0.026690456484,296.515584,283.15852800000005,83960.91629450036,2048,1536
train,IMG_8957.jpeg,5,Box,0.165652,0.267826,0.044365912552,339.255296,411.380736,139563.09336037785,2048,1536
train,IMG_8957.jpeg,3,Wheel Support,0.109565,0.149565,0.016387089225,224.38912,229.73184,51549.3254135808,2048,1536
train,IMG_8957.jpeg,3,Wheel Support,0.09,0.121739,0.01095651,184.32,186.991104,34466.20028928,2048,1536
train,IMG_8957.jpeg,3,Wheel Support,0.088696,0.109565,0.00971797724,181.649408,168.29183999999998,30570.113107230714,2048,1536
train,IMG_8957.jpeg,3,Wheel Support,0.070435,0.090435,0.006369789225,144.25088,138.90816,20037.6243191808,2048,1536
train,IMG_8958.jpeg,3,Wheel Support,0.12,0.151304,0.01815648,245.76,232.402944,57115.347517439994,2048,1536
train,IMG_8958.jpeg,3,Wheel Support,0.105652,0.13913,0.01469936276,216.375296,213.70368000000002,46240.19701628928,2048,1536
train,IMG_8958.jpeg,3,Wheel Support,0.096522,0.113043,0.010911136446000001,197.677056,173.634048,34323.46743000269,2048,1536
train,IMG_8958.jpeg,3,Wheel Support,0.063913,0.092174,0.005891116862,130.893824,141.57926400000002,18531.85126406554,2048,1536
train,IMG_8958.jpeg,2,Wheel,0.116087,0.123478,0.014334190586,237.746176,189.66220800000002,45091.464683716615,2048,1536
train,IMG_8958.jpeg,1,Frame,0.44887,0.511304,0.22950902648,919.28576,785.362944,721972.9708508773,2048,1536
train,IMG_8958.jpeg,5,Box,0.21,0.32,0.0672,430.08,491.52,211392.92159999997,2048,1536
train,IMG_8958.jpeg,5,Box,0.17087,0.196522,0.03357971414,349.94176,301.857792,105632.64700219392,2048,1536
train,IMG_8958.jpeg,5,Box,0.187826,0.293913,0.055204503137999995,384.667648,451.45036799999997,173658.35124729446,2048,1536
train,IMG_8959.jpeg,5,Box,0.164348,0.313043,0.051447990964000004,336.584704,480.83404800000005,161841.3857192018,2048,1536
train,IMG_8959.jpeg,5,Box,0.172174,0.243478,0.041920581171999996,352.612352,373.982208,131870.74596903322,2048,1536
train,IMG_8959.jpeg,5,Box,0.226957,0.34087,0.07736283259,464.807936,523.57632,243362.4286376755,2048,1536
train,IMG_8959.jpeg,3,Wheel Support,0.113478,0.147826,0.016774998828,232.402944,227.06073600000002,52769.58351320679,2048,1536
train,IMG_8959.jpeg,3,Wheel Support,0.122609,0.168696,0.020683647864,251.103232,259.11705600000005,65065.130227925,2048,1536
train,IMG_8960.jpeg,3,Wheel Support,0.125217,0.144348,0.018074823516,256.444416,221.718528,56858.478429339644,2048,1536
train,IMG_8960.jpeg,3,Wheel Support,0.133043,0.156522,0.020824156445999997,272.472064,240.417792,65507.13200856268,2048,1536
train,IMG_8960.jpeg,5,Box,0.172174,0.354783,0.061084408242,352.612352,544.946688,192154.93337029018,2048,1536
train,IMG_8960.jpeg,5,Box,0.183913,0.255652,0.047017726275999996,376.653824,392.681472,147904.97804274893,2048,1536
train,IMG_8960.jpeg,5,Box,0.204783,0.326957,0.066955235331,419.395584,502.205952,210622.95852731596,2048,1536
train,IMG_8961.jpeg,2,Wheel,0.114783,0.13913,0.01596975879,235.075584,213.70368000000002,50236.517378949124,2048,1536
train,IMG_8961.jpeg,5,Box,0.194348,0.325217,0.063205273516,398.024704,499.53331199999997,198826.59864693962,2048,1536
train,IMG_8961.jpeg,2,Wheel,0.041739,0.104348,0.0043553811719999995,85.481472,160.278528,13700.844503433214,2048,1536
train,IMG_8961.jpeg,2,Wheel,0.087391,0.083478,0.007295225898,178.976768,128.222208,22948.796373663743,2048,1536
train,IMG_8961.jpeg,3,Wheel Support,0.06,0.085217,0.00511302,122.88,130.893312,16084.17017856,2048,1536
train,IMG_8961.jpeg,3,Wheel Support,0.091304,0.125217,0.011432812967999998,186.990592,192.33331199999998,35964.5198722007,2048,1536
train,IMG_8961.jpeg,3,Wheel Support,0.122609,0.184348,0.022602723932,251.103232,283.15852800000005,71102.0215491625,2048,1536
train,IMG_8961.jpeg,5,Box,0.173478,0.227826,0.039522798828,355.282944,349.940736,124327.97491160678,2048,1536
train,IMG_8961.jpeg,5,Box,0.186522,0.316522,0.059038316484,381.997056,486.17779200000007,185718.48523658037,2048,1536
train,IMG_8962.jpeg,5,Box,0.303913,0.304348,0.092495313724,622.413824,467.478528,290965.09825037105,2048,1536
train,IMG_8962.jpeg,5,Box,0.131739,0.193043,0.025431291776999997,269.801472,296.514048,79999.92661907866,2048,1536
train,IMG_8962.jpeg,5,Box,0.122609,0.154783,0.018977788847,251.103232,237.746688,59698.96175409562,2048,1536
train,IMG_8962.jpeg,5,Box,0.104348,0.125217,0.013066143515999998,213.704704,192.33331199999998,41102.53351029964,2048,1536
train,IMG_8962.jpeg,5,Box,0.112174,0.154783,0.017362628242,229.732352,237.746688,54618.10581445017,2048,1536
train,IMG_8962.jpeg,4,Wrench,0.302609,0.130435,0.039470804915,619.743232,200.34816,124164.41620365313,2048,1536
train,IMG_8962.jpeg,1,Frame,0.453913,0.427826,0.194195783138,929.613824,657.140736,610887.1124991344,2048,1536
train,IMG_8962.jpeg,3,Wheel Support,0.061304,0.093913,0.005757242552,125.550592,144.25036799999998,18110.719098617854,2048,1536
train,IMG_8962.jpeg,3,Wheel Support,0.065217,0.090435,0.005897899395,133.564416,138.90816,18553.18726803456,2048,1536
train,IMG_8964.jpeg,5,Box,0.136957,0.173913,0.023818602741000002,280.487936,267.13036800000003,74926.84556324045,2048,1536
train,IMG_8964.jpeg,5,Box,0.155217,0.208696,0.032393167032,317.884416,320.557056,101900.09254123928,2048,1536
train,IMG_8964.jpeg,5,Box,0.123913,0.132174,0.016378076862,253.773824,203.01926400000002,51520.97497094554,2048,1536
train,IMG_8964.jpeg,3,Wheel Support,0.070435,0.109565,0.0077172107749999995,144.25088,168.29183999999998,24276.246016819197,2048,1536
train,IMG_8964.jpeg,3,Wheel Support,0.062609,0.107826,0.006750878034,128.223232,165.62073600000002,21236.426056138753,2048,1536
train,IMG_8964.jpeg,1,Frame,0.443478,0.377391,0.16736460589799998,908.242944,579.6725759999999,526483.5269823037,2048,1536
train,IMG_8964.jpeg,4,Wrench,0.313043,0.156522,0.048998116446,641.112064,240.417792,154134.7468514427,2048,1536
train,IMG_8965.jpeg,4,Wrench,0.33,0.14087,0.0464871,675.84,216.37632,146235.7721088,2048,1536
train,IMG_8965.jpeg,5,Box,0.126522,0.18087,0.02288403414,259.117056,277.81632,71986.94694715392,2048,1536
train,IMG_8965.jpeg,5,Box,0.105652,0.135652,0.014331905103999999,216.375296,208.361472,45084.27517899571,2048,1536
train,IMG_8965.jpeg,5,Box,0.138261,0.135652,0.018755381172,283.158528,208.361472,58999.32770343321,2048,1536
train,IMG_8965.jpeg,5,Box,0.105652,0.107826,0.011392032552,216.375296,165.62073600000002,35836.235775737856,2048,1536
train,IMG_8965.jpeg,5,Box,0.32087,0.255652,0.08203105724,657.14176,392.681472,258047.3936294707,2048,1536
train,IMG_8965.jpeg,1,Frame,0.417391,0.349565,0.14590528491500002,854.816768,536.93184,458978.3401050931,2048,1536
train,IMG_8966.jpeg,1,Frame,0.451304,0.506087,0.22839908744799997,924.270592,777.3496319999999,718481.404559622,2048,1536
train,IMG_8966.jpeg,3,Wheel Support,0.063913,0.14087,0.009003424309999999,130.893824,216.37632,28322.32394784768,2048,1536
train,IMG_8966.jpeg,3,Wheel Support,0.083478,0.116522,0.009727023516,170.962944,178.977792,30598.570230939647,2048,1536
train,IMG_8966.jpeg,5,Box,0.130435,0.14087,0.01837437845,267.13088,216.37632,57800.7967727616,2048,1536
train,IMG_8966.jpeg,5,Box,0.153913,0.245217,0.037742084121,315.213824,376.65331199999997,118726.33079778508,2048,1536
train,IMG_8966.jpeg,5,Box,0.151304,0.206957,0.031313421928,309.870592,317.885952,98503.50813472357,2048,1536
train,IMG_8966.jpeg,5,Box,0.126522,0.170435,0.021563777069999998,259.117056,261.78816,67833.77731485695,2048,1536
train,IMG_8966.jpeg,4,Wrench,0.337826,0.097391,0.032901211966,691.867648,149.592576,103498.26371538125,2048,1536
train,IMG_8967.jpeg,4,Wrench,0.313043,0.121739,0.038109541777,641.112064,186.991104,119882.25263507866,2048,1536
train,IMG_8967.jpeg,5,Box,0.130435,0.132174,0.017240115690000002,267.13088,203.01926400000002,54232.714649272326,2048,1536
train,IMG_8967.jpeg,5,Box,0.133043,0.215652,0.028690989036,272.472064,331.24147200000004,90254.04755823822,2048,1536
train,IMG_8967.jpeg,5,Box,0.152609,0.13913,0.02123249017,312.543232,213.70368000000002,66791.63883749377,2048,1536
train,IMG_8967.jpeg,5,Box,0.14087,0.227826,0.03209384862,288.50176,349.940736,100958.51823169536,2048,1536
train,IMG_8967.jpeg,1,Frame,0.401739,0.45913,0.18445042707,822.761472,705.22368,580230.873046057,2048,1536
train,IMG_8967.jpeg,3,Wheel Support,0.073043,0.132174,0.009654385482,149.592064,203.01926400000002,30370.070733520897,2048,1536
train,IMG_8967.jpeg,3,Wheel Support,0.08087,0.107826,0.00871988862,165.62176,165.62073600000002,27430.397788815364,2048,1536
train,IMG_8968.jpeg,3,Wheel Support,0.096522,0.125217,0.012086195273999999,197.677056,192.33331199999998,38019.88288688946,2048,1536
train,IMG_8968.jpeg,3,Wheel Support,0.056087,0.104348,0.005852566276,114.866176,160.278528,18410.581606268926,2048,1536
train,IMG_8968.jpeg,3,Wheel Support,0.06,0.106087,0.0063652199999999996,122.88,162.949632,20023.25078016,2048,1536
train,IMG_8968.jpeg,1,Frame,0.36,0.373913,0.13460867999999998,737.28,574.330368,423442.29371904,2048,1536
train,IMG_8968.jpeg,5,Box,0.109565,0.128696,0.01410057724,224.38912,197.677056,44356.58064003072,2048,1536
train,IMG_8968.jpeg,5,Box,0.135652,0.166957,0.022648050963999997,277.815296,256.445952,71244.60806288179,2048,1536
train,IMG_8968.jpeg,5,Box,0.12,0.161739,0.019408679999999998,245.76,248.431104,61054.42811904,2048,1536
train,IMG_8968.jpeg,5,Box,0.100435,0.114783,0.011528230604999998,205.69088,176.306688,36264.67780460544,2048,1536
train,IMG_8980.jpeg,1,Frame,0.56087,0.673043,0.37748962741,1148.66176,1033.794048,1187479.6906532045,2048,1536
train,IMG_8980.jpeg,3,Wheel Support,0.112174,0.186087,0.020874123137999998,229.732352,285.829632,65664.31363065446,2048,1536
train,IMG_8980.jpeg,3,Wheel Support,0.112174,0.187826,0.021069193724,229.732352,288.50073599999996,66277.95263501105,2048,1536
train,IMG_8980.jpeg,5,Box,0.208696,0.285217,0.059523647032,427.409408,438.09331199999997,187245.20313067926,2048,1536
train,IMG_8980.jpeg,5,Box,0.19713,0.271304,0.05348215752,403.72224,416.722944,168240.32041107456,2048,1536
train,IMG_8980.jpeg,7,Nut,0.023478,0.038261,0.0008982917580000001,48.082944,58.768896000000005,2825.781535309824,2048,1536
train,IMG_8980.jpeg,7,Nut,0.022174,0.031304,0.0006941348959999999,45.412352,48.082944,2183.559578124288,2048,1536
train,IMG_8980.jpeg,7,Nut,0.018261,0.027826,0.000508130586,37.398528,42.740736,1598.440612036608,2048,1536
train,IMG_8980.jpeg,10,Washer,0.026087,0.043478,0.0011342105860000001,53.426176,66.782208,3567.9179982766077,2048,1536
train,IMG_8980.jpeg,10,Washer,0.027391,0.034783,0.000952741153,56.096768,53.426688,2997.064521744384,2048,1536
train,IMG_8980.jpeg,10,Washer,0.028696,0.034783,0.000998132968,58.769408,53.426688,3139.854825160704,2048,1536
train,IMG_8980.jpeg,10,Washer,0.033913,0.038261,0.0012975452930000001,69.453824,58.768896000000005,4081.724559458304,2048,1536
train,IMG_8980.jpeg,10,Washer,0.02087,0.041739,0.0008710929299999999,42.74176,64.111104,2740.22142050304,2048,1536
train,IMG_8980.jpeg,10,Washer,0.024783,0.043478,0.001077515274,50.755584,66.782208,3389.5699678494716,2048,1536
train,IMG_8980.jpeg,10,Washer,0.026087,0.050435,0.0013156978449999999,53.426176,77.46816,4138.82755055616,2048,1536
train,IMG_8980.jpeg,7,Nut,0.02087,0.033043,0.0006896074100000001,42.74176,50.754048000000004,2169.31733864448,2048,1536
train,IMG_8980.jpeg,7,Nut,0.018261,0.022609,0.000412862949,37.398528,34.727424,1298.754538831872,2048,1536
train,IMG_8980.jpeg,7,Nut,0.026087,0.026087,0.000680531569,53.426176,40.069632,2140.7672114872316,2048,1536
train,IMG_8980.jpeg,7,Nut,0.027391,0.026087,0.0007145490169999999,56.096768,40.069632,2247.7768501493756,2048,1536
train,IMG_8981.jpeg,7,Nut,0.023478,0.043478,0.001020776484,48.082944,66.782208,3211.085167460352,2048,1536
train,IMG_8981.jpeg,7,Nut,0.022174,0.033043,0.000732695482,45.412352,50.754048000000004,2304.860693200896,2048,1536
train,IMG_8981.jpeg,7,Nut,0.023478,0.024348,0.0005716423440000001,48.082944,37.398528,1798.2313275064319,2048,1536
train,IMG_8981.jpeg,7,Nut,0.02087,0.036522,0.00076221414,42.74176,56.097792,2397.71836219392,2048,1536
train,IMG_8981.jpeg,7,Nut,0.023478,0.043478,0.001020776484,48.082944,66.782208,3211.085167460352,2048,1536
train,IMG_8981.jpeg,7,Nut,0.018261,0.027826,0.000508130586,37.398528,42.740736,1598.440612036608,2048,1536
train,IMG_8981.jpeg,10,Washer,0.036522,0.031304,0.001143284688,74.797056,48.082944,3596.4626550128637,2048,1536
train,IMG_8981.jpeg,10,Washer,0.027391,0.050435,0.001381465085,56.096768,77.46816,4345.71339890688,2048,1536
train,IMG_8981.jpeg,10,Washer,0.024783,0.034783,0.000862027089,50.755584,53.426688,2711.702750625792,2048,1536
train,IMG_8981.jpeg,10,Washer,0.03,0.029565,0.00088695,61.44,45.41184,2790.1034495999997,2048,1536
train,IMG_8981.jpeg,10,Washer,0.035217,0.04,0.00140868,72.124416,61.44,4431.3241190399995,2048,1536
train,IMG_8981.jpeg,3,Wheel Support,0.108261,0.187826,0.020334230585999997,221.718528,288.50073599999996,63965.958512836594,2048,1536
train,IMG_8981.jpeg,3,Wheel Support,0.104348,0.198261,0.020688138828,213.704704,304.528896,65079.25757912677,2048,1536
train,IMG_8981.jpeg,4,Wrench,0.534783,0.166957,0.089285765331,1095.235584,256.445952,280868.7320031559,2048,1536
train,IMG_8981.jpeg,1,Frame,0.542609,0.662608,0.359537064272,1111.263232,1017.7658879999999,1131005.8101182298,2048,1536
train,IMG_8982.jpeg,1,Frame,0.580435,0.753043,0.437092513705,1188.73088,1156.674048,1374974.1589522024,2048,1536
train,IMG_8983.jpeg,1,Frame,0.603913,0.89913,0.5429962956900001,1236.813824,1381.06368,1708118.6512483123,2048,1536
train,IMG_8984.jpeg,1,Frame,0.597391,0.94087,0.56206727017,1223.456768,1445.17632,1768110.7496573338,2048,1536
train,IMG_8986.jpeg,1,Frame,0.510696,0.756522,0.386352759312,1045.905408,1162.017792,1215360.6928450193,2048,1536
train,IMG_8987.jpeg,1,Frame,0.422,0.657391,0.27741900199999997,864.256,1009.7525759999999,872684.7223234558,2048,1536
train,IMG_8988.jpeg,1,Frame,0.443478,0.556522,0.24680526351599996,908.242944,854.8177919999999,776382.2279896595,2048,1536
train,IMG_8989.jpeg,1,Frame,0.427826,0.528696,0.22618989489600003,876.187648,812.0770560000001,711531.8856914043,2048,1536
train,IMG_8990.jpeg,2,Wheel,0.108261,0.116522,0.012614788242,221.718528,178.977792,39682.69258693017,2048,1536
train,IMG_8990.jpeg,5,Box,0.139565,0.151304,0.021116742759999998,285.82912,232.402944,66427.52896892927,2048,1536
train,IMG_8990.jpeg,5,Box,0.116087,0.165217,0.019179545879,237.746176,253.773312,60333.63449885491,2048,1536
train,IMG_8990.jpeg,5,Box,0.123913,0.151304,0.018748532552,253.773824,232.402944,58977.783807737855,2048,1536
train,IMG_8992.jpeg,5,Box,0.234174,0.246957,0.057830908518,479.588352,379.32595200000003,181920.3081905111,2048,1536
train,IMG_8992.jpeg,5,Box,0.113478,0.153043,0.017367013554,232.402944,235.074048,54631.90081319731,2048,1536
train,IMG_8992.jpeg,5,Box,0.108261,0.18087,0.01958116707,221.718528,277.81632,61597.02552477696,2048,1536
train,IMG_8992.jpeg,5,Box,0.105652,0.158261,0.016720591172,216.375296,243.08889600000003,52598.43182631322,2048,1536
train,IMG_8993.jpeg,5,Box,0.310435,0.253913,0.078823482155,635.77088,390.01036799999997,247957.23487248382,2048,1536
train,IMG_8993.jpeg,5,Box,0.11087,0.147826,0.01638946862,227.06176,227.06073600000002,51556.81034305536,2048,1536
train,IMG_8993.jpeg,5,Box,0.092609,0.168696,0.015622767864000001,189.663232,259.11705600000005,49144.978307285,2048,1536
train,IMG_8993.jpeg,5,Box,0.106957,0.175652,0.018787210964,219.047936,269.801472,59099.45557136179,2048,1536
train,IMG_8993.jpeg,1,Frame,0.465043,0.41913,0.19491347259,952.408064,643.78368,613144.7683035955,2048,1536
train,IMG_8993.jpeg,3,Wheel Support,0.14087,0.146087,0.02057927569,288.50176,224.389632,64736.80375775232,2048,1536
train,IMG_8993.jpeg,3,Wheel Support,0.075652,0.107826,0.008157252552,154.935296,165.62073600000002,25660.497755897857,2048,1536
train,IMG_8993.jpeg,2,Wheel,0.092609,0.093913,0.008697189017,189.663232,144.25036799999998,27358.99101206937,2048,1536
train,IMG_8993.jpeg,2,Wheel,0.067826,0.130435,0.008846884309999999,138.907648,200.34816,27829.89168672768,2048,1536
train,IMG_8993.jpeg,2,Wheel,0.061304,0.055652,0.003411690208,125.550592,85.481472,10732.249414631424,2048,1536
train,IMG_8994.jpeg,2,Wheel,0.076957,0.12,0.00923484,157.607936,184.32,29050.29476352,2048,1536
train,IMG_8994.jpeg,2,Wheel,0.096522,0.116522,0.011246936483999999,197.677056,178.977792,35379.80301194035,2048,1536
train,IMG_8994.jpeg,2,Wheel,0.06,0.055652,0.0033391199999999997,122.88,85.481472,10503.96327936,2048,1536
train,IMG_8994.jpeg,5,Box,0.127826,0.151304,0.019340585104,261.787648,232.402944,60840.22009803571,2048,1536
train,IMG_8994.jpeg,5,Box,0.121304,0.173913,0.021096342552000002,248.430592,267.13036800000003,66363.35546341786,2048,1536
train,IMG_8994.jpeg,5,Box,0.117391,0.170435,0.020007535085,240.416768,261.78816,62938.26332786688,2048,1536
train,IMG_8994.jpeg,3,Wheel Support,0.148696,0.163478,0.024308524688000002,304.529408,251.10220800000002,76468.00674973287,2048,1536
train,IMG_8994.jpeg,1,Frame,0.548522,0.474783,0.260428920726,1123.373056,729.266688,819238.5479375585,2048,1536
train,IMG_8995.jpeg,3,Wheel Support,0.165652,0.18087,0.02996147724,339.255296,277.81632,94250.65787523073,2048,1536
train,IMG_8995.jpeg,3,Wheel Support,0.096522,0.111304,0.010743284688,197.677056,170.962944,33795.45145501286,2048,1536
train,IMG_8995.jpeg,2,Wheel,0.109565,0.111304,0.01219502276,224.38912,170.962944,38362.22455676927,2048,1536
train,IMG_8995.jpeg,2,Wheel,0.083478,0.109565,0.009146267069999998,170.962944,168.29183999999998,28771.668417576955,2048,1536
train,IMG_8995.jpeg,2,Wheel,0.054174,0.151304,0.008196742896,110.948352,232.402944,25784.723636748287,2048,1536
train,IMG_8995.jpeg,2,Wheel,0.063913,0.05913,0.00377917569,130.893824,90.82368,11888.258784952319,2048,1536
train,IMG_8995.jpeg,5,Box,0.112174,0.177391,0.019898658033999997,229.732352,272.472576,62595.76573997875,2048,1536
train,IMG_8995.jpeg,6,Flange,0.027391,0.036522,0.0010003741019999999,56.096768,56.097792,3146.904823136256,2048,1536
train,IMG_8995.jpeg,6,Flange,0.043043,0.041739,0.0017965717769999998,88.152064,64.111104,5651.526142918656,2048,1536
train,IMG_8995.jpeg,6,Flange,0.022174,0.033043,0.000732695482,45.412352,50.754048000000004,2304.860693200896,2048,1536
train,IMG_8995.jpeg,5,Box,0.126522,0.2,0.0253044,259.117056,307.20000000000005,79600.75960320001,2048,1536
train,IMG_8995.jpeg,0,Bolt,0.049565,0.071304,0.0035341827600000003,101.50912,109.52294400000001,11117.57766524928,2048,1536
train,IMG_8995.jpeg,0,Bolt,0.056087,0.034783,0.001950874121,114.866176,53.426688,6136.919346905088,2048,1536
train,IMG_8995.jpeg,5,Box,0.127826,0.193043,0.024675914517999997,261.787648,296.514048,77623.7152248791,2048,1536
train,IMG_8995.jpeg,4,Wrench,0.413652,0.137391,0.05683206193200001,847.159296,211.032576,178778.2085172265,2048,1536
train,IMG_8995.jpeg,1,Frame,0.59287,0.525217,0.31138540279000004,1214.19776,806.7333120000001,979533.7803477813,2048,1536
train,IMG_8996.jpeg,2,Wheel,0.11026,0.137391,0.015148731660000001,225.81248,211.032576,47653.78934734848,2048,1536
train,IMG_8996.jpeg,2,Wheel,0.082174,0.133913,0.011004166862,168.292352,205.690368,34616.115814465535,2048,1536
train,IMG_8996.jpeg,2,Wheel,0.112174,0.130435,0.014631415689999998,229.732352,200.34816,46026.45401567232,2048,1536
train,IMG_8996.jpeg,3,Wheel Support,0.160435,0.182609,0.029296874914999996,328.57088,280.487424,92159.99973261311,2048,1536
train,IMG_8996.jpeg,3,Wheel Support,0.103043,0.106087,0.010931522741,211.032064,162.949632,34387.59716900045,2048,1536
train,IMG_8996.jpeg,1,Frame,0.664608,0.52,0.34559616,1361.117184,798.72,1087151.51720448,2048,1536
train,IMG_8997.jpeg,3,Wheel Support,0.199565,0.253913,0.050672147845,408.70912,390.01036799999997,159400.79429615615,2048,1536
train,IMG_8997.jpeg,1,Frame,0.698522,0.535652,0.374164706344,1430.573056,822.761472,1177020.3933580983,2048,1536
train,IMG_8997.jpeg,2,Wheel,0.09,0.114783,0.01033047,184.32,176.306688,32496.84873216,2048,1536
train,IMG_8997.jpeg,2,Wheel,0.151304,0.154783,0.023419287032,309.870592,237.746688,73670.7069565993,2048,1536
train,IMG_8997.jpeg,2,Wheel,0.105652,0.118261,0.012494511172,216.375296,181.648896,39304.333640073215,2048,1536
train,IMG_8997.jpeg,3,Wheel Support,0.092609,0.104348,0.009663563932,189.663232,160.278528,30398.943640682493,2048,1536
train,IMG_8998.jpeg,1,Frame,0.723913,0.533913,0.386506561569,1482.573824,820.0903679999999,1215844.5129113272,2048,1536
train,IMG_8998.jpeg,2,Wheel,0.104348,0.132174,0.013792092552,213.704704,203.01926400000002,43386.17171941786,2048,1536
train,IMG_8998.jpeg,2,Wheel,0.104348,0.125217,0.013066143515999998,213.704704,192.33331199999998,41102.53351029964,2048,1536
train,IMG_8998.jpeg,2,Wheel,0.14087,0.151304,0.02131419448,288.50176,232.402944,67048.65837318143,2048,1536
train,IMG_8998.jpeg,3,Wheel Support,0.15,0.210435,0.03156525,307.2,323.22816,99295.690752,2048,1536
train,IMG_8998.jpeg,3,Wheel Support,0.138261,0.121739,0.016831755878999998,283.158528,186.991104,52948.12575773491,2048,1536
train,IMG_8998.jpeg,2,Wheel,0.079565,0.073043,0.005811666294999999,162.94912,112.194048,18281.921390837757,2048,1536
train,IMG_8998.jpeg,5,Box,0.344348,0.333913,0.114982273724,705.224704,512.8903680000001,361702.9579572511,2048,1536
train,IMG_8998.jpeg,5,Box,0.131739,0.191304,0.025202197656,269.801472,293.842944,79279.25882801357,2048,1536
train,IMG_8998.jpeg,5,Box,0.143478,0.186087,0.026699390586,293.842944,285.829632,83989.0205493166,2048,1536
train,IMG_8998.jpeg,5,Box,0.151304,0.205217,0.031050152968,309.870592,315.21331200000003,97675.33559572071,2048,1536
train,IMG_8999.jpeg,5,Box,0.379565,0.325217,0.12344099060499998,777.34912,499.53331199999997,388311.7804938854,2048,1536
train,IMG_8999.jpeg,5,Box,0.116087,0.18087,0.02099665569,237.746176,277.81632,66049.76771039232,2048,1536
train,IMG_8999.jpeg,5,Box,0.135652,0.17913,0.024299342760000002,277.815296,275.14368,76439.12290172928,2048,1536
train,IMG_8999.jpeg,5,Box,0.147391,0.208696,0.030759912135999996,301.856768,320.557056,96762.316883755,2048,1536
train,IMG_8999.jpeg,3,Wheel Support,0.172174,0.187826,0.032338753724,352.612352,288.50073599999996,101728.92307469106,2048,1536
train,IMG_8999.jpeg,3,Wheel Support,0.123913,0.114783,0.014223105879,253.773824,176.306688,44742.02241053491,2048,1536
train,IMG_8999.jpeg,3,Wheel Support,0.06913,0.078261,0.005410182929999999,141.57824,120.208896,17018.96392802304,2048,1536
train,IMG_8999.jpeg,3,Wheel Support,0.131739,0.074783,0.009851837637,269.801472,114.86668800000001,30991.201506164736,2048,1536
train,IMG_8999.jpeg,2,Wheel,0.147391,0.14087,0.02076297017,301.856768,216.37632,65314.656626933756,2048,1536
train,IMG_8999.jpeg,2,Wheel,0.091304,0.116522,0.010638924688,186.990592,178.977792,33467.16328093286,2048,1536
train,IMG_8999.jpeg,2,Wheel,0.11087,0.130435,0.01446132845,227.06176,200.34816,45491.4058223616,2048,1536
train,IMG_8999.jpeg,2,Wheel,0.076957,0.064348,0.004952029036,157.607936,98.838528,15577.736395358206,2048,1536
train,IMG_8999.jpeg,1,Frame,0.696522,0.533913,0.371882150586,1426.477056,820.0903679999999,1169840.0937985964,2048,1536
train,IMG_9001.jpeg,1,Frame,0.691304,0.530435,0.36669183724,1415.790592,814.74816,1153512.7797773108,2048,1536
train,IMG_9002.jpeg,5,Box,0.227652,0.401739,0.091456686828,466.231296,617.071104,287697.86054207076,2048,1536
train,IMG_9002.jpeg,5,Box,0.127826,0.186087,0.023786756862,261.787648,285.829632,74826.66708998554,2048,1536
train,IMG_9002.jpeg,5,Box,0.133043,0.186087,0.024757572741,272.472064,285.829632,77880.58978340044,2048,1536
train,IMG_9002.jpeg,5,Box,0.138261,0.222609,0.030778142948999998,283.158528,341.927424,96819.66606267187,2048,1536
train,IMG_9002.jpeg,5,Box,0.125217,0.165217,0.020687977088999998,256.444416,253.773312,65078.74879222579,2048,1536
train,IMG_9002.jpeg,1,Frame,0.486522,0.624348,0.303759037656,996.397056,958.9985280000001,955543.3100075336,2048,1536
train,IMG_9002.jpeg,4,Wrench,0.138261,0.485217,0.067086587637,283.158528,745.293312,211036.15715416474,2048,1536
train,IMG_9002.jpeg,5,Box,0.3,0.431304,0.1293912,614.4,662.4829440000001,407029.52079360007,2048,1536
train,IMG_9002.jpeg,3,Wheel Support,0.112174,0.2,0.0224348,229.732352,307.20000000000005,70573.77853440001,2048,1536
train,IMG_9002.jpeg,3,Wheel Support,0.14087,0.142609,0.020089329830000002,288.50176,219.04742400000003,63195.56734746625,2048,1536
train,IMG_9002.jpeg,3,Wheel Support,0.126522,0.170435,0.021563777069999998,259.117056,261.78816,67833.77731485695,2048,1536
train,IMG_9003.jpeg,1,Frame,0.525652,0.6,0.3153912,1076.535296,921.5999999999999,992134.9287936,2048,1536
train,IMG_9003.jpeg,4,Wrench,0.139565,0.506086,0.07063189259000001,285.82912,777.348096,222188.72221335553,2048,1536
train,IMG_9003.jpeg,3,Wheel Support,0.136957,0.175652,0.024056770964,280.487936,269.801472,75676.05801104178,2048,1536
train,IMG_9003.jpeg,3,Wheel Support,0.118696,0.125217,0.014862757031999999,243.089408,192.33331199999998,46754.19095275929,2048,1536
train,IMG_9003.jpeg,5,Box,0.126522,0.166957,0.021123733553999997,259.117056,256.445952,66449.52010535731,2048,1536
train,IMG_9003.jpeg,5,Box,0.136957,0.151304,0.020722141928,280.487936,232.402944,65186.22208288358,2048,1536
train,IMG_9003.jpeg,5,Box,0.285652,0.427826,0.12220935255200001,585.015296,657.140736,384437.38218469784,2048,1536
train,IMG_9003.jpeg,5,Box,0.270696,0.361739,0.097921300344,554.385408,555.6311039999999,308033.7762885304,2048,1536
train,IMG_9003.jpeg,5,Box,0.147391,0.186087,0.027427549016999998,301.856768,285.829632,86279.60891414937,2048,1536
train,IMG_9003.jpeg,5,Box,0.139565,0.156522,0.021844992929999998,285.82912,240.417792,68718.40591970303,2048,1536
train,IMG_9004.jpeg,3,Wheel Support,0.134348,0.144348,0.019392865104,275.144704,221.718528,61004.67875787571,2048,1536
train,IMG_9004.jpeg,3,Wheel Support,0.109565,0.217391,0.023818444915,224.38912,333.912576,74926.34908557312,2048,1536
train,IMG_9004.jpeg,1,Frame,0.487826,0.641739,0.31305696941399996,999.067648,985.711104,984792.0742807633,2048,1536
train,IMG_9004.jpeg,4,Wrench,0.123913,0.513043,0.063572697259,253.773824,788.034048,199982.41380315955,2048,1536
train,IMG_9004.jpeg,3,Wheel Support,0.113478,0.14087,0.015985645859999998,232.402944,216.37632,50286.49377988608,2048,1536
train,IMG_9005.jpeg,3,Wheel Support,0.136957,0.14087,0.019293132589999998,280.487936,216.37632,60690.94739607551,2048,1536
train,IMG_9005.jpeg,3,Wheel Support,0.101739,0.113043,0.011500881777,208.361472,173.634048,36178.64583059865,2048,1536
train,IMG_9005.jpeg,3,Wheel Support,0.12913,0.163478,0.02110991414,264.45824,251.10220800000002,66406.04798779392,2048,1536
train,IMG_9005.jpeg,3,Wheel Support,0.11087,0.212174,0.02352373138,227.06176,325.899264,73999.26046654464,2048,1536
train,IMG_9005.jpeg,4,Wrench,0.142174,0.516522,0.073435998828,291.172352,793.377792,231009.67772120677,2048,1536
train,IMG_9005.jpeg,1,Frame,0.474783,0.667826,0.31707243175800004,972.355584,1025.7807360000002,997423.62660923,2048,1536
train,IMG_9005.jpeg,5,Box,0.281913,0.473043,0.133356971259,577.357824,726.5940479999999,419504.75848463154,2048,1536
train,IMG_9005.jpeg,5,Box,0.139565,0.189565,0.026456639225000002,285.82912,291.17184000000003,83225.39079598081,2048,1536
train,IMG_9005.jpeg,5,Box,0.14087,0.165217,0.02327411879,288.50176,253.773312,73214.04715302913,2048,1536
train,IMG_9005.jpeg,5,Box,0.138261,0.173913,0.024045385293,283.158528,267.13036800000003,75640.24178697831,2048,1536
train,IMG_9005.jpeg,5,Box,0.134348,0.175652,0.023598494896,275.144704,269.801472,74234.44615220428,2048,1536
train,IMG_9005.jpeg,5,Box,0.271304,0.318261,0.086345482344,555.630592,488.848896,271619.40148302645,2048,1536
train,IMG_9008.jpeg,5,Box,0.204783,0.33913,0.06944805878999999,419.395584,520.90368,218464.70308134911,2048,1536
train,IMG_9008.jpeg,5,Box,0.21913,0.33913,0.0743135569,448.77824,520.90368,233770.23671992318,2048,1536
train,IMG_9008.jpeg,5,Box,0.249826,0.307826,0.07690293827599999,511.643648,472.820736,241915.7262170849,2048,1536
train,IMG_9008.jpeg,5,Box,0.335913,0.561739,0.188695432707,687.949824,862.831104,593584.5061385257,2048,1536
train,IMG_9009.jpeg,5,Box,0.20087,0.37913,0.0761558431,411.38176,582.3436800000001,239565.56800327683,2048,1536
train,IMG_9009.jpeg,5,Box,0.256957,0.37913,0.09742010741,526.247936,582.3436800000001,306457.1596426445,2048,1536
train,IMG_9009.jpeg,5,Box,0.287652,0.608696,0.17509262179200002,589.111296,934.957056,550793.7629645045,2048,1536
train,IMG_9010.jpeg,5,Box,0.313739,0.54087,0.16969201292999997,642.537472,830.7763199999999,533804.916450263,2048,1536
train,IMG_9010.jpeg,5,Box,0.247217,0.318261,0.078679529637,506.300416,488.848896,247504.39940594073,2048,1536
train,IMG_9010.jpeg,5,Box,0.177391,0.361739,0.06416924294899999,363.296768,555.6311039999999,201858.98428347183,2048,1536
train,IMG_9010.jpeg,5,Box,0.215217,0.373913,0.080472434121,440.764416,574.330368,253144.38924258508,2048,1536
train,IMG_9011.jpeg,5,Box,0.165652,0.344348,0.057041934896,339.255296,528.9185279999999,179438.41177652424,2048,1536
train,IMG_9011.jpeg,5,Box,0.345652,0.518261,0.179137951172,707.895296,796.048896,563519.2688643932,2048,1536
train,IMG_9011.jpeg,5,Box,0.212609,0.354783,0.075430058847,435.423232,544.946688,237282.4481566556,2048,1536
train,IMG_9012.jpeg,5,Box,0.35087,0.488696,0.17146876552,718.58176,750.637056,539394.0968216986,2048,1536
train,IMG_9012.jpeg,5,Box,0.23287,0.415652,0.09679288124,476.91776,638.441472,304484.0767173427,2048,1536
train,IMG_9012.jpeg,3,Wheel Support,0.058696,0.12,0.007043519999999999,120.209408,184.32,22156.99808256,2048,1536
train,IMG_9012.jpeg,3,Wheel Support,0.063913,0.144348,0.009225713724,130.893824,221.718528,29021.58598157107,2048,1536
train,IMG_9012.jpeg,5,Box,0.133043,0.28,0.03725204,272.472064,430.08000000000004,117184.78528512,2048,1536
train,IMG_9013.jpeg,5,Box,0.15913,0.306087,0.048707624309999996,325.89824,470.149632,153220.93760544766,2048,1536
train,IMG_9013.jpeg,5,Box,0.265478,0.497391,0.132046367898,543.698944,763.9925760000001,415381.95679503976,2048,1536
train,IMG_9013.jpeg,5,Box,0.348261,0.424348,0.147783858828,713.238528,651.798528,464887.8226632868,2048,1536
train,IMG_9013.jpeg,5,Box,0.288261,0.448696,0.129341557656,590.358528,689.197056,406873.35948209354,2048,1536
train,IMG_9014.jpeg,5,Box,0.365217,0.434783,0.158790142911,747.964416,667.826688,499510.5986791342,2048,1536
train,IMG_9014.jpeg,5,Box,0.323478,0.391304,0.126578235312,662.482944,601.042944,398180.69901154714,2048,1536
train,IMG_9014.jpeg,5,Box,0.182609,0.328696,0.060022847863999994,373.983232,504.877056,188815.55316552497,2048,1536
train,IMG_9015.jpeg,5,Box,0.35087,0.436522,0.15316247414,718.58176,670.497792,481807.48345147393,2048,1536
train,IMG_9015.jpeg,2,Wheel,0.070435,0.095652,0.00673724862,144.25088,146.921472,21193.551626895358,2048,1536
train,IMG_9015.jpeg,2,Wheel,0.067826,0.10087,0.00684160862,138.907648,154.93632,21521.83980097536,2048,1536
train,IMG_9015.jpeg,2,Wheel,0.067826,0.102609,0.006959558034,138.907648,157.607424,21892.876575178754,2048,1536
train,IMG_9015.jpeg,5,Box,0.293478,0.365217,0.10718315472600001,601.042944,560.9733120000001,337169.0509499106,2048,1536
train,IMG_9015.jpeg,3,Wheel Support,0.070435,0.12,0.0084522,144.25088,184.32,26588.322201599996,2048,1536
train,IMG_9015.jpeg,3,Wheel Support,0.058696,0.107826,0.006328954896,120.209408,165.62073600000002,19909.17062708429,2048,1536
train,IMG_9015.jpeg,3,Wheel Support,0.084783,0.05913,0.00501321879,173.635584,90.82368,15770.22271782912,2048,1536
train,IMG_9015.jpeg,3,Wheel Support,0.065217,0.092174,0.0060113117580000005,133.564416,141.57926400000002,18909.951713869825,2048,1536
train,IMG_9024.jpeg,4,Wrench,0.344348,0.394783,0.135942736484,705.224704,606.386688,427638.8725543404,2048,1536
train,IMG_9024.jpeg,5,Box,0.146087,0.121739,0.017784485293,299.186176,186.991104,55945.1533517783,2048,1536
train,IMG_9024.jpeg,5,Box,0.332609,0.337391,0.112219283119,681.183232,518.232576,353011.3410473656,2048,1536
train,IMG_9024.jpeg,5,Box,0.187217,0.37913,0.07097958121,383.420416,582.3436800000001,223282.4560405709,2048,1536
train,IMG_9024.jpeg,5,Box,0.123913,0.175652,0.021765566276,253.773824,269.801472,68468.55127026892,2048,1536
train,IMG_9024.jpeg,5,Box,0.155217,0.153043,0.023754875331,317.884416,235.074048,74726.37646523597,2048,1536
train,IMG_9024.jpeg,3,Wheel Support,0.151304,0.17913,0.02710308552,309.870592,275.14368,85258.93500665856,2048,1536
train,IMG_9024.jpeg,3,Wheel Support,0.109565,0.210435,0.023056310775,224.38912,323.22816,72528.8823816192,2048,1536
train,IMG_9024.jpeg,1,Frame,0.57913,0.57913,0.33539155690000005,1186.05824,889.54368,1055050.6115039233,2048,1536
train,IMG_9025.jpeg,1,Frame,0.581739,0.589565,0.342972953535,1191.401472,905.5718400000001,1078899.6231777486,2048,1536
train,IMG_9026.jpeg,1,Frame,0.576522,0.542609,0.312826025898,1180.717056,833.447424,984065.5887960637,2048,1536
train,IMG_9026.jpeg,4,Wrench,0.268696,0.429565,0.11542239723999999,550.289408,659.81184,363087.4668249907,2048,1536
train,IMG_9027.jpeg,4,Wrench,0.226957,0.410435,0.093151096295,464.807936,630.4281599999999,293028.01184587774,2048,1536
train,IMG_9028.jpeg,1,Frame,0.564783,0.613913,0.346727625879,1156.675584,942.970368,1090710.801101095,2048,1536
train,IMG_9029.jpeg,1,Frame,0.673043,0.8,0.5384344,1378.392064,1228.8000000000002,1693768.1682432,2048,1536
train,IMG_9030.jpeg,1,Frame,0.745478,0.801739,0.597678786242,1526.738944,1231.471104,1880134.892887474,2048,1536
train,IMG_9031.jpeg,1,Frame,0.667217,0.82087,0.5476984187899999,1366.460416,1260.8563199999999,1722910.2515434287,2048,1536
train,IMG_9032.jpeg,1,Frame,0.780696,0.890434,0.6951582620639999,1598.865408,1367.706624,2186778.809406062,2048,1536
train,IMG_9033.jpeg,1,Frame,0.659391,0.85913,0.5665025898299999,1350.432768,1319.62368,1782063.058900746,2048,1536
train,IMG_9033.jpeg,4,Wrench,0.39,0.509565,0.19873035000000003,798.72,782.6918400000001,625151.6264448001,2048,1536
train,IMG_9034.jpeg,1,Frame,0.60913,0.730435,0.4449298715499999,1247.49824,1121.94816,1399628.3549712382,2048,1536
train,IMG_9035.jpeg,1,Frame,0.610435,0.68,0.4150958,1250.17088,1044.48,1305778.4807423998,2048,1536
train,IMG_9036.jpeg,1,Frame,0.716087,0.773913,0.554189038431,1466.546176,1188.730368,1743327.975485473,2048,1536
train,IMG_9038.jpeg,3,Wheel Support,0.190435,0.156522,0.029807267069999997,390.01088,240.417792,93765.55462557696,2048,1536
train,IMG_9038.jpeg,5,Box,0.183913,0.186087,0.034223818430999996,376.653824,285.829632,107658.82390531276,2048,1536
train,IMG_9038.jpeg,5,Box,0.271478,0.377391,0.10245335389799999,555.986944,579.6725759999999,322290.38405084773,2048,1536
train,IMG_9038.jpeg,5,Box,0.373043,0.544348,0.20306521096400001,763.992064,836.1185280000001,638787.9199553619,2048,1536
train,IMG_9039.jpeg,1,Frame,0.588261,0.405217,0.23837335763700002,1204.758528,622.413312,749857.7455727248,2048,1536
train,IMG_9040.jpeg,1,Frame,0.523043,0.373913,0.195572577259,1071.192064,574.330368,615218.1323157996,2048,1536
train,IMG_9041.jpeg,1,Frame,0.675652,0.535652,0.361914345104,1383.735296,822.761472,1138484.0889953158,2048,1536
train,IMG_9042.jpeg,1,Frame,0.803478,0.570435,0.45833197293000005,1645.522944,876.18816,1441787.720541143,2048,1536
train,IMG_9043.jpeg,1,Frame,0.75,0.553043,0.41478224999999996,1536.0,849.4740479999999,1304792.1377279998,2048,1536
train,IMG_9043.jpeg,5,Box,0.14087,0.168696,0.02376420552,288.50176,259.11705600000005,74755.72670201857,2048,1536
train,IMG_9043.jpeg,5,Box,0.341739,0.330435,0.11292252646499999,699.881472,507.54815999999994,355223.5533316915,2048,1536
train,IMG_9043.jpeg,5,Box,0.14887,0.17913,0.026667083100000002,304.88576,275.14368,83887.38998599681,2048,1536
train,IMG_9044.jpeg,1,Frame,0.716087,0.542608,0.388554534896,1466.546176,833.445888,1222286.8799493243,2048,1536
train,IMG_9044.jpeg,2,Wheel,0.104348,0.135652,0.014155014895999999,213.704704,208.361472,44527.826698764286,2048,1536
train,IMG_9044.jpeg,2,Wheel,0.088696,0.123478,0.010952004688,181.649408,189.66220800000002,34452.02780317287,2048,1536
train,IMG_9044.jpeg,2,Wheel,0.142174,0.161739,0.022995080586,291.172352,248.431104,72336.2688616366,2048,1536
train,IMG_9044.jpeg,2,Wheel,0.079565,0.073043,0.005811666294999999,162.94912,112.194048,18281.921390837757,2048,1536
train,IMG_9044.jpeg,5,Box,0.133043,0.158261,0.021055518223,272.472064,243.08889600000003,66234.93322860135,2048,1536
train,IMG_9044.jpeg,5,Box,0.139565,0.170435,0.023786760775,285.82912,261.78816,74826.6793992192,2048,1536
train,IMG_9045.jpeg,2,Wheel,0.112174,0.128696,0.014436345104,229.732352,197.677056,45412.81501131571,2048,1536
train,IMG_9045.jpeg,2,Wheel,0.088696,0.106087,0.009409492552,181.649408,162.949632,29599.704186617855,2048,1536
train,IMG_9045.jpeg,2,Wheel,0.103739,0.172174,0.017861158586,212.457472,264.45926399999996,56186.3466764206,2048,1536
train,IMG_9045.jpeg,3,Wheel Support,0.213913,0.22087,0.04724696431,438.093824,339.25632,148626.09854496768,2048,1536
train,IMG_9045.jpeg,1,Frame,0.668522,0.526956,0.352281679032,1369.133056,809.404416,1108182.3416179752,2048,1536
train,IMG_9046.jpeg,1,Frame,0.552434,0.356522,0.196954874548,1131.384832,547.617792,619566.4636021309,2048,1536
train,IMG_9047.jpeg,4,Wrench,0.487826,0.126957,0.06193292548199999,999.067648,195.00595199999998,194824.13781064088,2048,1536
train,IMG_9047.jpeg,5,Box,0.118696,0.191304,0.022707019584,243.089408,293.842944,71430.10730193714,2048,1536
train,IMG_9047.jpeg,5,Box,0.139565,0.189565,0.026456639225000002,285.82912,291.17184000000003,83225.39079598081,2048,1536
train,IMG_9047.jpeg,5,Box,0.109565,0.17913,0.01962637845,224.38912,275.14368,61739.2482287616,2048,1536
train,IMG_9047.jpeg,5,Box,0.348956,0.292174,0.101955870344,714.661888,448.779264,320725.43610549043,2048,1536
train,IMG_9047.jpeg,6,Flange,0.043043,0.055652,0.002395429036,88.152064,85.481472,7535.368190558207,2048,1536
train,IMG_9047.jpeg,6,Flange,0.035217,0.052174,0.0018374117579999997,72.124416,80.139264,5779.997614669824,2048,1536
train,IMG_9048.jpeg,5,Box,0.163043,0.213913,0.034877017259,333.912064,328.570368,109713.60974811953,2048,1536
train,IMG_9048.jpeg,5,Box,0.148696,0.208696,0.031032260415999997,304.529408,320.557056,97619.05049390285,2048,1536
train,IMG_9048.jpeg,5,Box,0.275913,0.349565,0.09644952784500001,565.069824,536.93184,303403.98032879614,2048,1536
train,IMG_9048.jpeg,2,Wheel,0.144783,0.137391,0.019891881153,296.515584,211.032576,62574.44751566438,2048,1536
train,IMG_9048.jpeg,6,Flange,0.052174,0.05913,0.00308504862,106.852352,90.82368,9704.72382529536,2048,1536
train,IMG_9048.jpeg,6,Flange,0.044348,0.053913,0.002390933724,90.824704,82.81036800000001,7521.227161731073,2048,1536
train,IMG_9049.jpeg,7,Nut,0.018261,0.022609,0.000412862949,37.398528,34.727424,1298.754538831872,2048,1536
train,IMG_9049.jpeg,2,Wheel,0.127826,0.14087,0.018006848619999998,261.787648,216.37632,56644.64789569536,2048,1536
train,IMG_9049.jpeg,4,Wrench,0.486522,0.121739,0.059228701758,996.397056,186.991104,186317.38552378982,2048,1536
train,IMG_9049.jpeg,5,Box,0.143478,0.184348,0.026449882344,293.842944,283.15852800000005,83204.13548622644,2048,1536
train,IMG_9049.jpeg,5,Box,0.14087,0.2,0.028174,288.50176,307.20000000000005,88627.74067200001,2048,1536
train,IMG_9049.jpeg,5,Box,0.126522,0.191304,0.024204164688,259.117056,293.842944,76139.71857565286,2048,1536
train,IMG_9051.jpeg,2,Wheel,0.148696,0.168696,0.025084420416,304.529408,259.11705600000005,78908.76366638286,2048,1536
train,IMG_9051.jpeg,3,Wheel Support,0.121304,0.133913,0.016244182552,248.430592,205.690368,51099.779890937854,2048,1536
train,IMG_9051.jpeg,5,Box,0.168261,0.226087,0.038041624707,344.598528,347.269632,119668.6040063017,2048,1536
train,IMG_9053.jpeg,5,Box,0.259565,0.412174,0.10698594431,531.58912,633.099264,336548.68062240764,2048,1536
train,IMG_9053.jpeg,5,Box,0.294783,0.431304,0.127141087032,603.715584,662.4829440000001,399951.27742699935,2048,1536
train,IMG_9053.jpeg,5,Box,0.226957,0.436522,0.099071723554,464.807936,670.497792,311652.6947920773,2048,1536
train,IMG_9053.jpeg,6,Flange,0.088696,0.106087,0.009409492552,181.649408,162.949632,29599.704186617855,2048,1536
train,IMG_9053.jpeg,6,Flange,0.074348,0.05913,0.00439619724,152.264704,90.82368,13829.240751390718,2048,1536
train,IMG_9053.jpeg,6,Flange,0.058696,0.093913,0.005512317448,120.209408,144.25036799999998,17340.25134106214,2048,1536
train,IMG_9053.jpeg,7,Nut,0.035217,0.046957,0.0016536846689999998,72.124416,72.125952,5202.042166444032,2048,1536
train,IMG_9053.jpeg,7,Nut,0.027391,0.033043,0.0009050808130000001,56.096768,50.754048000000004,2847.138055716864,2048,1536
train,IMG_9053.jpeg,7,Nut,0.03,0.038261,0.00114783,61.44,58.768896000000005,3610.76097024,2048,1536
train,IMG_9053.jpeg,7,Nut,0.031304,0.029565,0.00092550276,64.110592,45.41184,2911.3799462092798,2048,1536
train,IMG_9053.jpeg,7,Nut,0.026087,0.027826,0.000725896862,53.426176,42.740736,2283.4740839055357,2048,1536
train,IMG_9053.jpeg,7,Nut,0.027391,0.045217,0.001238538847,56.096768,69.453312,3896.1063300956157,2048,1536
train,IMG_9053.jpeg,7,Nut,0.028696,0.034783,0.000998132968,58.769408,53.426688,3139.854825160704,2048,1536
train,IMG_9053.jpeg,7,Nut,0.019565,0.027826,0.00054441569,40.06912,42.740736,1712.58367967232,2048,1536
train,IMG_9053.jpeg,7,Nut,0.03,0.050435,0.00151305,61.44,77.46816,4759.6437504,2048,1536
train,IMG_9053.jpeg,7,Nut,0.027391,0.038261,0.0010480070510000001,56.096768,58.768896000000005,3296.745124528128,2048,1536
train,IMG_9053.jpeg,0,Bolt,0.084783,0.151304,0.012828007031999999,173.635584,232.402944,40353.420904759296,2048,1536
train,IMG_9053.jpeg,0,Bolt,0.116087,0.09913,0.011507704309999998,237.746176,152.26368,36200.107663687675,2048,1536
train,IMG_9053.jpeg,0,Bolt,0.027391,0.13913,0.00381090983,56.096768,213.70368000000002,11988.08575770624,2048,1536
train,IMG_9053.jpeg,0,Bolt,0.033913,0.137391,0.0046593409830000005,69.453824,211.032576,14657.019391770624,2048,1536
train,IMG_9055.jpeg,1,Frame,0.668522,0.573913,0.383673466586,1369.133056,881.530368,1206932.3666966443,2048,1536
train,IMG_9055.jpeg,2,Wheel,0.061304,0.16,0.00980864,125.550592,245.76,30855.313489919998,2048,1536
train,IMG_9055.jpeg,2,Wheel,0.153913,0.172174,0.026499816861999998,315.213824,264.45926399999996,83361.21589766552,2048,1536
train,IMG_9056.jpeg,2,Wheel,0.134348,0.191304,0.025701309792,275.144704,293.842944,80849.32984936857,2048,1536
train,IMG_9056.jpeg,2,Wheel,0.084783,0.12,0.01017396,173.635584,184.32,32004.510842879998,2048,1536
train,IMG_9056.jpeg,2,Wheel,0.151304,0.173913,0.026313732552,309.870592,267.13036800000003,82775.84527333787,2048,1536
train,IMG_9056.jpeg,1,Frame,0.755217,0.591304,0.44656283296800003,1546.684416,908.2429440000001,1404765.2074267608,2048,1536
train,IMG_9058.jpeg,1,Frame,0.755217,0.610435,0.46101088939499996,1546.684416,937.62816,1450214.8630747546,2048,1536
train,IMG_9059.jpeg,1,Frame,0.608522,0.518261,0.315373220242,1246.253056,796.048896,992078.3693654262,2048,1536
train,IMG_9060.jpeg,1,Frame,0.6,0.65913,0.395478,1228.8,1012.42368,1244066.217984,2048,1536
train,IMG_9060.jpeg,4,Wrench,0.435652,0.116522,0.050763042343999996,892.215296,178.977792,159686.7236667064,2048,1536
train,IMG_9060.jpeg,10,Washer,0.040435,0.04,0.0016174,82.81088,61.44,5087.9004672,2048,1536
train,IMG_9060.jpeg,10,Washer,0.032609,0.038261,0.001247652949,66.783232,58.768896000000005,3924.7768159518723,2048,1536
train,IMG_9060.jpeg,10,Washer,0.024783,0.045217,0.001120612911,50.755584,69.453312,3525.143411294208,2048,1536
train,IMG_9060.jpeg,5,Box,0.183913,0.198261,0.036462775292999995,376.653824,304.528896,114701.9731968983,2048,1536
train,IMG_9060.jpeg,5,Box,0.176087,0.189565,0.033379932155,360.626176,291.17184000000003,105004.18721808385,2048,1536
train,IMG_9060.jpeg,5,Box,0.18913,0.344348,0.06512653723999999,387.33824,528.9185279999999,204870.37173891068,2048,1536
train,IMG_9060.jpeg,3,Wheel Support,0.104348,0.158261,0.016514218828,213.704704,243.08889600000003,51949.24056536679,2048,1536
train,IMG_9060.jpeg,3,Wheel Support,0.09,0.158261,0.014243490000000001,184.32,243.08889600000003,44806.14531072001,2048,1536
train,IMG_9061.jpeg,3,Wheel Support,0.091304,0.16,0.014608639999999999,186.990592,245.76,45954.80788992,2048,1536
train,IMG_9061.jpeg,3,Wheel Support,0.108261,0.18087,0.01958116707,221.718528,277.81632,61597.02552477696,2048,1536
train,IMG_9061.jpeg,1,Frame,0.622174,0.633043,0.39386289548200004,1274.212352,972.354048,1238985.538478801,2048,1536
train,IMG_9062.jpeg,1,Frame,0.615826,0.634782,0.39091525993199994,1261.211648,975.0251519999999,1229713.0787953704,2048,1536
train,IMG_9063.jpeg,1,Frame,0.645652,0.763478,0.49294109765599997,1322.295296,1172.702208,1550658.6132472134,2048,1536
train,IMG_9064.jpeg,1,Frame,0.63913,0.69913,0.4468349569,1308.93824,1073.86368,1405621.235299123,2048,1536
train,IMG_9064.jpeg,5,Box,0.157826,0.182609,0.028820448034,323.227648,280.487424,90661.29035309874,2048,1536
train,IMG_9064.jpeg,5,Box,0.226957,0.283478,0.064337316446,464.807936,435.422208,202387.6977890427,2048,1536
train,IMG_9064.jpeg,4,Wrench,0.469565,0.153043,0.071863636295,961.66912,235.074048,226063.45287499778,2048,1536
train,IMG_9066.jpeg,1,Frame,0.577217,0.82087,0.47382011878999997,1182.140416,1260.8563199999999,1490509.214641029,2048,1536
train,IMG_9069.jpeg,5,Box,0.233478,0.24,0.056034719999999996,478.162944,368.64,176269.98767615997,2048,1536
train,IMG_9069.jpeg,5,Box,0.174783,0.264348,0.046203536484,357.955584,406.03852800000004,145343.75841674037,2048,1536
train,IMG_9070.jpeg,5,Box,0.280435,0.321739,0.090226876465,574.33088,494.191104,283829.2116484915,2048,1536
train,IMG_9070.jpeg,5,Box,0.203478,0.326957,0.066528556446,416.722944,502.205952,209280.7428117627,2048,1536
train,IMG_9071.jpeg,5,Box,0.258261,0.46087,0.11902474707,528.918528,707.8963200000001,374419.479551017,2048,1536
train,IMG_9072.jpeg,5,Box,0.27,0.462609,0.12490443000000001,552.96,710.567424,392915.36277504,2048,1536
train,IMG_9072.jpeg,5,Box,0.35087,0.426087,0.14950114569,718.58176,654.469632,470289.9400291124,2048,1536
train,IMG_9076.jpeg,1,Frame,0.575913,0.455652,0.26241591027600003,1179.469824,699.881472,825489.076600701,2048,1536
train,IMG_9078.jpeg,1,Frame,0.694608,0.58087,0.40347694896,1422.557184,892.21632,1269228.735698043,2048,1536
train,IMG_9079.jpeg,1,Frame,0.724608,0.566956,0.41082085324800005,1483.997184,870.844416,1292330.6610461245,2048,1536
train,IMG_9081.jpeg,5,Box,0.169565,0.144348,0.02447636862,347.26912,221.718528,76995.99810625536,2048,1536
train,IMG_9081.jpeg,5,Box,0.168261,0.269565,0.045357276465,344.598528,414.05183999999997,142681.6545796915,2048,1536
train,IMG_9082.jpeg,8,Support,0.508696,0.8,0.40695680000000006,1041.809408,1228.8000000000002,1280175.4005504004,2048,1536
train,IMG_9083.jpeg,8,Support,0.513913,0.775652,0.398617646276,1052.493824,1191.401472,1253942.6911845088,2048,1536
train,IMG_9083.jpeg,1,Frame,0.190435,0.506087,0.096376677845,390.01088,777.3496319999999,303174.8140439961,2048,1536
train,IMG_9085.jpeg,8,Support,0.536087,0.786087,0.42141102156899996,1097.906176,1207.4296319999999,1325644.450058207,2048,1536
train,IMG_9089.jpeg,8,Support,0.526957,0.878261,0.462805781777,1079.207936,1349.0088959999998,1455861.1062977985,2048,1536
train,IMG_9089.jpeg,1,Frame,0.451304,0.471304,0.21270138041599998,924.270592,723.922944,669100.6880132628,2048,1536
train,IMG_9090.jpeg,1,Frame,0.487826,0.48,0.23415647999999997,999.067648,737.28,736592.59551744,2048,1536
train,IMG_9090.jpeg,8,Support,0.537391,0.907826,0.48785752196599996,1100.576768,1394.420736,1534667.0668590611,2048,1536
train,IMG_9091.jpeg,1,Frame,0.547826,0.44,0.24104344000000003,1121.947648,675.84,758257.0984243201,2048,1536
train,IMG_9091.jpeg,8,Support,0.532174,0.930435,0.49515331569000004,1089.892352,1429.14816,1557617.6494588724,2048,1536
train,IMG_9092.jpeg,1,Frame,0.594783,0.386087,0.22963798412099998,1218.115584,593.029632,722378.636512985,2048,1536
train,IMG_9093.jpeg,1,Frame,0.575217,0.45913,0.26409938121,1178.044416,705.22368,830784.8182549708,2048,1536
train,IMG_9095.jpeg,1,Frame,0.538696,0.30087,0.16207746552,1103.249408,462.13632000000007,509851.62145529856,2048,1536
train,IMG_9095.jpeg,5,Box,0.122609,0.12,0.014713079999999998,251.103232,184.32,46283.347722239996,2048,1536
train,IMG_9095.jpeg,5,Box,0.303913,0.288696,0.087738467448,622.413824,443.437056,276001.3537282621,2048,1536
train,IMG_9095.jpeg,5,Box,0.144174,0.194782,0.028082500068,295.268352,299.185152,88339.9067739095,2048,1536
train,IMG_9095.jpeg,5,Box,0.117391,0.133913,0.015720180983,240.416768,205.690368,49451.41348329062,2048,1536
train,IMG_9095.jpeg,2,Wheel,0.095217,0.10087,0.00960453879,195.004416,154.93632,30213.266598789116,2048,1536
train,IMG_9095.jpeg,2,Wheel,0.092609,0.113043,0.010468799187,189.663232,173.634048,32931.994728923135,2048,1536
train,IMG_9095.jpeg,2,Wheel,0.123913,0.142609,0.017671109017,253.773824,219.04742400000003,55588.502425829385,2048,1536
train,IMG_9095.jpeg,3,Wheel Support,0.084783,0.113043,0.009584124669,173.635584,173.634048,30149.049326764034,2048,1536
train,IMG_9095.jpeg,3,Wheel Support,0.142174,0.097391,0.013846468034,291.172352,149.592576,43557.22219565875,2048,1536
train,IMG_9095.jpeg,3,Wheel Support,0.131739,0.093913,0.012372004707,269.801472,144.25036799999998,38918.961622941686,2048,1536
train,IMG_9095.jpeg,3,Wheel Support,0.08087,0.085217,0.00689149879,165.62176,130.893312,21678.78070566912,2048,1536
train,IMG_9098.jpeg,1,Frame,0.718696,0.410435,0.29497799276,1471.889408,630.4281599999999,927920.5312089291,2048,1536
train,IMG_9098.jpeg,3,Wheel Support,0.135652,0.147826,0.020052892552,277.815296,227.06073600000002,63080.94558181786,2048,1536
train,IMG_9098.jpeg,3,Wheel Support,0.169565,0.172174,0.029194684309999996,347.26912,264.45926399999996,91838.53588512767,2048,1536
train,IMG_9098.jpeg,3,Wheel Support,0.186522,0.184348,0.034384957656,381.997056,283.15852800000005,108165.72407729358,2048,1536
train,IMG_9098.jpeg,3,Wheel Support,0.138261,0.114783,0.015870012362999997,283.158528,176.306688,49922.74225063527,2048,1536
train,IMG_9098.jpeg,2,Wheel,0.074348,0.14087,0.01047340276,152.264704,216.37632,32946.47631740928,2048,1536
train,IMG_9098.jpeg,2,Wheel,0.134348,0.142609,0.019159233932000003,275.144704,219.04742400000003,60269.738638442504,2048,1536
train,IMG_9098.jpeg,2,Wheel,0.15,0.156522,0.023478299999999997,307.2,240.417792,73856.3457024,2048,1536
train,IMG_9098.jpeg,4,Wrench,0.36913,0.126957,0.04686363741,755.97824,195.00595199999998,147420.25638248448,2048,1536
train,IMG_9098.jpeg,5,Box,0.101739,0.147826,0.015039669414000001,208.361472,227.06073600000002,47310.7091863634,2048,1536
train,IMG_9098.jpeg,5,Box,0.103043,0.144348,0.014874050964,211.032064,221.718528,46789.71859088179,2048,1536
train,IMG_9098.jpeg,5,Box,0.326782,0.306087,0.100023722034,669.249536,470.149632,314647.4230665708,2048,1536
train,IMG_9098.jpeg,5,Box,0.12,0.146087,0.017530439999999998,245.76,224.389632,55145.99596032,2048,1536
train,IMG_9100.jpeg,3,Wheel Support,0.133043,0.151304,0.020129938072,272.472064,232.402944,63323.30983135641,2048,1536
train,IMG_9100.jpeg,3,Wheel Support,0.142174,0.135652,0.019286187447999998,291.172352,208.361472,60669.09986842214,2048,1536
train,IMG_9100.jpeg,3,Wheel Support,0.238696,0.193043,0.046078591928,488.849408,296.514048,144950.7168284836,2048,1536
train,IMG_9100.jpeg,3,Wheel Support,0.174783,0.17913,0.03130887879,357.955584,275.14368,98489.21665830912,2048,1536
train,IMG_9100.jpeg,2,Wheel,0.095217,0.165217,0.015731467089,195.004416,253.773312,49486.91650294579,2048,1536
train,IMG_9100.jpeg,2,Wheel,0.166957,0.193043,0.032229880151,341.927936,296.514048,101386.43642764492,2048,1536
train,IMG_9100.jpeg,2,Wheel,0.186522,0.201739,0.037628761758,381.997056,309.871104,118369.84946746982,2048,1536
train,IMG_9100.jpeg,4,Wrench,0.443652,0.156522,0.069441298344,908.599296,240.417792,218443.43655707443,2048,1536
train,IMG_9100.jpeg,1,Frame,0.845217,0.526957,0.445393014669,1731.004416,809.4059520000001,1401085.277248684,2048,1536
train,IMG_9101.jpeg,1,Frame,0.81913,0.537391,0.44019308983,1677.57824,825.4325759999999,1384727.728084746,2048,1536
train,IMG_9101.jpeg,3,Wheel Support,0.114783,0.149565,0.017167519395,235.075584,229.73184,54004.34645139456,2048,1536
train,IMG_9102.jpeg,1,Frame,0.901478,0.495652,0.446819373656,1846.226944,761.321472,1405572.2146521416,2048,1536
train,IMG_9105.jpeg,5,Box,0.526957,0.601739,0.317090578223,1079.207936,924.271104,997480.7104522814,2048,1536
train,IMG_9105.jpeg,2,Wheel,0.116087,0.154783,0.017968294121,237.746176,237.746688,56523.36592866509,2048,1536
train,IMG_9105.jpeg,3,Wheel Support,0.185217,0.264348,0.048961743516,379.324416,406.03852800000004,154020.32750709966,2048,1536
train,IMG_9105.jpeg,5,Box,0.190435,0.330435,0.06292638922499999,390.01088,507.54815999999994,197949.30452398077,2048,1536
train,IMG_9105.jpeg,5,Box,0.186522,0.302609,0.056443235898,381.997056,464.807424,177555.06757494374,2048,1536
train,IMG_9109.jpeg,5,Box,0.176087,0.26087,0.04593581569,360.626176,400.69632,144501.58161887233,2048,1536
train,IMG_9109.jpeg,5,Box,0.176087,0.243478,0.042873310585999996,360.626176,373.982208,134867.7735630766,2048,1536
train,IMG_9109.jpeg,5,Box,0.172174,0.246957,0.042519574518,352.612352,379.32595200000003,133755.0161093591,2048,1536
train,IMG_9109.jpeg,3,Wheel Support,0.17087,0.26087,0.044574856899999994,349.94176,400.69632,140220.3754463232,2048,1536
train,IMG_9109.jpeg,1,Frame,0.733217,0.382608,0.280534689936,1501.628416,587.685888,882485.8291029934,2048,1536
train,IMG_9111.jpeg,1,Frame,0.964086,0.46087,0.44431831482,1974.448128,707.8963200000001,1397704.5638420891,2048,1536
train,IMG_9112.jpeg,1,Frame,0.900696,0.653913,0.588976823448,1844.625408,1004.410368,1852760.8848714302,2048,1536
train,IMG_9113.jpeg,1,Frame,0.701913,0.486957,0.341801448741,1437.517824,747.965952,1075214.3877451285,2048,1536
train,IMG_9114.jpeg,1,Frame,0.584522,0.478261,0.279554076242,1197.101056,734.608896,879401.0851485941,2048,1536
train,IMG_9114.jpeg,5,Box,0.109565,0.177391,0.019435844915,224.38912,272.472576,61139.88155277312,2048,1536
train,IMG_9114.jpeg,5,Box,0.135652,0.13913,0.01887326276,277.815296,213.70368000000002,59370.15111548928,2048,1536
train,IMG_9114.jpeg,5,Box,0.12913,0.165217,0.02133447121,264.45824,253.773312,67112.44345049087,2048,1536
train,IMG_9114.jpeg,5,Box,0.130435,0.168696,0.02200386276,267.13088,259.11705600000005,69218.16719228929,2048,1536
train,IMG_9119.jpeg,4,Wrench,0.229565,0.34087,0.07825182155,470.14912,523.57632,246158.9461008384,2048,1536
train,IMG_9119.jpeg,5,Box,0.250435,0.356522,0.08928558707,512.89088,547.617792,280868.171242537,2048,1536
train,IMG_9119.jpeg,5,Box,0.130435,0.121739,0.015879026464999998,267.13088,186.991104,49951.09816369152,2048,1536
train,IMG_9120.jpeg,1,Frame,0.504174,0.486957,0.24551105851799998,1032.548352,747.965952,772311.0110897111,2048,1536
train,IMG_9121.jpeg,1,Frame,0.574608,0.573913,0.329775001104,1176.797184,881.530368,1037382.4546728836,2048,1536
train,IMG_9131.jpeg,1,Frame,0.747565,0.492174,0.36793205631000003,1531.01312,755.9792640000001,1157414.171631944,2048,1536
train,IMG_9132.jpeg,1,Frame,0.788,0.610435,0.48102278,1613.824,937.62816,1513166.82768384,2048,1536
train,IMG_9133.jpeg,1,Frame,0.853217,0.586087,0.5000593918790001,1747.388416,900.229632,1573050.830696743,2048,1536
train,IMG_9136.jpeg,5,Box,0.146087,0.215652,0.031503953724,299.186176,331.24147200000004,99102.86934029109,2048,1536
train,IMG_9136.jpeg,5,Box,0.157826,0.215652,0.034035492552,323.227648,331.24147200000004,107066.40191461786,2048,1536
train,IMG_9137.jpeg,5,Box,0.18,0.297391,0.05353038,368.64,456.79257600000005,168392.01521664002,2048,1536
train,IMG_9137.jpeg,5,Box,0.181304,0.28,0.050765120000000004,371.310592,430.08000000000004,159693.25940736002,2048,1536
train,IMG_9139.jpeg,5,Box,0.187826,0.281739,0.052917909414,384.667648,432.75110400000005,166465.3493450834,2048,1536
train,IMG_9139.jpeg,5,Box,0.186522,0.292174,0.054496878827999994,381.997056,448.779264,171432.3576418468,2048,1536
train,IMG_9143.jpeg,5,Box,0.21,0.302609,0.06354789,430.08,464.807424,199904.37691392002,2048,1536
train,IMG_9143.jpeg,5,Box,0.183913,0.286957,0.052775122741,376.653824,440.765952,166016.18130980045,2048,1536
train,IMG_9143.jpeg,5,Box,0.20087,0.307826,0.06183300862,411.38176,472.820736,194509.82654017536,2048,1536
train,IMG_9144.jpeg,5,Box,0.416087,0.638261,0.265572104707,852.146176,980.368896,835417.6057957417,2048,1536
train,IMG_9144.jpeg,7,Nut,0.05087,0.057391,0.0029194801699999997,104.18176,88.152576,9183.89051621376,2048,1536
train,IMG_9144.jpeg,7,Nut,0.041739,0.055652,0.002322858828,85.481472,85.481472,7307.0820552867835,2048,1536
train,IMG_9144.jpeg,7,Nut,0.041739,0.067826,0.002830989414,85.481472,104.180736,8905.522667323392,2048,1536
train,IMG_9144.jpeg,7,Nut,0.018261,0.050435,0.000920993535,37.398528,77.46816,2897.1951508684797,2048,1536
train,IMG_9144.jpeg,7,Nut,0.033913,0.062609,0.0021232590169999997,69.453824,96.167424,6679.195341029375,2048,1536
train,IMG_9144.jpeg,7,Nut,0.05087,0.06087,0.0030964569,104.18176,93.49632,9740.611171123199,2048,1536
val,11.png,3,Wheel Support,0.179793,0.250435,0.04502645995500001,176.556726,188.32712,33250.41972420912,982,752
val,11.png,3,Wheel Support,0.143834,0.281739,0.040523647326,141.24498799999998,211.867728,29925.254698947258,982,752
val,11.png,3,Wheel Support,0.194443,0.332174,0.064588909082,190.943026,249.79484800000003,47696.58415633006,982,752
val,11.png,7,Nut,0.038622,0.053913,0.002082227886,37.926804,40.542576000000004,1537.6503336071041,982,752
val,11.png,7,Nut,0.030631,0.048696,0.001491607176,30.079642,36.619392000000005,1101.498201617664,982,752
val,19.png,7,Nut,0.043233,0.06087,0.00263159271,46.302543,50.64384,2344.93857928512,1071,832
val,19.png,7,Nut,0.037829,0.052174,0.001973690246,40.514859,43.408767999999995,1758.7001148837119,1071,832
val,20.png,10,Washer,0.038915,0.055692,0.0021672541799999997,54.675574999999995,46.391436,2536.4784383756996,1405,833
val,20.png,7,Nut,0.028302,0.049725,0.00140731695,39.76431,41.420925,1647.07450218675,1405,833
val,20.png,10,Washer,0.027123,0.045747,0.0012407958810000002,38.107815,38.107251000000005,1452.1840712665653,1405,833
val,20.png,7,Nut,0.036557,0.055692,0.002035932444,51.362584999999996,46.391436,2382.7840748220597,1405,833
val,3.png,4,Wrench,0.3125,0.485486,0.15171437499999998,418.125,416.546988,174168.7093575,1338,858
val,3.png,3,Wheel Support,0.147406,0.231709,0.034155296854000004,197.229228,198.806322,39210.417409579415,1338,858
val,3.png,3,Wheel Support,0.09316,0.270328,0.025183756480000003,124.64808000000001,231.941424,28911.053174065924,1338,858
val,3.png,3,Wheel Support,0.14033,0.204125,0.02864486125,187.76154000000002,175.13925,32884.415294445,1338,858
val,3.png,7,Nut,0.016509,0.022068,0.000364320612,22.089042,18.934344,418.241519858448,1338,858
val,30.png,0,Bolt,0.075472,0.039499,0.002981068528,91.849424,30.137736999999998,2768.1337841134878,1217,763
val,30.png,0,Bolt,0.053066,0.056428,0.002994408248,64.581322,43.054564,2780.520661253608,1217,763
val,frame_0008_5.726.jpg,3,Wheel Support,0.156522,0.17913,0.02803778586,250.43519999999998,214.95600000000002,53832.5488512,1600,1200
val,frame_0015_7.800.jpg,3,Wheel Support,0.153913,0.236522,0.036403810586,246.2608,283.82640000000004,69895.31632512,1600,1200
val,frame_0028_10.746.jpg,2,Wheel,0.165652,0.158261,0.026216251172,265.0432,189.91320000000002,50335.20225024001,1600,1200
val,frame_0038_12.777.jpg,1,Frame,0.648261,0.523478,0.339350371758,1037.2176,628.1736,651552.7137753599,1600,1200
val,frame_0038_12.777.jpg,3,Wheel Support,0.130435,0.224348,0.029262831379999996,208.696,269.2176,56184.6362496,1600,1200
val,frame_0042_14.041.jpg,3,Wheel Support,0.151304,0.21913,0.033155245519999994,242.0864,262.956,63658.0713984,1600,1200
val,frame_0042_14.041.jpg,3,Wheel Support,0.153913,0.198261,0.030514945292999997,246.2608,237.9132,58588.694962559995,1600,1200
val,frame_0046_16.012.jpg,3,Wheel Support,0.131739,0.193043,0.025431291776999997,210.7824,231.6516,48828.08021184,1600,1200
val,frame_0047_16.544.jpg,3,Wheel Support,0.104348,0.172174,0.017966012551999998,166.9568,206.6088,34494.74409984,1600,1200
val,frame_0047_16.544.jpg,3,Wheel Support,0.105652,0.161739,0.017088048828,169.04319999999998,194.08679999999998,32809.053749759994,1600,1200
val,frame_0047_16.544.jpg,0,Bolt,0.022174,0.081739,0.001812480586,35.4784,98.08680000000001,3479.9627251200004,1600,1200
val,frame_0047_16.544.jpg,5,Box,0.190435,0.342609,0.065244744915,304.69599999999997,411.1308,125269.91023679999,1600,1200
val,frame_0047_16.544.jpg,5,Box,0.138261,0.233043,0.032220758222999996,221.2176,279.6516,61863.85578815999,1600,1200
val,frame_0047_16.544.jpg,5,Box,0.12913,0.226087,0.02919461431,206.608,271.3044,56053.6594752,1600,1200
val,frame_0054_18.486.jpg,4,Wrench,0.406348,0.226087,0.09187000027600001,650.1568,271.3044,176390.40052991998,1600,1200
val,frame_0057_19.169.jpg,3,Wheel Support,0.083478,0.146087,0.012195050586,133.5648,175.3044,23414.497125119997,1600,1200
val,frame_0058_19.439.jpg,3,Wheel Support,0.118696,0.166957,0.019817128072,189.9136,200.3484,38048.88589824,1600,1200
val,frame_0058_19.439.jpg,3,Wheel Support,0.103043,0.170435,0.017562133705,164.8688,204.522,33719.2967136,1600,1200
val,frame_0058_19.439.jpg,10,Washer,0.018261,0.036522,0.0006669282419999999,29.217599999999997,43.8264,1280.50222464,1600,1200
val,frame_0058_19.439.jpg,2,Wheel,0.087391,0.121739,0.010638892948999999,139.8256,146.0868,20426.674462080002,1600,1200
val,frame_0064_20.349.jpg,3,Wheel Support,0.109565,0.196522,0.02153193293,175.304,235.8264,41341.3112256,1600,1200
val,frame_0064_20.349.jpg,3,Wheel Support,0.12913,0.182609,0.02358030017,206.608,219.1308,45274.1763264,1600,1200
val,frame_0076_22.530.jpg,7,Nut,0.026087,0.045217,0.001179575879,41.7392,54.2604,2264.7856876799997,1600,1200
val,frame_0079_23.215.jpg,2,Wheel,0.083478,0.153043,0.012775723554000001,133.5648,183.6516,24529.38922368,1600,1200
val,frame_0079_23.215.jpg,3,Wheel Support,0.105652,0.208696,0.022049149791999997,169.04319999999998,250.43519999999998,42334.36760063999,1600,1200
val,frame_0085_25.152.jpg,10,Washer,0.022174,0.057391,0.001272588034,35.4784,68.86919999999999,2443.3690252799997,1600,1200
val,frame_0085_25.152.jpg,3,Wheel Support,0.14087,0.161739,0.02278417293,225.392,194.08679999999998,43745.61202559999,1600,1200
val,frame_0099_27.035.jpg,1,Frame,0.594783,0.567304,0.33742277503199997,951.6528,680.7648,647851.72806144,1600,1200
val,frame_0100_27.152.jpg,3,Wheel Support,0.105652,0.196522,0.020762942343999998,169.04319999999998,235.8264,39864.84930048,1600,1200
val,frame_0100_27.152.jpg,3,Wheel Support,0.131739,0.222609,0.029326287051,210.7824,267.1308,56306.47113792,1600,1200
val,frame_0124_30.952.jpg,5,Box,0.131739,0.227826,0.030013569413999998,210.7824,273.3912,57626.05327488,1600,1200
val,frame_0126_32.391.jpg,2,Wheel,0.106957,0.132174,0.014136934518,171.1312,158.60880000000003,27142.914274560007,1600,1200
val,frame_0133_33.159.jpg,0,Bolt,0.043043,0.097391,0.004192000813,68.8688,116.8692,8048.64156096,1600,1200
val,frame_0138_34.122.jpg,3,Wheel Support,0.106957,0.186087,0.019903307259,171.1312,223.30440000000002,38214.34993728001,1600,1200
val,frame_0171_40.627.jpg,7,Nut,0.028696,0.033043,0.0009482019280000001,45.9136,39.6516,1820.54770176,1600,1200
val,frame_0178_42.036.jpg,2,Wheel,0.086087,0.113043,0.009731532741,137.73919999999998,135.6516,18684.542862719998,1600,1200
val,frame_0180_42.877.jpg,2,Wheel,0.09913,0.125217,0.01241276121,158.608,150.2604,23832.5015232,1600,1200
val,frame_0180_42.877.jpg,3,Wheel Support,0.114783,0.168696,0.019363432968,183.65279999999998,202.4352,37177.79129856,1600,1200
val,frame_0180_42.877.jpg,10,Washer,0.02087,0.036522,0.00076221414,33.391999999999996,43.8264,1463.4511487999998,1600,1200
val,frame_0194_45.826.jpg,7,Nut,0.013043,0.024348,0.00031757096400000003,20.8688,29.2176,609.7362508800001,1600,1200
val,frame_0198_46.458.jpg,7,Nut,0.031304,0.034783,0.001088847032,50.0864,41.7396,2090.58630144,1600,1200
val,frame_0205_47.981.jpg,7,Nut,0.024783,0.045217,0.001120612911,39.6528,54.2604,2151.57678912,1600,1200
val,frame_0205_47.981.jpg,7,Nut,0.027391,0.04,0.00109564,43.825599999999994,48.0,2103.6287999999995,1600,1200
val,frame_0206_48.089.jpg,7,Nut,0.024783,0.038261,0.000948222363,39.6528,45.9132,1820.58693696,1600,1200
val,frame_0213_49.782.jpg,5,Box,0.157826,0.229565,0.036231325689999996,252.52159999999998,275.478,69564.14532479999,1600,1200
val,frame_0213_49.782.jpg,7,Nut,0.024783,0.026087,0.000646514121,39.6528,31.304399999999998,1241.30711232,1600,1200
val,frame_0213_49.782.jpg,7,Nut,0.019565,0.038261,0.000748576465,31.304,45.9132,1437.2668128,1600,1200
val,frame_0222_51.115.jpg,3,Wheel Support,0.100435,0.16,0.0160696,160.696,192.0,30853.631999999998,1600,1200
val,frame_0228_52.336.jpg,1,Frame,0.623478,0.55513,0.34611134214,997.5648,666.1560000000001,664533.7769088,1600,1200
val,frame_0252_57.562.jpg,3,Wheel Support,0.143478,0.208696,0.029943284687999998,229.5648,250.43519999999998,57491.106600959996,1600,1200
val,frame_0252_57.562.jpg,10,Washer,0.028696,0.031304,0.0008982995839999999,45.9136,37.5648,1724.73520128,1600,1200
val,frame_0263_61.623.jpg,3,Wheel Support,0.136957,0.227826,0.031202365481999998,219.13119999999998,273.3912,59908.54172544,1600,1200
val,frame_0263_61.623.jpg,3,Wheel Support,0.121304,0.198261,0.024049852344,194.0864,237.9132,46175.71650048,1600,1200
val,frame_0263_61.623.jpg,3,Wheel Support,0.104348,0.147826,0.015425347448,166.9568,177.39120000000003,29616.66710016,1600,1200
val,frame_0263_61.623.jpg,3,Wheel Support,0.131739,0.17913,0.02359840707,210.7824,214.95600000000002,45308.9415744,1600,1200
val,frame_0263_61.623.jpg,7,Nut,0.026087,0.026087,0.000680531569,41.7392,31.304399999999998,1306.6206124799999,1600,1200
val,frame_0263_61.623.jpg,7,Nut,0.031304,0.034783,0.001088847032,50.0864,41.7396,2090.58630144,1600,1200
val,frame_0263_61.623.jpg,7,Nut,0.023478,0.031304,0.000734955312,37.5648,37.5648,1411.11419904,1600,1200
val,frame_0263_61.623.jpg,7,Nut,0.023478,0.033043,0.000775783554,37.5648,39.6516,1489.50442368,1600,1200
val,frame_0268_62.159.jpg,7,Nut,0.028696,0.024348,0.000698690208,45.9136,29.2176,1341.48519936,1600,1200
val,frame_0299_69.814.jpg,3,Wheel Support,0.130435,0.215652,0.02812856862,208.696,258.7824,54006.8517504,1600,1200
val,frame_0299_69.814.jpg,3,Wheel Support,0.121304,0.170435,0.02067444724,194.0864,204.522,39694.9387008,1600,1200
val,frame_0300_69.965.jpg,3,Wheel Support,0.105652,0.203478,0.021497857656,169.04319999999998,244.1736,41275.88669951999,1600,1200
val,frame_0300_69.965.jpg,3,Wheel Support,0.114783,0.189565,0.021758839395,183.65279999999998,227.478,41776.9716384,1600,1200
val,frame_0300_69.965.jpg,3,Wheel Support,0.109565,0.158261,0.017339866465,175.304,189.91320000000002,33292.5436128,1600,1200
val,frame_0300_69.965.jpg,3,Wheel Support,0.121304,0.173913,0.021096342552000002,194.0864,208.6956,40504.977699840005,1600,1200
val,frame_0308_71.311.jpg,1,Frame,0.573913,0.558261,0.320393245293,918.2608,669.9132,615155.03096256,1600,1200
val,frame_0309_71.475.jpg,1,Frame,0.56087,0.546087,0.30628381568999996,897.3919999999999,655.3044,588064.9261248,1600,1200
val,frame_0310_71.592.jpg,3,Wheel Support,0.127826,0.208696,0.026676774895999997,204.52159999999998,250.43519999999998,51219.40780031999,1600,1200
val,frame_0314_71.882.jpg,3,Wheel Support,0.105652,0.18087,0.01910927724,169.04319999999998,217.044,36689.8123008,1600,1200
val,frame_0316_72.039.jpg,7,Nut,0.03,0.038261,0.00114783,48.0,45.9132,2203.8336,1600,1200
val,frame_0325_75.144.jpg,3,Wheel Support,0.096522,0.17913,0.01728998586,154.4352,214.95600000000002,33196.7728512,1600,1200
val,frame_0327_75.233.jpg,3,Wheel Support,0.103043,0.187826,0.019354154518,164.8688,225.3912,37159.97667456,1600,1200
val,frame_0327_75.233.jpg,0,Bolt,0.046957,0.095652,0.004491530964,75.13119999999999,114.7824,8623.739450879999,1600,1200
val,frame_0332_76.681.jpg,3,Wheel Support,0.114783,0.196522,0.022557384726,183.65279999999998,235.8264,43310.178673919996,1600,1200
val,frame_0333_76.783.jpg,3,Wheel Support,0.127826,0.168696,0.021563734896,204.52159999999998,202.4352,41402.371000319996,1600,1200
val,frame_0336_78.025.jpg,7,Nut,0.028696,0.034783,0.000998132968,45.9136,41.7396,1916.4152985600003,1600,1200
val,frame_0341_79.517.jpg,3,Wheel Support,0.123913,0.201739,0.024998084707,198.2608,242.0868,47996.32263744,1600,1200
val,frame_0341_79.517.jpg,0,Bolt,0.023478,0.111304,0.002613195312,37.5648,133.5648,5017.334999039999,1600,1200
val,frame_0347_81.094.jpg,7,Nut,0.026087,0.033043,0.0008619927410000001,41.7392,39.6516,1655.02606272,1600,1200
val,frame_0347_81.094.jpg,7,Nut,0.024783,0.036522,0.0009051247259999999,39.6528,43.8264,1737.83947392,1600,1200
val,frame_0348_81.161.jpg,7,Nut,0.028696,0.038261,0.001097937656,45.9136,45.9132,2108.04029952,1600,1200
val,frame_0353_82.273.jpg,3,Wheel Support,0.125217,0.227826,0.028527688242,200.3472,273.3912,54773.16142464,1600,1200
val,frame_0361_83.526.jpg,7,Nut,0.036522,0.041739,0.001524391758,58.435199999999995,50.0868,2926.8321753599994,1600,1200
val,frame_0369_85.003.jpg,5,Box,0.174783,0.212174,0.037084408241999996,279.6528,254.6088,71202.06382464,1600,1200
val,frame_0375_85.961.jpg,3,Wheel Support,0.101739,0.158261,0.016101315879,162.7824,189.91320000000002,30914.526487680003,1600,1200
val,frame_0375_85.961.jpg,2,Wheel,0.101739,0.118261,0.012031755879,162.7824,141.91320000000002,23100.971287680004,1600,1200
val,frame_0378_86.678.jpg,7,Nut,0.024783,0.04,0.00099132,39.6528,48.0,1903.3344,1600,1200
val,frame_0380_88.003.jpg,7,Nut,0.022174,0.043478,0.0009640811720000001,35.4784,52.1736,1851.03585024,1600,1200
val,frame_0381_88.446.jpg,7,Nut,0.023478,0.029565,0.0006941270699999999,37.5648,35.478,1332.7239744,1600,1200
val,frame_0387_88.989.jpg,7,Nut,0.026087,0.033043,0.0008619927410000001,41.7392,39.6516,1655.02606272,1600,1200
val,frame_0387_88.989.jpg,7,Nut,0.041739,0.043478,0.001814728242,66.7824,52.1736,3484.2782246399997,1600,1200
val,frame_0387_88.989.jpg,7,Nut,0.027391,0.038261,0.0010480070510000001,43.825599999999994,45.9132,2012.17353792,1600,1200
val,frame_0484_113.142.jpg,4,Wrench,0.078261,0.360348,0.028201194828,125.21759999999999,432.4176,54146.29406975999,1600,1200
val,frame_0486_113.668.jpg,5,Box,0.157826,0.264348,0.041720987448000006,252.52159999999998,317.21760000000006,80104.29590016001,1600,1200
val,frame_0491_114.152.jpg,3,Wheel Support,0.097826,0.153043,0.014971584518,156.5216,183.6516,28745.442274560002,1600,1200
val,frame_0508_118.164.jpg,3,Wheel Support,0.095217,0.16,0.01523472,152.3472,192.0,29250.662399999997,1600,1200
val,frame_0512_119.089.jpg,4,Wrench,0.108261,0.410782,0.044471670102,173.2176,492.9384,85385.60659584,1600,1200
val,frame_0518_121.230.jpg,7,Nut,0.031304,0.038261,0.001197722344,50.0864,45.9132,2299.62690048,1600,1200
val,frame_0535_125.687.jpg,3,Wheel Support,0.100435,0.168696,0.01694298276,160.696,202.4352,32530.526899200002,1600,1200
val,frame_0538_126.220.jpg,4,Wrench,0.12913,0.309913,0.04001906569,206.608,371.8956,76836.6061248,1600,1200
val,frame_0539_126.383.jpg,4,Wrench,0.135652,0.306434,0.041568384968,217.04319999999998,367.7208,79811.29913855999,1600,1200
val,frame_0597_140.647.jpg,3,Wheel Support,0.103043,0.168696,0.017382941928000002,164.8688,202.4352,33375.24850176,1600,1200
val,frame_0598_140.901.jpg,3,Wheel Support,0.097826,0.166957,0.016332735482,156.5216,200.3484,31358.85212544,1600,1200
val,frame_0599_141.088.jpg,9,Table,0.966696,0.92,0.8893603200000001,1546.7136,1104.0,1707571.8144,1600,1200
val,frame_0601_141.305.jpg,3,Wheel Support,0.123913,0.158261,0.019610595293,198.2608,189.91320000000002,37652.342962560004,1600,1200
val,frame_0601_141.305.jpg,3,Wheel Support,0.104348,0.182609,0.019054883932,166.9568,219.1308,36585.37714944,1600,1200
val,frame_0697_166.500.jpg,6,Flange,0.06913,0.092174,0.00637198862,110.60799999999999,110.6088,12234.2181504,1600,1200
val,frame_0697_166.500.jpg,6,Flange,0.074348,0.104348,0.007758065103999999,118.9568,125.21759999999999,14895.484999679999,1600,1200
val,frame_0697_166.500.jpg,2,Wheel,0.144783,0.203478,0.029460155273999998,231.65279999999998,244.1736,56563.49812608,1600,1200
val,frame_0710_171.128.jpg,0,Bolt,0.048261,0.074783,0.003609102363,77.2176,89.7396,6929.47653696,1600,1200
val,frame_0712_171.377.jpg,1,Frame,0.545217,0.577391,0.314803388847,872.3471999999999,692.8692,604422.5065862399,1600,1200
val,frame_0728_175.946.jpg,1,Frame,0.63,0.671304,0.42292152,1008.0,805.5648,812009.3184,1600,1200
val,frame_0736_177.072.jpg,2,Wheel,0.083478,0.111304,0.009291435312,133.5648,133.5648,17839.555799039998,1600,1200
val,frame_0746_179.643.jpg,2,Wheel,0.071739,0.116522,0.008359171758,114.7824,139.8264,16049.60977536,1600,1200
val,frame_0746_179.643.jpg,3,Wheel Support,0.096522,0.123478,0.011918343516,154.4352,148.1736,22883.21955072,1600,1200
val,frame_0746_179.643.jpg,3,Wheel Support,0.108261,0.147826,0.016003790586000002,173.2176,177.39120000000003,30727.277925120005,1600,1200
val,frame_0746_179.643.jpg,1,Frame,0.532174,0.490435,0.26099675569,851.4784000000001,588.522,501113.7709248001,1600,1200
val,frame_0751_181.117.jpg,6,Flange,0.071739,0.123478,0.008858188242,114.7824,148.1736,17007.72142464,1600,1200
val,frame_0751_181.117.jpg,3,Wheel Support,0.106957,0.173913,0.018601212741,171.1312,208.6956,35714.328462720005,1600,1200
val,frame_0753_181.585.jpg,3,Wheel Support,0.103043,0.194783,0.020071024669,164.8688,233.73960000000002,38536.36736448,1600,1200
val,frame_0755_181.738.jpg,3,Wheel Support,0.123913,0.168696,0.020903627448,198.2608,202.4352,40134.96470016,1600,1200
val,frame_0755_181.738.jpg,2,Wheel,0.185217,0.181217,0.033564469088999994,296.3472,217.4604,64443.78065088,1600,1200
val,frame_0755_181.738.jpg,6,Flange,0.06,0.097391,0.00584346,96.0,116.8692,11219.443200000002,1600,1200
val,frame_0767_184.925.jpg,6,Flange,0.061304,0.071304,0.004371220416,98.0864,85.5648,8392.74319872,1600,1200
val,frame_0767_184.925.jpg,6,Flange,0.043043,0.062609,0.002694879187,68.8688,75.1308,5174.168039039999,1600,1200
val,frame_0767_184.925.jpg,6,Flange,0.045652,0.067826,0.003096392552,73.0432,81.3912,5945.07369984,1600,1200
val,frame_0779_186.228.jpg,2,Wheel,0.11087,0.170435,0.01889612845,177.392,204.522,36280.566624,1600,1200
val,frame_0779_186.228.jpg,0,Bolt,0.084783,0.04,0.0033913199999999998,135.65279999999998,48.0,6511.3344,1600,1200
val,frame_0779_186.228.jpg,5,Box,0.216522,0.44,0.09526968,346.4352,528.0,182917.7856,1600,1200
val,frame_0783_187.302.jpg,2,Wheel,0.123913,0.175652,0.021765566276,198.2608,210.7824,41789.88724991999,1600,1200
val,frame_0815_226.012.jpg,10,Washer,0.023478,0.034783,0.000816635274,37.5648,41.7396,1567.9397260800001,1600,1200
val,frame_0815_226.012.jpg,6,Flange,0.035391,0.08,0.00283128,56.6256,96.0,5436.0576,1600,1200
val,frame_0815_226.012.jpg,6,Flange,0.041739,0.066087,0.0027584052930000004,66.7824,79.30440000000002,5296.138162560001,1600,1200
val,frame_0835_231.605.jpg,2,Wheel,0.092609,0.17913,0.01658905017,148.1744,214.95600000000002,31850.9763264,1600,1200
val,frame_0835_231.605.jpg,7,Nut,0.018261,0.024348,0.00044461882800000003,29.217599999999997,29.2176,853.66814976,1600,1200
val,frame_0835_231.605.jpg,7,Nut,0.022174,0.033043,0.000732695482,35.4784,39.6516,1406.7753254400002,1600,1200
val,frame_0835_231.605.jpg,2,Wheel,0.078261,0.125217,0.009799607637,125.21759999999999,150.2604,18815.246663039998,1600,1200
val,frame_0851_235.707.jpg,7,Nut,0.026087,0.031304,0.0008166274479999999,41.7392,37.5648,1567.9247001599997,1600,1200
val,frame_0851_235.707.jpg,7,Nut,0.026087,0.029565,0.000771262155,41.7392,35.478,1480.8233376,1600,1200
val,frame_0851_235.707.jpg,10,Washer,0.024783,0.034783,0.000862027089,39.6528,41.7396,1655.09201088,1600,1200
val,frame_0851_235.707.jpg,2,Wheel,0.082174,0.14087,0.011575851379999998,131.4784,169.04399999999998,22225.634649599997,1600,1200
val,frame_0851_235.707.jpg,3,Wheel Support,0.095217,0.146087,0.013909965879,152.3472,175.3044,26707.134487679996,1600,1200
val,frame_0851_235.707.jpg,2,Wheel,0.086087,0.17913,0.01542076431,137.73919999999998,214.95600000000002,29607.867475199997,1600,1200
val,frame_0910_219.886.jpg,2,Wheel,0.108261,0.137391,0.014874087051,173.2176,164.8692,28558.247137920003,1600,1200
val,frame_0910_219.886.jpg,2,Wheel,0.09,0.128696,0.01158264,144.0,154.4352,22238.6688,1600,1200
val,frame_0910_219.886.jpg,2,Wheel,0.104348,0.172174,0.017966012551999998,166.9568,206.6088,34494.74409984,1600,1200
val,frame_0989_237.966.jpg,4,Wrench,0.378261,0.153043,0.057890198223000004,605.2176000000001,183.6516,111149.18058816002,1600,1200
val,frame_0989_237.966.jpg,0,Bolt,0.043043,0.041739,0.0017965717769999998,68.8688,50.0868,3449.4178118399996,1600,1200
val,IMG_037380.jpg,9,Table,0.611739,0.626087,0.38300183529299997,3494.253168,2682.156708,9372134.574001452,5712,4284
val,IMG_037386.jpg,9,Table,0.816232,0.624348,0.509612816736,4662.3171839999995,2674.706832,12470331.6249958,5712,4284
val,IMG_037388.jpg,9,Table,0.83942,0.573913,0.48175405046,4794.767040000001,2458.643292,11788621.819598699,5712,4284
val,IMG_038416.jpg,1,Frame,0.44058,0.128696,0.05670088368000001,2516.59296,551.333664,1387482.4174334053,5712,4284
val,IMG_038416.jpg,3,Wheel Support,0.081159,0.067826,0.005504690333999999,463.58020799999997,290.566584,134700.91744856947,5712,4284
val,IMG_038416.jpg,9,Table,0.755536,0.523478,0.395506474208,4315.621632,2242.579752,9678125.689216396,5712,4284
val,IMG_038418.jpg,3,Wheel Support,0.088116,0.064348,0.0056700883680000005,503.318592,275.666832,138748.24174334056,5712,4284
val,IMG_038418.jpg,1,Frame,0.514783,0.107826,0.055506991758,2940.440496,461.92658400000005,1358267.633772546,5712,4284
val,IMG_038418.jpg,9,Table,0.797681,0.566957,0.452250826717,4556.353872,2428.843788,11066671.797936946,5712,4284
val,IMG_7437.jpeg,8,Support,0.915942,0.68,0.6228405600000001,1406.886912,1392.64,1959286.98912768,1536,2048
val,IMG_7437.jpeg,1,Frame,0.848696,0.413913,0.351286307448,1303.597056,847.693824,1105051.1733557822,1536,2048
val,IMG_7439.jpeg,8,Support,0.907652,0.709565,0.64403809138,1394.153472,1453.18912,2025968.6571206246,1536,2048
val,IMG_7439.jpeg,1,Frame,0.848696,0.384348,0.326194610208,1303.597056,787.144704,1026119.5187803915,1536,2048
val,IMG_7475.jpeg,8,Support,0.693333,0.70087,0.48593629970999996,1064.959488,1435.38176,1528623.4242141389,1536,2048
val,IMG_7475.jpeg,1,Frame,0.77913,0.323478,0.25203141413999997,1196.74368,662.482944,792822.2763397939,1536,2048
val,IMG_7479.jpeg,1,Frame,1.0,0.810435,0.810435,2048.0,1244.82816,2549408.07168,2048,1536
val,IMG_7490.jpeg,1,Frame,0.872609,0.848696,0.7405797678639999,1787.103232,1303.597056,2329662.512003285,2048,1536
val,IMG_7498.jpeg,3,Wheel Support,0.157681,0.184348,0.029068176988,242.198016,377.544704,91440.57826010727,1536,2048
val,IMG_7529.jpeg,5,Box,0.892754,0.457391,0.40833764481400003,1371.270144,936.736768,1284519.1627454546,1536,2048
val,IMG_7529.jpeg,5,Box,0.410435,0.081739,0.033548546465,630.4281599999999,167.401472,105534.60197425152,1536,2048
val,IMG_7558.jpeg,7,Nut,0.064928,0.048696,0.0031617338880000003,99.729408,99.729408,9945.954820030465,1536,2048
val,IMG_7558.jpeg,7,Nut,0.048696,0.036522,0.0017784753120000001,74.797056,74.797056,5594.599586267135,1536,2048
val,IMG_7558.jpeg,7,Nut,0.046377,0.041739,0.001935729603,71.235072,85.481472,6089.278812585984,1536,2048
val,IMG_7558.jpeg,7,Nut,0.06029,0.033043,0.0019921624700000003,92.60544,67.672064,6266.801262428161,1536,2048
val,IMG_7558.jpeg,7,Nut,0.055652,0.043478,0.002419637656,85.481472,89.042944,7611.521924333568,1536,2048
val,IMG_7558.jpeg,7,Nut,0.053333,0.043478,0.002318812174,81.919488,89.042944,7294.352382492672,1536,2048
val,IMG_7558.jpeg,7,Nut,0.064928,0.034783,0.002258390624,99.729408,71.235584,7104.282620854273,1536,2048
val,IMG_7561.jpeg,2,Wheel,0.183188,0.114783,0.021026868203999998,281.37676799999997,235.075584,66144.8080616325,1536,2048
val,IMG_7561.jpeg,2,Wheel,0.194783,0.154783,0.030149097089,299.186688,316.995584,94840.8588875858,1536,2048
val,IMG_7561.jpeg,2,Wheel,0.150725,0.113043,0.017038406175,231.5136,231.512064,53598.1913800704,1536,2048
val,IMG_7561.jpeg,2,Wheel,0.13913,0.093913,0.01306611569,213.70368000000002,192.333824,41102.44597727232,1536,2048
val,IMG_7592.jpeg,7,Nut,0.051014,0.034783,0.001774419962,78.35750399999999,71.235584,5581.842558222335,1536,2048
val,IMG_7602.jpeg,3,Wheel Support,0.649275,0.594783,0.386177732325,997.2864000000001,1218.115584,1214810.1055512575,1536,2048
val,IMG_7611.jpeg,3,Wheel Support,0.57971,0.549565,0.31858832614999993,890.4345599999999,1125.50912,1002192.218043187,1536,2048
val,IMG_7612.jpeg,3,Wheel Support,0.614493,0.596522,0.366558593346,943.8612479999999,1221.677056,1153093.6307291258,1536,2048
val,IMG_7613.jpeg,3,Wheel Support,0.565797,0.551304,0.311926149288,869.064192,1129.070592,981234.8217474418,1536,2048
val,IMG_7622.jpeg,3,Wheel Support,0.642319,0.471304,0.302727513976,986.6019839999999,965.230592,952298.4170846945,1536,2048
val,IMG_7634.jpeg,3,Wheel Support,0.626087,0.394783,0.24716850412099997,961.6696319999999,808.515584,777524.884131545,1536,2048
val,IMG_7647.jpeg,3,Wheel Support,0.707246,0.448696,0.317338451216,1086.329856,918.929408,998260.4514668053,1536,2048
val,IMG_7648.jpeg,3,Wheel Support,0.704522,0.509565,0.35899975293,1082.145792,1043.58912,1129315.5747849832,1536,2048
val,IMG_7666.jpeg,3,Wheel Support,0.82087,0.634783,0.52107432121,1260.8563199999999,1300.035584,1639158.0823112908,1536,2048
val,IMG_7670.jpeg,3,Wheel Support,0.568116,0.438261,0.248983086276,872.626176,897.558528,783233.0660248289,1536,2048
val,IMG_7674.jpeg,3,Wheel Support,0.781449,0.754783,0.5898244205669999,1200.305664,1545.795584,1855427.1948613876,1536,2048
val,IMG_7683.jpeg,3,Wheel Support,0.825507,0.577391,0.476640312237,1267.978752,1182.496768,1499380.7761326735,1536,2048
val,IMG_7693.jpeg,3,Wheel Support,0.609855,0.405217,0.247123613535,936.73728,829.884416,777383.6705582285,1536,2048
val,IMG_7699.jpeg,3,Wheel Support,0.493913,0.384348,0.189834473724,758.650368,787.144704,597167.6193588511,1536,2048
val,IMG_7702.jpeg,3,Wheel Support,0.584348,0.46087,0.26930846276,897.558528,943.86176,847171.1719410893,1536,2048
val,IMG_7703.jpeg,3,Wheel Support,0.732754,0.587826,0.430731852804,1125.510144,1203.867648,1354965.2498574213,1536,2048
val,IMG_7725.jpeg,7,Nut,0.29913,0.22087,0.06606884310000001,459.46368,452.34176,207834.60966727682,1536,2048
val,IMG_7741.jpeg,7,Nut,0.222609,0.191304,0.042585992136,341.927424,391.790592,133963.947869995,1536,2048
val,IMG_7742.jpeg,7,Nut,0.197101,0.175652,0.034621184852,302.747136,359.735296,108908.83058211226,1536,2048
val,IMG_7761.jpeg,7,Nut,0.313043,0.250435,0.07839692370500001,480.83404800000005,512.89088,246615.39801268227,1536,2048
val,IMG_7792.jpeg,7,Nut,0.250435,0.212174,0.05313579569,384.66816000000006,434.532352,167150.76030431234,1536,2048
val,IMG_7802.jpeg,7,Nut,0.076522,0.062609,0.004790965898,117.53779200000001,128.223232,15071.075572383745,1536,2048
val,IMG_7803.jpeg,7,Nut,0.06029,0.050435,0.0030407261500000004,92.60544,103.29088,9565.2973903872,1536,2048
val,IMG_7818.jpeg,7,Nut,0.113623,0.088696,0.010077905608,174.524928,181.649408,31702.34985244262,1536,2048
val,IMG_7821.jpeg,3,Wheel Support,0.412754,0.314783,0.129927942382,633.990144,644.675584,408717.96633344406,1536,2048
val,IMG_7825.jpeg,3,Wheel Support,0.428986,0.387826,0.166371924436,658.9224959999999,794.267648,523360.82111220935,1536,2048
val,IMG_7840.jpeg,3,Wheel Support,0.813913,0.596522,0.485517010586,1250.170368,1221.677056,1527304.4546766768,1536,2048
val,IMG_7841.jpeg,3,Wheel Support,0.830145,0.615652,0.51108042954,1275.10272,1260.855296,1607720.017456005,1536,2048
val,IMG_7843.jpeg,3,Wheel Support,0.771768,0.513043,0.395950170024,1185.4356480000001,1050.712064,1245551.5364492578,1536,2048
val,IMG_7844.jpeg,3,Wheel Support,0.711884,0.577391,0.41103541464399995,1093.453824,1182.496768,1293005.6128372408,1536,2048
val,IMG_7877.jpeg,10,Washer,0.162319,0.13913,0.02258344247,249.321984,284.93824,71041.36731426815,1536,2048
val,IMG_7885.jpeg,10,Washer,0.310725,0.206957,0.064306713825,477.2736,423.847936,202291.4302672896,1536,2048
val,IMG_7897.jpeg,10,Washer,0.176232,0.118261,0.020841372552,270.692352,242.198528,65561.28919525786,1536,2048
val,IMG_7914.jpeg,10,Washer,0.090435,0.073043,0.006605643705,138.90816,149.592064,20779.558360842242,1536,2048
val,IMG_7917.jpeg,10,Washer,0.111304,0.093913,0.010452892552,170.962944,192.333824,32881.956781817855,1536,2048
val,IMG_7920.jpeg,10,Washer,0.150725,0.104348,0.015727852299999998,231.5136,213.704704,49475.5453599744,1536,2048
val,IMG_7937.jpeg,4,Wrench,0.537971,0.394783,0.212381805293,826.323456,808.515584,668095.3916007383,1536,2048
val,IMG_7944.jpeg,4,Wrench,0.915942,0.424348,0.388678155816,1406.886912,869.064704,1222675.757738754,1536,2048
val,IMG_7975.jpeg,4,Wrench,0.871884,0.730435,0.63685458954,1339.213824,1495.93088,2003371.3142444848,1536,2048
val,IMG_7976.jpeg,4,Wrench,0.877507,0.676522,0.593652790654,1347.850752,1385.517056,1867470.205838426,1536,2048
val,IMG_7977.jpeg,4,Wrench,0.862609,0.653913,0.564071239017,1324.967424,1339.213824,1774414.6905704692,1536,2048
val,IMG_7989.jpeg,4,Wrench,0.863594,0.556522,0.48060906006799997,1326.480384,1139.757056,1511865.3773095894,1536,2048
val,IMG_7989.jpeg,2,Wheel,0.222202,0.163478,0.036325138556,341.302272,334.802944,114269.00545948878,1536,2048
val,IMG_7989.jpeg,2,Wheel,0.176232,0.126957,0.022373886024,270.692352,260.007936,70382.15973450548,1536,2048
val,IMG_7989.jpeg,2,Wheel,0.150725,0.097391,0.014679258475,231.5136,199.456768,46176.9544040448,1536,2048
val,IMG_7989.jpeg,2,Wheel,0.136812,0.109565,0.014989806779999998,210.14323199999998,224.38912,47153.854902435836,1536,2048
val,IMG_8016.jpeg,4,Wrench,0.806957,0.702956,0.5672552648920001,1239.485952,1439.653888,1784430.7699181815,1536,2048
val,IMG_8016.jpeg,2,Wheel,0.236522,0.175652,0.041545562344,363.297792,359.735296,130691.03874126644,1536,2048
val,IMG_8016.jpeg,3,Wheel Support,0.118261,0.09913,0.01172321293,181.648896,203.01824,36878.03916386304,1536,2048
val,IMG_8016.jpeg,6,Flange,0.104348,0.062609,0.006533123932,160.278528,128.223232,20551.430880362495,1536,2048
val,IMG_8016.jpeg,7,Nut,0.055652,0.052174,0.002903587448,85.481472,106.852352,9133.896335622143,1536,2048
val,IMG_8016.jpeg,7,Nut,0.069565,0.050435,0.003508510775,106.85184000000001,103.29088,11036.820583219202,1536,2048
val,IMG_8016.jpeg,7,Nut,0.062609,0.050435,0.003157684915,96.167424,103.29088,9933.217852293119,1536,2048
val,IMG_8016.jpeg,2,Wheel,0.314956,0.154783,0.048749834548000005,483.772416,316.995584,153353.71953301097,1536,2048
val,IMG_8023.jpeg,4,Wrench,0.477681,0.744696,0.35572712997600003,733.718016,1525.137408,1119020.7931251426,1536,2048
val,IMG_8028.jpeg,4,Wrench,0.539884,0.405217,0.218770174828,829.261824,829.884416,688191.4645213349,1536,2048
val,IMG_8028.jpeg,2,Wheel,0.185507,0.121739,0.022583436673,284.938752,249.321472,71041.34907848295,1536,2048
val,IMG_8028.jpeg,3,Wheel Support,0.262029,0.130435,0.034177752615,402.476544,267.13088,107513.91337807871,1536,2048
val,IMG_8028.jpeg,3,Wheel Support,0.204058,0.172174,0.035133482092,313.433088,352.612352,110520.37835430297,1536,2048
val,IMG_8028.jpeg,2,Wheel,0.236522,0.187826,0.044424981172,363.297792,384.667648,139748.90717223322,1536,2048
val,IMG_8028.jpeg,2,Wheel,0.345507,0.229565,0.079316314455,530.698752,470.14912,249507.55123789824,1536,2048
val,IMG_8028.jpeg,7,Nut,0.076522,0.064348,0.004924037656000001,117.53779200000001,131.784704,15489.68312753357,1536,2048
val,IMG_8028.jpeg,7,Nut,0.064928,0.041739,0.002710029792,99.729408,85.481472,8525.016597528576,1536,2048
val,IMG_8028.jpeg,7,Nut,0.064928,0.041739,0.002710029792,99.729408,85.481472,8525.016597528576,1536,2048
val,IMG_8028.jpeg,7,Nut,0.064928,0.043478,0.0028229395840000003,99.729408,89.042944,8880.200091697154,1536,2048
val,IMG_8028.jpeg,7,Nut,0.06029,0.043478,0.0026212886200000004,92.60544,89.042944,8245.861008015361,1536,2048
val,IMG_8028.jpeg,7,Nut,0.051014,0.041739,0.0021292733459999996,78.35750399999999,85.481472,6698.114784165887,1536,2048
val,IMG_8030.jpeg,4,Wrench,0.575072,0.387826,0.223027873472,883.310592,794.267648,701585.0263613276,1536,2048
val,IMG_8030.jpeg,2,Wheel,0.185507,0.130435,0.024196605545,284.938752,267.13088,76115.93956786176,1536,2048
val,IMG_8030.jpeg,2,Wheel,0.229565,0.125217,0.028745440605,352.61184,256.444416,90425.33738348543,1536,2048
val,IMG_8030.jpeg,2,Wheel,0.282899,0.227826,0.064451747574,434.532864,466.587648,202747.66699246387,1536,2048
val,IMG_8030.jpeg,7,Nut,0.041739,0.036522,0.001524391758,64.111104,74.797056,4795.321836109823,1536,2048
val,IMG_8030.jpeg,7,Nut,0.046377,0.031304,0.0014517856079999999,71.235072,64.110592,4566.922637082624,1536,2048
val,IMG_8030.jpeg,7,Nut,0.053333,0.041739,0.0022260660869999997,81.919488,85.481472,7002.598419726336,1536,2048
val,IMG_8030.jpeg,7,Nut,0.03942,0.033043,0.00130255506,60.549119999999995,67.672064,4097.48392378368,1536,2048
val,IMG_8030.jpeg,7,Nut,0.069565,0.045217,0.003145520605,106.85184000000001,92.604416,9894.952241725441,1536,2048
val,IMG_8030.jpeg,7,Nut,0.085797,0.048696,0.004177970712,131.784192,99.729408,13142.759451918337,1536,2048
val,IMG_8030.jpeg,7,Nut,0.064928,0.045217,0.002935849376,99.729408,92.604416,9235.38358586573,1536,2048
val,IMG_8030.jpeg,7,Nut,0.06029,0.050435,0.0030407261500000004,92.60544,103.29088,9565.2973903872,1536,2048
val,IMG_8030.jpeg,7,Nut,0.044058,0.034783,0.0015324694140000001,67.673088,71.235584,4820.731944763393,1536,2048
val,IMG_8032.jpeg,4,Wrench,0.723478,0.61913,0.44792693413999995,1111.2622079999999,1267.97824,1409056.2986783537,1536,2048
val,IMG_8037.jpeg,4,Wrench,0.977217,0.33913,0.33140360121,1501.005312,694.53824,1042505.5876271308,1536,2048
val,IMG_8046.jpeg,4,Wrench,0.656232,0.686957,0.45080316602400006,1007.972352,1406.887936,1418104.1418503455,1536,2048
val,IMG_8054.jpeg,0,Bolt,0.389565,0.288696,0.11246585724000001,598.37184,591.249408,353786.99616387073,1536,2048
val,IMG_8057.jpeg,0,Bolt,0.278261,0.175652,0.048877101172,427.40889599999997,359.735296,153754.0657155932,1536,2048
val,IMG_8057.jpeg,2,Wheel,0.248116,0.177391,0.044013545356,381.106176,363.296768,138454.64200563915,1536,2048
val,IMG_8057.jpeg,3,Wheel Support,0.238841,0.186087,0.044445205167,366.859776,381.106176,139812.5263595766,1536,2048
val,IMG_8057.jpeg,3,Wheel Support,0.244464,0.156522,0.038263994207999995,375.49670399999997,320.557056,120368.11797194341,1536,2048
val,IMG_8057.jpeg,3,Wheel Support,0.212927,0.172174,0.036660493298,327.055872,352.612352,115323.94026133095,1536,2048
val,IMG_8066.jpeg,0,Bolt,0.364058,0.227826,0.08294187790799999,559.193088,466.587648,260912.587707777,1536,2048
val,IMG_8067.jpeg,0,Bolt,0.243478,0.116522,0.028370543516,373.982208,238.637056,89246.01311349965,1536,2048
val,IMG_8067.jpeg,1,Frame,0.924812,0.766957,0.709291037084,1420.5112319999998,1570.727936,2231236.675504177,1536,2048
val,IMG_8068.jpeg,0,Bolt,0.347826,0.25913,0.09013215138000001,534.2607360000001,530.69824,283531.2322963047,1536,2048
val,IMG_8068.jpeg,1,Frame,0.834376,0.74087,0.61816414712,1281.6015360000001,1517.30176,1944576.2661915037,1536,2048
val,IMG_8086.jpeg,0,Bolt,0.231884,0.08,0.01855072,356.173824,163.84,58355.51932416001,1536,2048
val,IMG_8086.jpeg,1,Frame,0.998086,0.862608,0.8609569682880001,1533.0600960000002,1766.621184,2708336.441938674,1536,2048
val,IMG_8095.jpeg,0,Bolt,0.371014,0.113043,0.041940535602,569.877504,231.512064,131933.51717820828,1536,2048
val,IMG_8101.jpeg,0,Bolt,0.22029,0.375652,0.08275237908000001,338.36544000000004,769.335296,260316.47593857025,1536,2048
val,IMG_8103.jpeg,0,Bolt,0.183188,0.342609,0.062761857492,281.37676799999997,701.663232,197431.73244459415,1536,2048
val,IMG_8108.jpeg,6,Flange,0.14087,0.208696,0.029399005519999997,288.50176,320.557056,92481.27483641855,2048,1536
val,IMG_8109.jpeg,6,Flange,0.136957,0.17913,0.02453310741,280.487936,275.14368,77174.48290664448,2048,1536
val,IMG_8113.jpeg,6,Flange,0.15913,0.215652,0.03431670276,325.89824,331.24147200000004,107951.01273980929,2048,1536
val,IMG_8122.jpeg,6,Flange,0.146087,0.206957,0.030233727259,299.186176,317.885952,95107.08238299954,2048,1536
val,IMG_8134.jpeg,6,Flange,0.329275,0.238261,0.07845339077499999,505.7664,487.958528,246793.02805585918,1536,2048
val,IMG_8134.jpeg,7,Nut,0.129855,0.086957,0.011291801235000001,199.45728,178.087936,35520.93531537408,1536,2048
val,IMG_8134.jpeg,2,Wheel,0.827826,0.546434,0.45235227248399995,1271.540736,1119.096832,1422977.2094165483,1536,2048
val,IMG_8141.jpeg,6,Flange,0.229565,0.16,0.036730399999999996,352.61184,327.68,115543.84773119999,1536,2048
val,IMG_8145.jpeg,6,Flange,0.204058,0.147826,0.030165077908,313.433088,302.747648,94891.13019737703,1536,2048
val,IMG_8152.jpeg,6,Flange,0.201739,0.163478,0.032979888242,309.871104,334.802944,103745.75787973018,1536,2048
val,IMG_8152.jpeg,3,Wheel Support,0.461449,0.246957,0.113958060693,708.785664,505.767936,358481.0623476695,1536,2048
val,IMG_8152.jpeg,7,Nut,0.078841,0.076522,0.006033071002,121.09977599999999,156.717056,18978.400376979458,1536,2048
val,IMG_8152.jpeg,7,Nut,0.062609,0.053913,0.003375439017,96.167424,110.413824,10618.213028069376,1536,2048
val,IMG_8152.jpeg,2,Wheel,0.456812,0.30087,0.13744102644,701.663232,616.18176,432352.0852210483,1536,2048
val,IMG_8154.jpeg,2,Wheel,0.482319,0.313043,0.150986586717,740.841984,641.112064,474962.733460095,1536,2048
val,IMG_8155.jpeg,2,Wheel,0.477681,0.356522,0.170303785482,733.718016,730.157056,535729.386496721,1536,2048
val,IMG_8168.jpeg,2,Wheel,0.57971,0.372174,0.21575298954,890.4345599999999,762.212352,678700.2202796851,1536,2048
val,IMG_8170.jpeg,2,Wheel,0.517101,0.497391,0.257201383491,794.267136,1018.656768,809085.5936863766,1536,2048
val,IMG_8172.jpeg,2,Wheel,0.470725,0.507826,0.23904639385,723.0336,1040.027648,751974.9344329728,1536,2048
val,IMG_8182.jpeg,2,Wheel,0.551884,0.422609,0.23323114535600004,847.6938240000001,865.503232,733681.7444184392,1536,2048
val,IMG_8205.jpeg,2,Wheel,0.607536,0.438261,0.266259334896,933.1752959999999,897.558528,837579.4450437243,1536,2048
val,IMG_8239.jpeg,2,Wheel,0.306087,0.361739,0.11072360529299999,470.149632,740.841472,348306.3454311383,1536,2048
val,IMG_8245.jpeg,2,Wheel,0.173913,0.172174,0.029943296862,267.13036800000003,352.612352,94193.46735110554,1536,2048
val,IMG_8249.jpeg,2,Wheel,0.227246,0.194783,0.044263657618,349.049856,398.915584,139241.4271513559,1536,2048
val,IMG_8249.jpeg,3,Wheel Support,0.211014,0.196522,0.041468893308,324.117504,402.477056,130449.85880798822,1536,2048
val,IMG_8252.jpeg,2,Wheel,0.208696,0.156522,0.032665515311999994,320.557056,320.557056,102756.82615138713,1536,2048
val,IMG_8252.jpeg,3,Wheel Support,0.166957,0.147826,0.024680585482,256.445952,302.747648,77638.4088071209,1536,2048
val,IMG_8262.jpeg,2,Wheel,0.213333,0.14087,0.030052219709999998,327.679488,288.50176,94536.10900389888,1536,2048
val,IMG_8262.jpeg,3,Wheel Support,0.227246,0.182609,0.041497164814,349.049856,373.983232,130538.79327601458,1536,2048
val,IMG_8262.jpeg,3,Wheel Support,0.326957,0.288696,0.094391178072,502.205952,591.249408,296928.9718140764,1536,2048
val,IMG_8278.jpeg,6,Flange,0.169275,0.118261,0.020018630775,260.0064,242.198528,62973.1673505792,1536,2048
val,IMG_8308.jpeg,3,Wheel Support,0.544928,0.624348,0.340224706944,837.0094079999999,1278.664704,1070254.386925535,1536,2048
val,IMG_8327.jpeg,1,Frame,0.630725,0.902609,0.569298061525,968.7936,1848.543232,1790856.8524849152,1536,2048
val,IMG_8339.jpeg,1,Frame,0.898696,0.608696,0.5470326604160001,1840.529408,934.957056,1720815.9567851028,2048,1536
val,IMG_8346.jpeg,5,Box,0.298724,0.473043,0.141309297132,458.840064,968.792064,444520.61264845205,1536,2048
val,IMG_8346.jpeg,5,Box,0.454493,0.455652,0.207090644436,698.1012479999999,933.175296,651450.8387403693,1536,2048
val,IMG_8346.jpeg,5,Box,0.331594,0.403478,0.133790883932,509.328384,826.322944,420869.7297296425,1536,2048
val,IMG_8346.jpeg,3,Wheel Support,0.157681,0.161739,0.025503167259,242.198016,331.241472,80226.02733531955,1536,2048
val,IMG_8346.jpeg,3,Wheel Support,0.171594,0.161739,0.027753441966,263.568384,331.241472,87304.77948882124,1536,2048
val,IMG_8346.jpeg,3,Wheel Support,0.242144,0.175652,0.042533077888,371.933184,359.735296,133797.49403846246,1536,2048
val,IMG_8346.jpeg,2,Wheel,0.141449,0.168696,0.023861880504,217.265664,345.489408,75062.98563408692,1536,2048
val,IMG_8346.jpeg,2,Wheel,0.18087,0.186087,0.03365755569,277.81632,381.106176,105877.51534559233,1536,2048
val,IMG_8346.jpeg,2,Wheel,0.102029,0.142609,0.014550253661,156.716544,292.063232,45771.14034851021,1536,2048
val,IMG_8351.jpeg,5,Box,0.588986,0.556522,0.327783666692,904.682496,1139.757056,1031118.2582556917,1536,2048
val,IMG_8351.jpeg,7,Nut,0.055652,0.052174,0.002903587448,85.481472,106.852352,9133.896335622143,1536,2048
val,IMG_8351.jpeg,7,Nut,0.046377,0.045217,0.002097028809,71.235072,92.604416,6596.682241277952,1536,2048
val,IMG_8351.jpeg,7,Nut,0.037101,0.034783,0.001290484083,56.98713600000001,71.235584,4059.511913447425,1536,2048
val,IMG_8387.jpeg,5,Box,0.44058,0.424348,0.18695924184,676.7308800000001,869.064704,588122.9219148596,1536,2048
val,IMG_8387.jpeg,5,Box,0.282492,0.42087,0.11889240804000001,433.90771200000006,861.94176,374003.1769588532,1536,2048
val,IMG_8387.jpeg,3,Wheel Support,0.343188,0.166957,0.057297638915999996,527.136768,341.927936,180242.78707195082,1536,2048
val,IMG_8387.jpeg,3,Wheel Support,0.155362,0.151304,0.023506892047999998,238.636032,309.870592,73946.28850837094,1536,2048
val,IMG_8387.jpeg,2,Wheel,0.169275,0.166957,0.028261646175000002,260.0064,341.927936,88903.45169879039,1536,2048
val,IMG_8387.jpeg,2,Wheel,0.164638,0.18087,0.029778075060000003,252.883968,370.42176,93673.72450234368,1536,2048
val,IMG_8387.jpeg,1,Frame,0.267652,0.533913,0.14290288227599998,411.113472,1093.453824,449533.5980563169,1536,2048
val,IMG_8402.jpeg,3,Wheel Support,0.54029,0.405217,0.21893469293,829.88544,829.884416,688708.9937213031,1536,2048
val,IMG_8410.jpeg,3,Wheel Support,0.758261,0.509565,0.38638326646500004,1164.6888959999999,1043.58912,1215456.6600504115,1536,2048
val,IMG_8415.jpeg,3,Wheel Support,0.626087,0.413913,0.25914554843099996,961.6696319999999,847.693824,815201.4077747526,1536,2048
val,IMG_8433.jpeg,3,Wheel Support,0.324638,0.246957,0.08017162656599999,498.643968,505.767936,252198.13049421005,1536,2048
val,IMG_8433.jpeg,2,Wheel,0.336232,0.353043,0.11870435397599999,516.452352,723.032064,373411.61002421455,1536,2048
val,IMG_8435.jpeg,2,Wheel,0.41971,0.361739,0.15182547569,644.67456,740.841472,477601.64999135234,1536,2048
val,IMG_8435.jpeg,3,Wheel Support,0.333913,0.241739,0.08071979470700001,512.8903680000001,495.081472,253922.51836406175,1536,2048
val,IMG_8437.jpeg,2,Wheel,0.417391,0.302609,0.126306273119,641.112576,619.743232,397325.17992608564,1536,2048
val,IMG_8437.jpeg,3,Wheel Support,0.428986,0.262609,0.11265558447399998,658.9224959999999,537.823232,354383.826436227,1536,2048
val,IMG_8437.jpeg,5,Box,0.469391,0.733913,0.344492156983,720.9845760000001,1503.053824,1083678.6240018187,1536,2048
val,IMG_8444.jpeg,1,Frame,0.549565,0.173913,0.095576497845,844.13184,356.173824,300657.6654129562,1536,2048
val,IMG_8444.jpeg,3,Wheel Support,0.104348,0.083478,0.008710762343999999,160.278528,170.962944,27401.68900686643,1536,2048
val,IMG_8444.jpeg,9,Table,0.956348,0.605565,0.57913087662,1468.9505279999998,1240.19712,1821788.2142480793,1536,2048
val,IMG_8449.jpeg,1,Frame,0.851014,0.431304,0.36704574225600006,1307.157504,883.310592,1154626.0686954823,1536,2048
val,IMG_8449.jpeg,3,Wheel Support,0.132174,0.116522,0.015401178828000002,203.01926400000002,238.637056,48447.91947224679,1536,2048
val,IMG_8485.jpeg,7,Nut,0.108986,0.073043,0.007960664398,167.40249599999999,149.592064,25042.08489539174,1536,2048
val,IMG_8485.jpeg,3,Wheel Support,0.244464,0.175652,0.042940590528,375.49670399999997,359.735296,135079.41796046437,1536,2048
val,IMG_8486.jpeg,7,Nut,0.085797,0.055652,0.004774774644,131.784192,113.975296,15020.142291320832,1536,2048
val,IMG_8486.jpeg,3,Wheel Support,0.218956,0.156522,0.034271431032,336.316416,320.557056,107808.6001974313,1536,2048
val,IMG_8486.jpeg,5,Box,0.748986,0.427826,0.320435684436,1150.4424960000001,876.187648,1008003.5047294894,1536,2048
val,IMG_8509.jpeg,6,Flange,0.078841,0.052174,0.004113450334,121.09977599999999,106.852352,12939.79589227315,1536,2048
val,IMG_8509.jpeg,6,Flange,0.069565,0.055652,0.00387143138,106.85184000000001,113.975296,12178.470092144642,1536,2048
val,IMG_8509.jpeg,6,Flange,0.053333,0.048696,0.002597103768,81.919488,99.729408,8169.782041903105,1536,2048
val,IMG_8509.jpeg,5,Box,0.387246,0.250435,0.09697995201,594.809856,512.89088,305072.5504765133,1536,2048
val,IMG_8509.jpeg,5,Box,0.333913,0.271304,0.090591932552,512.8903680000001,555.630592,284977.5788029379,1536,2048
val,IMG_8509.jpeg,2,Wheel,0.204058,0.12,0.02448696,313.433088,245.76,77029.31570687999,1536,2048
val,IMG_8511.jpeg,6,Flange,0.148406,0.123478,0.018324876068000002,227.951616,252.882944,57645.075743637506,1536,2048
val,IMG_8511.jpeg,2,Wheel,0.475362,0.34087,0.16203664494,730.156032,698.10176,509723.2110138163,1536,2048
val,IMG_8511.jpeg,3,Wheel Support,0.498551,0.271304,0.135258880504,765.7743360000001,555.630592,425487.6476500869,1536,2048
val,IMG_8511.jpeg,7,Nut,0.083478,0.076522,0.006387903516,128.222208,156.717056,20094.606951579648,1536,2048
val,IMG_8511.jpeg,7,Nut,0.076522,0.058783,0.004498192726,117.53779200000001,120.387584,14150.09080757453,1536,2048
val,IMG_8511.jpeg,7,Nut,0.062609,0.048696,0.003048807864,96.167424,99.729408,9590.720264404992,1536,2048
val,IMG_8511.jpeg,7,Nut,0.069565,0.050435,0.003508510775,106.85184000000001,103.29088,11036.820583219202,1536,2048
val,IMG_8511.jpeg,6,Flange,0.18087,0.107826,0.01950248862,277.81632,220.827648,61349.52452161536,1536,2048
val,IMG_8591.jpeg,10,Washer,0.041739,0.027826,0.001161429414,64.111104,56.987648,3653.5410276433918,1536,2048
val,IMG_8591.jpeg,10,Washer,0.034783,0.038261,0.0013308323630000002,53.426688,78.358528,4186.436627595264,1536,2048
val,IMG_8591.jpeg,10,Washer,0.027826,0.026087,0.000725896862,42.740736,53.426176,2283.4740839055357,1536,2048
val,IMG_8598.jpeg,10,Washer,0.16,0.09913,0.0158608,245.76,203.01824,49893.7626624,1536,2048
val,IMG_8598.jpeg,5,Box,0.366377,0.34087,0.12488692799000001,562.755072,698.10176,392860.30621212674,1536,2048
val,IMG_8599.jpeg,10,Washer,0.118261,0.092174,0.010900589414000001,181.648896,188.772352,34290.289336123395,1536,2048
val,IMG_8622.jpeg,10,Washer,0.067246,0.046957,0.003157670422,103.289856,96.167936,9933.172261257216,1536,2048
val,IMG_8623.jpeg,10,Washer,0.069565,0.048696,0.0033875372400000003,106.85184000000001,99.729408,10656.27074691072,1536,2048
val,IMG_8628.jpeg,0,Bolt,0.127536,0.318261,0.040589734896000006,195.89529600000003,651.798528,127684.26557492431,1536,2048
val,IMG_8628.jpeg,1,Frame,0.999014,0.674782,0.6741166649479999,1534.485504,1381.953536,2120587.668193542,1536,2048
val,IMG_8655.jpeg,0,Bolt,0.213333,0.161739,0.034504266086999996,327.679488,331.241472,108541.03594932632,1536,2048
val,IMG_8655.jpeg,2,Wheel,0.944754,0.754782,0.7130833136279999,1451.142144,1545.793536,2243166.1460123807,1536,2048
val,IMG_8656.jpeg,0,Bolt,0.208696,0.182609,0.038109767864,320.557056,373.983232,119882.96384328499,1536,2048
val,IMG_8656.jpeg,2,Wheel,0.916928,0.775652,0.711217037056,1408.401408,1588.535296,2237295.347544097,1536,2048
val,IMG_8660.jpeg,0,Bolt,0.067246,0.102609,0.006900044814,103.289856,210.143232,21705.664172654593,1536,2048
val,IMG_8660.jpeg,10,Washer,0.044058,0.055652,0.002451915816,67.673088,113.975296,7713.060236034049,1536,2048
val,IMG_8660.jpeg,7,Nut,0.03942,0.038261,0.00150824862,60.549119999999995,78.358528,4744.53991489536,1536,2048
val,IMG_8660.jpeg,1,Frame,0.75229,0.709565,0.53379865385,1155.51744,1453.18912,1679185.371778253,1536,2048
val,IMG_8660.jpeg,0,Bolt,0.046377,0.048696,0.0022583743920000002,71.235072,99.729408,7104.231559397376,1536,2048
val,IMG_8660.jpeg,2,Wheel,0.273623,0.231304,0.06329009439200001,420.28492800000004,473.710592,199093.4220515574,1536,2048
val,IMG_8660.jpeg,5,Box,0.217565,0.366957,0.079836999705,334.17984,751.527936,251145.48540801022,1536,2048
val,IMG_8660.jpeg,2,Wheel,0.129449,0.151304,0.019586151496,198.833664,309.870592,61612.705173209084,1536,2048
val,IMG_8666.jpeg,6,Flange,0.201739,0.130435,0.026313826465,309.871104,267.13088,82776.14069809152,1536,2048
val,IMG_8666.jpeg,7,Nut,0.067246,0.048696,0.003274611216,103.289856,99.729408,10301.03619128525,1536,2048
val,IMG_8666.jpeg,2,Wheel,0.417391,0.297391,0.124128326881,641.112576,609.056768,390473.9534627144,1536,2048
val,IMG_8681.jpeg,8,Support,0.901623,0.793391,0.7153395735929999,1384.892928,1624.864768,2250263.7261595605,1536,2048
val,IMG_8956.jpeg,3,Wheel Support,0.093913,0.128696,0.012086227448,192.333824,197.677056,38019.98409754214,2048,1536
val,IMG_8956.jpeg,3,Wheel Support,0.088696,0.13913,0.01234027448,181.649408,213.70368000000002,38819.14695942144,2048,1536
val,IMG_8956.jpeg,2,Wheel,0.067826,0.118261,0.008021170586,138.907648,181.648896,25232.420905156607,2048,1536
val,IMG_8956.jpeg,5,Box,0.173478,0.24,0.04163472,355.282944,368.64,130971.50447615999,2048,1536
val,IMG_8956.jpeg,5,Box,0.156522,0.17913,0.02803778586,320.557056,275.14368,88199.24803780609,2048,1536
val,IMG_8956.jpeg,5,Box,0.17087,0.267826,0.04576342862,349.94176,411.380736,143959.29878593536,2048,1536
val,IMG_8956.jpeg,2,Wheel,0.079565,0.064348,0.00511984862,162.94912,98.838528,16105.651159695359,2048,1536
val,IMG_8956.jpeg,2,Wheel,0.09,0.104348,0.00939132,184.32,160.278528,29542.538280959998,2048,1536
val,IMG_8956.jpeg,1,Frame,0.418696,0.373913,0.156555877448,857.489408,574.330368,492482.2072527422,2048,1536
val,IMG_8963.jpeg,3,Wheel Support,0.058696,0.102609,0.006022737864,120.209408,157.607424,18945.895135444993,2048,1536
val,IMG_8963.jpeg,3,Wheel Support,0.054783,0.09913,0.005430638789999999,112.195584,152.26368,17083.31249958912,2048,1536
val,IMG_8963.jpeg,1,Frame,0.451304,0.391304,0.17659706041599998,924.270592,601.042944,555526.3176683029,2048,1536
val,IMG_8963.jpeg,5,Box,0.138261,0.114783,0.015870012362999997,283.158528,176.306688,49922.74225063527,2048,1536
val,IMG_8963.jpeg,5,Box,0.146087,0.206957,0.030233727259,299.186176,317.885952,95107.08238299954,2048,1536
val,IMG_8963.jpeg,5,Box,0.284348,0.276522,0.07862847765599999,582.344704,424.737792,247343.80375985356,2048,1536
val,IMG_8963.jpeg,4,Wrench,0.315652,0.146087,0.046112653723999995,646.455296,224.389632,145057.86597389108,2048,1536
val,IMG_8985.jpeg,1,Frame,0.586957,0.782609,0.45935783081299997,1202.087936,1202.087424,1445014.7904077168,2048,1536
val,IMG_9006.jpeg,5,Box,0.298696,0.391304,0.116880939584,611.729408,601.042944,367675.6443156972,2048,1536
val,IMG_9006.jpeg,5,Box,0.126522,0.206957,0.026184613554,259.117056,317.885952,82369.67202599731,2048,1536
val,IMG_9006.jpeg,5,Box,0.127826,0.16,0.02045216,261.787648,245.76,64336.93237248,2048,1536
val,IMG_9006.jpeg,5,Box,0.133043,0.182609,0.024294849187,272.472064,280.487424,76424.98734332313,2048,1536
val,IMG_9006.jpeg,5,Box,0.15913,0.172174,0.027398048619999997,325.89824,264.45926399999996,86186.80868929534,2048,1536
val,IMG_9006.jpeg,5,Box,0.251913,0.433043,0.109089161259,515.917824,665.154048,343164.82906895154,2048,1536
val,IMG_9006.jpeg,3,Wheel Support,0.122609,0.146087,0.017911580982999997,251.103232,224.389632,56344.96182249062,2048,1536
val,IMG_9006.jpeg,1,Frame,0.477391,0.582609,0.278132293119,977.696768,894.887424,874928.5421686457,2048,1536
val,IMG_9050.jpeg,1,Frame,0.41026,0.194782,0.07991126332000001,840.21248,299.185152,251379.098541097,2048,1536
val,IMG_9050.jpeg,5,Box,0.177391,0.224348,0.039797316067999994,363.296768,344.598528,125191.5314799575,2048,1536
val,IMG_9050.jpeg,5,Box,0.133043,0.213913,0.028459627258999996,272.472064,328.570368,89526.24633819955,2048,1536
val,IMG_9050.jpeg,5,Box,0.147391,0.208696,0.030759912135999996,301.856768,320.557056,96762.316883755,2048,1536
val,IMG_9050.jpeg,4,Wrench,0.586957,0.13913,0.08166332741,1202.087936,213.70368000000002,256890.6156068045,2048,1536
val,IMG_9050.jpeg,2,Wheel,0.127826,0.153043,0.019562874518,261.787648,235.074048,61539.482131759105,2048,1536
val,IMG_9050.jpeg,3,Wheel Support,0.101739,0.111304,0.011323957656,208.361472,170.962944,35622.09066929357,2048,1536
val,IMG_9054.jpeg,2,Wheel,0.253043,0.166956,0.042247047108,518.232064,256.444416,132897.71900495462,2048,1536
val,IMG_9054.jpeg,6,Flange,0.08087,0.102609,0.00829798983,165.62176,157.607424,26103.21895194624,2048,1536
val,IMG_9054.jpeg,6,Flange,0.062609,0.055652,0.003484316068,128.223232,85.481472,10960.710615957503,2048,1536
val,IMG_9054.jpeg,6,Flange,0.049565,0.069565,0.003447989225,101.50912,106.85184000000001,10846.436248780801,2048,1536
val,IMG_9054.jpeg,6,Flange,0.073043,0.085217,0.006224505331,149.592064,130.893312,19580.600705875968,2048,1536
val,IMG_9054.jpeg,0,Bolt,0.105652,0.093913,0.009922096275999999,216.375296,144.25036799999998,31212.21607410892,2048,1536
val,IMG_9054.jpeg,0,Bolt,0.093913,0.045217,0.004246464121,192.333824,69.453312,13358.221086425086,2048,1536
val,IMG_9054.jpeg,7,Nut,0.024783,0.041739,0.001034417637,50.755584,64.111104,3253.9965244047357,2048,1536
val,IMG_9054.jpeg,7,Nut,0.026087,0.036522,0.0009527494139999999,53.426176,56.097792,2997.0905086033918,2048,1536
val,IMG_9054.jpeg,7,Nut,0.02087,0.04,0.0008348,42.74176,61.44,2626.0537344,2048,1536
val,IMG_9054.jpeg,7,Nut,0.031304,0.031304,0.000979940416,64.110592,48.082944,3082.626004942848,2048,1536
val,IMG_9054.jpeg,7,Nut,0.026087,0.041739,0.0010888452929999999,53.426176,64.111104,3425.2111258583036,2048,1536
val,IMG_9054.jpeg,7,Nut,0.019565,0.031304,0.0006124627599999999,40.06912,48.082944,1926.6412530892799,2048,1536
val,IMG_9054.jpeg,7,Nut,0.024783,0.038261,0.000948222363,50.755584,58.768896000000005,2982.849637515264,2048,1536
val,IMG_9054.jpeg,7,Nut,0.026087,0.041739,0.0010888452929999999,53.426176,64.111104,3425.2111258583036,2048,1536
val,IMG_9054.jpeg,7,Nut,0.022174,0.038261,0.0008483994140000001,45.412352,58.768896000000005,2668.833791803392,2048,1536
val,IMG_9054.jpeg,7,Nut,0.026087,0.034783,0.000907384121,53.426176,53.426688,2854.3836361850877,2048,1536
val,IMG_9054.jpeg,5,Box,0.238696,0.377391,0.09008172213599999,488.849408,579.6725759999999,283372.59561143495,2048,1536
val,IMG_9054.jpeg,5,Box,0.24,0.384348,0.09224352,491.52,590.358528,290173.02368255996,2048,1536
val,IMG_9054.jpeg,5,Box,0.217826,0.342609,0.07462914803399999,446.107648,526.247424,234763.00058669876,2048,1536
val,IMG_9065.jpeg,4,Wrench,0.438261,0.177391,0.077743557051,897.558528,272.472576,244560.08423492813,2048,1536
val,IMG_9065.jpeg,3,Wheel Support,0.087391,0.170435,0.014894485084999999,178.976768,261.78816,46853.99877746688,2048,1536
val,IMG_9065.jpeg,3,Wheel Support,0.134348,0.16,0.02149568,275.144704,245.76,67619.56245504,2048,1536
val,IMG_9065.jpeg,5,Box,0.178696,0.186087,0.033253002552,365.969408,285.829632,104604.90121189786,2048,1536
val,IMG_9065.jpeg,5,Box,0.202174,0.273043,0.05520219548199999,414.052352,419.394048,173651.09198920088,2048,1536
val,IMG_9065.jpeg,1,Frame,0.578522,0.756522,0.437664620484,1184.813056,1162.017792,1376773.8512658924,2048,1536
val,IMG_9067.jpeg,5,Box,0.160435,0.165217,0.026506589395,328.57088,253.773312,83382.52044435455,2048,1536
val,IMG_9067.jpeg,5,Box,0.156522,0.191304,0.029943284687999998,320.557056,293.842944,94193.42905501285,2048,1536
val,IMG_9068.jpeg,5,Box,0.238696,0.25913,0.06185329448,488.849408,398.02368,194573.64033798143,2048,1536
val,IMG_9068.jpeg,5,Box,0.18913,0.281739,0.05328529707,387.33824,432.75110400000005,167621.05098141698,2048,1536
val,IMG_9073.jpeg,5,Box,0.224348,0.373913,0.083886633724,459.464704,574.330368,263884.53253133106,2048,1536
val,IMG_9073.jpeg,5,Box,0.319565,0.389565,0.124491339225,654.46912,598.37184,391615.8915575808,2048,1536
val,IMG_9080.jpeg,1,Frame,0.641739,0.683478,0.438614488242,1314.281472,1049.822208,1379761.8768685302,2048,1536
val,IMG_9084.jpeg,1,Frame,0.178696,0.54087,0.09665130552,365.969408,830.7763199999999,304038.7180108185,2048,1536
val,IMG_9084.jpeg,8,Support,0.523043,0.737391,0.385687200813,1071.192064,1132.632576,1213267.026839077,2048,1536
val,IMG_9087.jpeg,8,Support,0.474783,0.845217,0.401294662911,972.355584,1298.253312,1262363.8573696944,2048,1536
val,IMG_9096.jpeg,5,Box,0.336522,0.351304,0.118221524688,689.197056,539.602944,371892.76041373285,2048,1536
val,IMG_9096.jpeg,5,Box,0.118696,0.137391,0.016307762136,243.089408,211.032576,51299.783968555006,2048,1536
val,IMG_9096.jpeg,5,Box,0.134348,0.158261,0.021262048828,275.144704,243.08889600000003,66884.6223356068,2048,1536
val,IMG_9096.jpeg,5,Box,0.118696,0.146087,0.017339942552,243.089408,224.389632,54546.74280421786,2048,1536
val,IMG_9096.jpeg,5,Box,0.104348,0.151304,0.015788269791999997,213.704704,232.402944,49665.60235624857,2048,1536
val,IMG_9096.jpeg,2,Wheel,0.114783,0.168696,0.019363432968,235.075584,259.11705600000005,60912.09326356071,2048,1536
val,IMG_9096.jpeg,2,Wheel,0.088696,0.109565,0.00971797724,181.649408,168.29183999999998,30570.113107230714,2048,1536
val,IMG_9096.jpeg,2,Wheel,0.138261,0.163478,0.022602631758,283.158528,251.10220800000002,71101.73159482982,2048,1536
val,IMG_9096.jpeg,3,Wheel Support,0.097826,0.14087,0.013780748619999998,200.347648,216.37632,43350.486794895354,2048,1536
val,IMG_9096.jpeg,3,Wheel Support,0.114783,0.114783,0.013175137088999998,235.075584,176.306688,41445.397644705794,2048,1536
val,IMG_9096.jpeg,1,Frame,0.646957,0.44,0.28466108,1324.967936,675.84,895466.32986624,2048,1536
val,IMG_9099.jpeg,5,Box,0.113478,0.144348,0.016380322344,232.402944,221.718528,51528.038646546425,2048,1536
val,IMG_9099.jpeg,5,Box,0.104348,0.153043,0.015969730964,213.704704,235.074048,50236.42984592179,2048,1536
val,IMG_9099.jpeg,5,Box,0.108261,0.153043,0.016568588223,221.718528,235.074048,52120.271893561345,2048,1536
val,IMG_9099.jpeg,5,Box,0.28113,0.30087,0.0845835831,575.75424,462.13632000000007,266076.9456979968,2048,1536
val,IMG_9099.jpeg,3,Wheel Support,0.151304,0.156522,0.023682404687999998,309.870592,240.417792,74498.40353437286,2048,1536
val,IMG_9099.jpeg,3,Wheel Support,0.183913,0.193043,0.035503117258999996,376.653824,296.514048,111683.15004891955,2048,1536
val,IMG_9099.jpeg,3,Wheel Support,0.204783,0.177391,0.036326661153,419.395584,272.472576,114273.79513550438,2048,1536
val,IMG_9099.jpeg,3,Wheel Support,0.096522,0.102609,0.009904025898000001,197.677056,157.607424,31155.371580063744,2048,1536
val,IMG_9099.jpeg,2,Wheel,0.092609,0.128696,0.011918407864,189.663232,197.677056,37492.06933320499,2048,1536
val,IMG_9099.jpeg,2,Wheel,0.164348,0.154783,0.025438276484,336.584704,237.746688,80021.89860746035,2048,1536
val,IMG_9099.jpeg,2,Wheel,0.147391,0.184348,0.027171236068,301.856768,283.15852800000005,85473.31809371752,2048,1536
val,IMG_9099.jpeg,4,Wrench,0.401739,0.165217,0.066374112363,822.761472,253.773312,208794.90373543528,2048,1536
val,IMG_9099.jpeg,1,Frame,0.772174,0.462609,0.357214641966,1581.412352,710.567424,1123700.1012424212,2048,1536
val,IMG_9110.jpeg,3,Wheel Support,0.176087,0.238261,0.041954664706999996,360.626176,365.968896,131977.9634994217,2048,1536
val,IMG_9110.jpeg,3,Wheel Support,0.147391,0.126957,0.018712319186999997,301.856768,195.00595199999998,58863.866411483126,2048,1536
val,IMG_9110.jpeg,4,Wrench,0.319739,0.156522,0.050046187757999995,654.825472,240.417792,157431.69412359782,2048,1536
val,IMG_9110.jpeg,5,Box,0.157826,0.252174,0.039799613724,323.227648,387.339264,125198.75928077108,2048,1536
val,IMG_9110.jpeg,5,Box,0.161739,0.229565,0.037129613534999995,331.241472,352.61184,116799.66492622846,2048,1536
val,IMG_9110.jpeg,5,Box,0.15913,0.215652,0.03431670276,325.89824,331.24147200000004,107951.01273980929,2048,1536
val,IMG_9110.jpeg,5,Box,0.324174,0.471304,0.152784502896,663.908352,723.922944,480618.48872602836,2048,1536
val,IMG_9110.jpeg,1,Frame,0.858434,0.43826,0.37621728484,1758.072832,673.1673599999999,1183477.2470051635,2048,1536
val,IMG_9138.jpeg,5,Box,0.195652,0.318261,0.062268401172,400.695296,488.848896,195879.4530819932,2048,1536
val,IMG_9138.jpeg,5,Box,0.195652,0.306087,0.059886533724,400.695296,470.149632,188386.74595853107,2048,1536
val,IMG_9145.jpeg,6,Flange,0.086087,0.09913,0.008533804309999999,176.306176,152.26368,26845.027164487678,2048,1536
val,IMG_9145.jpeg,6,Flange,0.078261,0.067826,0.005308130586,160.278528,104.180736,16697.935012036607,2048,1536
val,IMG_9145.jpeg,6,Flange,0.065217,0.053913,0.003516044121,133.564416,82.81036800000001,11060.51844066509,2048,1536
val,IMG_9145.jpeg,0,Bolt,0.097826,0.08,0.00782608,200.347648,122.88,24618.718986239997,2048,1536
val,IMG_9145.jpeg,0,Bolt,0.054783,0.090435,0.004954300605,112.195584,138.90816,15584.882133565441,2048,1536
val,IMG_9145.jpeg,7,Nut,0.040435,0.04,0.0016174,82.81088,61.44,5087.9004672,2048,1536
val,IMG_9145.jpeg,7,Nut,0.028696,0.041739,0.0011977423439999998,58.769408,64.111104,3767.771628306432,2048,1536
val,IMG_9145.jpeg,3,Wheel Support,0.305217,0.36,0.10987812,625.084416,552.96,345646.67867136,2048,1536
